-1.457055386889965609e+00,-1.470133297215743262e+00,1.444881405216171588e+00,2.680153455874111357e-01
1.622940348619272610e+00,1.250355339922226916e+00,-1.790632666079491120e+00,2.259582148004962043e+00
-1.439402605747654329e+00,1.680325193585624266e+00,-2.736122042897748963e-01,1.573032694124736786e+00
2.423259837680329820e+00,-8.765347101617008141e-01,1.414024794432877874e+00,-9.004390864645825943e-01
-1.065431258680029858e+00,-5.140461640021515288e-01,2.847281028322428575e+00,-1.609300343534382227e-01
2.123629687790493659e+00,2.464363977767102476e+00,-3.908730552507765910e-01,2.259971827732862870e-01
-5.111131456477036039e-01,1.894441149934976920e+00,3.799098905396320891e-01,-1.532813603456655960e+00
-9.037386876079671616e-01,2.304510579714527108e+00,1.101257245834430964e+00,6.198597723718968222e-01
2.437524678762577057e+00,-1.935701412186567660e+00,9.273070982545553731e-01,2.543221246651253153e+00
-1.029963135651334571e+00,-2.664302994434535776e+00,-1.549752758791411944e+00,-1.085139027220713537e+00
1.377237218498588225e-02,8.965443823475592877e-01,2.498433479252098799e+00,5.697236893737347430e-01
-9.426973569307361966e-02,-2.778439694207177624e+00,2.558978207082140965e+00,-1.467864671522516762e+00
2.126811406818610362e+00,6.652197365186761635e-01,1.020435695464796177e+00,1.352649979517463796e+00
-1.798842983793973893e+00,-1.531537681716831079e-02,-1.002457244885294196e+00,-2.295085474340789577e+00
1.472684035836619776e+00,-6.987012687990363791e-01,-9.684527782322053246e-01,-2.432725877101370227e+00
-1.059295851678763833e+00,-2.097274372175233381e+00,-2.457655822086064756e-01,9.506934053330137191e-01
-1.329144509257990325e+00,-2.813291467854901917e+00,-3.002402218341325146e-01,1.993349972493840272e-01
9.177511732519141319e-01,1.452389296573399324e+00,-3.042714587499147250e+00,1.494183522291799404e+00
-1.045648387381102884e+00,-1.732096526945843928e+00,3.129446588857626388e+00,-1.188376010143434636e+00
-1.633707902947373336e+00,-1.426780332150344499e+00,2.838766776587814178e+00,-1.027611491155523193e+00
3.201231217902441362e+00,2.645798812023525404e+00,1.795589237865790055e+00,1.434296860445714028e+00
9.456468933768057139e-02,-3.256298596247699656e-02,2.600619410674850140e+00,2.457885112779333081e+00
1.619513367645928570e+00,3.411604378286339223e+00,-1.450197491391030269e+00,1.770032052344399087e+00
-3.336008634433406117e-01,-2.142046393443295837e+00,-2.672011301193936372e+00,-1.559061125627172029e+00
-1.166552032188249655e+00,2.539937107402864935e+00,1.785099077713172333e+00,2.740930456906787160e-01
2.715391951408929749e+00,-1.657166842611835555e+00,-9.578360865686489367e-01,-1.317677340388334839e+00
-2.027479992572235323e-01,9.794890964450834181e-01,2.199172477737941556e+00,5.880744667479324006e-01
1.261946991661443640e+00,1.002555188485358739e+00,-7.294267726425769371e-01,-2.167354408903054697e-01
1.372226464772298149e+00,-1.319934593962190261e+00,1.167952432410554797e+00,3.384956947746554090e-01
-1.155170209039762419e+00,-1.818792520737480656e+00,-1.293436370186405560e+00,3.345422434674306889e+00
1.608472054371099969e+00,-1.167750436323937491e+00,5.749696749810091490e-01,2.638498758097315156e-01
1.274219989334181902e+00,8.484071457348045520e-02,4.940928012636947586e-01,-7.239945734619559481e-01
-7.551973582036194399e-01,1.033000853697541910e+00,-1.351486710034371264e+00,-1.086639296434015689e+00
2.725452657500405884e+00,-2.404011644983422791e+00,1.127021074574075632e+00,7.966224199527562888e-01
7.021395813200088654e-01,-2.721947685455023969e+00,2.586404533420660901e+00,-2.577438334277615262e-01
1.433765591297136544e+00,1.700202088207761530e+00,-6.998902754080611466e-01,-3.240429947884747808e+00
-6.249171331048039013e-01,-2.629259560729235723e+00,-4.252470393976846841e-02,3.802052448117530514e-01
5.469562127654529204e-01,-1.713812881039800118e+00,2.532580379662965786e+00,-1.164835380705744550e+00
1.889757910687140718e+00,8.548867557558328389e-01,1.410975782784232302e-01,-2.586954178262213411e+00
-8.735882126295125838e-01,-9.065634039199546024e-01,-2.420584943017890733e+00,-4.327334492675338207e-01
-2.314862533349380858e+00,2.209428676772469125e+00,-2.250176962263347846e+00,-7.248694949779999064e-01
-9.852712812965089273e-02,-2.041319761337180516e+00,-2.604780592575920650e+00,1.330960748021970730e+00
-3.114199002599526978e+00,-2.048449394638316434e+00,-1.822426361441385145e+00,-2.302406753579303800e+00
-1.748974039235252409e+00,2.965240377496570545e+00,1.484540144219721691e+00,1.177974838342821684e+00
3.752940406383472594e-01,-6.892847606633815127e-01,-1.638496062530309105e+00,2.030391221959673587e+00
2.435020531706984404e+00,-2.303667077466494906e+00,1.346082723597573361e-01,-1.416714766290581018e-01
-1.890042868182953750e+00,-1.621618725800880068e+00,2.848612771986270609e+00,-7.975846460635266366e-01
1.149933195560199017e+00,-1.206558656321941259e+00,-2.113593864841277536e+00,4.425519718450373063e-01
-5.280353480588182435e-01,1.770776946206739311e+00,5.079544725264584226e-01,1.338463242511074291e+00
-1.379782408206694289e+00,1.557468954070030942e-01,-1.575090218960933930e+00,6.256097971822842663e-01
1.124573869000581594e-01,3.405258188047410317e-01,2.020796199466322385e+00,-1.114749544733248054e+00
-1.399892052702610190e+00,1.232189321937643411e+00,2.549085370904295988e+00,1.967966438089900683e+00
-1.493494270892352649e+00,2.026320804011072507e+00,4.580418810670073837e-01,-1.978511681301385883e+00
2.297576365145683308e+00,-8.870240147335682890e-01,-2.906219581510703365e-01,-1.345070394458139029e+00
-1.136333595676426889e+00,1.796705000745257186e+00,2.050174973538918088e+00,-2.639623815175335508e+00
-1.370492849741893060e-01,8.212274782657904559e-01,1.371266419000069847e+00,4.739782493436032196e-01
-1.235402271753717640e+00,9.189189656950448315e-01,-1.346546966474231111e+00,3.049212670673259185e-01
8.386638154121436317e-01,2.736059397114159464e-01,-2.671835589273572342e-01,2.241565112960029360e+00
1.355893166226164626e+00,-2.931441477359055803e+00,-3.139028740103442239e+00,-1.513372316275885643e+00
2.743848983637501293e-01,-4.408650803753130232e-01,-2.501894126927431738e+00,-9.653892938855908046e-01
2.211091007697906008e+00,-2.178544154480978712e+00,-1.421426154847442280e+00,-2.085831780063605478e+00
1.138060468539299430e+00,-9.894642298657311263e-01,1.443566714214394420e+00,-3.787001635074932482e-01
6.661620468669602335e-01,2.370325154456482952e+00,2.118295213397133114e+00,-5.616161362145740688e-01
-2.109236756976106797e+00,-1.745804128933733823e+00,-1.426400179768315957e-01,-1.603999859107578585e+00
-1.742773759565412750e-01,-1.263234444469286899e+00,-1.695501406947390821e+00,-2.318834254650260274e+00
-2.272660416589843635e+00,-2.128611815457012391e+00,-1.973768445689680684e+00,2.777149867613614376e+00
-1.576381146177709081e+00,3.957339567769491695e-01,1.729142687322659855e+00,2.682932624666016230e-01
-2.326950896328422169e-01,-2.314101523635898161e+00,2.931565448490742742e+00,4.222255660945818945e-01
1.232913130389882289e-01,5.914290731847044597e-02,2.503352570845009950e+00,-2.121691896817781142e+00
2.292471543543461721e+00,1.834317030854082153e+00,1.644192328053172059e+00,-9.005962869570964813e-01
-1.583838107566243991e+00,1.877425575556296300e+00,-9.120732213790447851e-01,-1.091821721682715962e+00
2.000227745022742365e+00,-1.183370209739711854e+00,-1.522344324090668000e+00,-1.775531875512372793e+00
7.124868573979473707e-01,1.984973740981593293e+00,-2.152213801113464164e+00,1.326315414764808187e+00
-1.331985075210775360e+00,1.366284584678445047e+00,1.511888380412389266e+00,-3.333532812217815611e+00
1.456762007814477178e-01,1.450323358746593572e+00,1.447998248553106659e+00,-3.062370498782628903e-01
3.385702051354464892e+00,-2.760810183551920094e+00,1.176742773413846477e+00,-1.289128340250732085e+00
1.584305121165890728e+00,1.246544585085347823e+00,1.123778155090270126e+00,-2.991574415904886486e+00
-3.260109911074826061e-01,2.229448292890843675e+00,5.709777922838384923e-01,-1.547412093204342254e+00
-5.997190774026166515e-01,-1.596731837446674129e+00,2.764100863593336843e+00,-9.340222968627710509e-01
3.895821956804126907e-02,1.322335904687832242e+00,-2.839862025866374262e-01,1.443206256741605520e+00
1.809455956786517883e-01,-3.351686897295114154e+00,-2.207104955041955030e+00,-1.918167987898262705e+00
1.070018982670190022e+00,-1.587783591771199765e+00,2.533814463563361929e+00,2.448729048564747490e+00
6.187850833548509399e-01,6.226489918414653824e-01,5.244694892599294223e-01,-2.068288325342066525e+00
-2.382306994258142741e+00,-2.000662739653512379e+00,-7.464976446122343345e-01,-4.190187000164296016e-01
7.606104160955092786e-01,-1.352844023845985344e+00,-1.717701835309166924e-01,-5.283420192760541756e-01
-4.635396807288675869e-01,4.590824703877486868e-01,1.214721143224104072e+00,3.170682368716783439e-01
1.501404789490826008e+00,-1.515906455195370706e+00,-3.029421429736689930e+00,2.226835163762250325e+00
-1.356855190573850622e+00,2.544314729441826461e+00,4.833334183522987049e-01,2.379928771473665827e-01
-1.227446342868924845e+00,1.284416280619072204e+00,-2.332452568215911959e-01,-1.645018282736769866e+00
-1.780840607169066558e+00,-5.973369078054056036e-01,8.185782985608081042e-01,-2.289182683777492233e+00
1.714419401707870660e+00,-7.937991745159703183e-02,-4.469041537712875045e-01,2.545582343408919535e+00
2.072147950961889418e+00,1.170854211511335841e+00,-2.294503355234324804e+00,2.033211156951127141e-01
-9.064309625037434426e-01,2.336680135757720933e+00,-3.675278511607358856e-01,-1.716460976958381179e+00
1.315180876228040141e+00,1.959824924211667430e+00,1.263225582853219064e+00,-3.153311726829770567e+00
1.750046707274007352e+00,-8.261093549106040754e-03,-1.139751876166277933e+00,1.853222403859402290e+00
1.313445349145432317e+00,2.100869955064328831e+00,3.372935179900122399e-02,-1.911288580419955585e-01
2.033363163319633404e+00,2.637405781870241772e-02,-2.331655184390003743e+00,1.120943169636121839e+00
2.614017833225736442e+00,-2.817154898178377831e+00,-9.870807960863058061e-03,-1.300949271884388914e+00
-2.676904884714785826e+00,-1.789203405394264035e+00,-9.861308005304658675e-01,3.504834551078689908e-01
9.168200428053943085e-01,-1.228884470231492720e+00,-3.177288613314373844e+00,-2.138202750542796515e+00
8.945502279109376342e-01,-7.863456637763291956e-01,-1.983963776223665043e+00,-1.205871962280972820e+00
5.021120299817961596e-01,-3.405326288101371834e-01,-1.836940217024391142e+00,-2.704762460754340125e+00
-1.060683836348183640e+00,4.308190787363563173e-02,1.545204138493798229e+00,-1.050269114115276459e+00
2.669837865764910223e+00,-4.234506101071086048e-01,1.185010759034005989e+00,2.094529389869408398e+00
-1.662018788707411598e+00,9.258167695705322719e-01,2.781251900502778596e-01,4.789900400783375645e-02
-2.145253561935498432e+00,-1.414764211844092401e+00,-1.290059502015221238e+00,-2.094087617152943892e+00
-1.091006410564083762e+00,-9.225488492149821473e-01,2.320406589239854434e+00,6.450876552641908734e-01
1.267058196558639827e+00,-1.244111202772674840e+00,-1.534943609747507320e+00,2.160462492601333384e+00
-1.828984188072047545e-01,2.798353272535765601e+00,2.917462570937771282e+00,1.762638074619143458e+00
-2.923636056132950412e+00,2.323898784125712602e+00,-6.000092207364607910e-01,2.064193610242346821e+00
-2.833801436156236253e+00,-2.173881318933933438e-01,-1.821509189165082754e+00,1.068903531326591771e+00
2.513474254711511424e+00,7.599638796954364395e-01,4.826388008255562689e-01,5.052705524425771255e-02
-3.825024114892670024e-01,-1.151506761877806539e+00,-2.468806866810725698e+00,1.211652940158884029e+00
-1.087323756971527722e+00,3.284347738367535130e-01,-2.109303268504628015e+00,8.745289173563010054e-01
-1.230234029155750752e+00,1.424966655846243935e+00,-6.986600631019347363e-01,1.496688917728190349e+00
-1.681363810279552062e+00,1.923081860732938630e-01,-1.913425316937423348e+00,-2.916390227415167846e+00
1.916959246516831028e+00,-8.224991553437683844e-01,-2.943053163049283327e+00,-2.347058304268307694e-01
-2.744705825990739062e-02,-2.132737533463337609e+00,1.038670050912090081e+00,-7.138275374373104221e-01
-9.473965230986197694e-01,4.285113960077200357e-01,-1.221454593279099887e-01,2.328064960765245495e+00
2.262176560485567478e+00,-9.104788246383613837e-01,-1.419700066055771259e+00,1.669715911585953005e+00
-1.469186879718374694e+00,2.576893142222396627e+00,6.718434829755725035e-01,1.091661217605934153e+00
-2.073109373908172515e+00,-2.204508580241463789e-01,2.850082719918339169e+00,-2.448875452122050600e+00
1.507840835578567518e+00,2.302203419810408214e+00,-5.205563096458086791e-01,2.063195479984586189e+00
-2.483914663062891215e+00,1.305975832969901163e+00,3.494997286724695340e-01,-2.657123121082892725e-01
-5.953719314927174988e-01,1.830643159733703174e+00,2.879985874473258267e+00,1.572458649383940976e+00
-1.937876691927281625e+00,2.213780729755547849e+00,-1.829763027417409926e+00,-1.717197773468181143e+00
2.355839053286848284e+00,-2.014789922450035853e+00,-1.890448229642732514e+00,-1.947451853654196041e+00
-9.652472527375356437e-01,8.159143897014382585e-01,2.279055900046528027e+00,-3.243836857404240326e-01
-1.206179799418760190e+00,-1.519106017680560861e+00,-1.739141320591835793e+00,2.074617920195212406e+00
-2.324236450776276275e+00,1.031782856655923952e+00,2.079807639719938539e+00,2.178972420223229900e+00
-2.241719480792146779e+00,1.090790727571622876e+00,-8.518604455184238811e-01,-7.563558559307188844e-02
1.336569418514594432e+00,1.813514905222665785e+00,9.430013340092001650e-01,1.212790784102788955e+00
-2.523477702851776083e+00,5.146910477938411166e-01,-3.622132823888574715e-01,1.061713722333960330e+00
3.291606441196860411e-01,-1.316059606167378826e+00,1.092959405013952834e+00,1.444904923044306289e+00
8.349939705636669762e-01,2.369952037432847547e+00,2.466739836968573629e-01,4.495445896787065854e-01
-2.190902425475605764e+00,2.197534666016969229e+00,3.303298354231134493e-01,-1.179289150024315003e+00
-7.556250029322771899e-01,-1.936423849086067461e+00,7.480596533548296012e-01,3.049272891323677737e+00
1.713835066335302582e+00,5.763546151607756851e-01,1.522338511197694200e-01,-1.496187477541657485e+00
-2.162459622540119142e+00,-4.052758281239639271e-02,6.060141919811162792e-03,-4.950649473255672173e-01
7.641067368366410983e-01,1.169983018587847479e+00,2.471491843731137283e+00,-9.054407705723669375e-01
-8.168945853935252188e-01,-2.030819494777999168e+00,2.683701884465584442e+00,-5.725437153356297548e-01
2.089510145404642305e+00,-6.064261333648638397e-01,-1.521144256224378766e-01,-7.829064174139004351e-01
3.486592665151302950e-01,-2.669487296730691739e+00,8.171772724959801282e-02,-3.985106983191223917e-01
-2.398740811971755704e+00,2.626504541090285416e-01,-4.439212193551831942e-01,-6.804234908948374461e-01
-2.592346296054711008e+00,-1.564699949898419318e-01,-1.991261139244013822e+00,-2.868134200718926330e+00
-1.153570033992486366e+00,-1.920513981546255522e+00,1.342659486930163570e+00,2.841455798262062959e+00
3.098914084260283586e-01,2.493738811347222306e+00,2.362076132839785902e+00,-7.270654262809865820e-01
2.025242838359600839e+00,5.482898582279206456e-01,4.210892184706792052e-01,2.401214176650752208e+00
1.475400653371442772e+00,2.189133676267692952e+00,-1.610547955901620476e+00,-7.512482649963322379e-01
1.490798908046752969e+00,1.647509326323038925e+00,-3.679627512787885246e-01,-6.688604857829789641e-01
-1.911344244642537937e+00,-1.389797856892339478e+00,2.329375044385423865e-01,3.202490082357145162e+00
-4.114392900308603829e-01,-2.214226000714857978e+00,1.798405231714491848e+00,1.723706565895453791e+00
-6.497156051677245303e-01,-1.349436917717341533e+00,-2.133369571661661634e+00,2.167298119701228210e+00
1.059717138169227635e+00,1.652281930375797181e+00,-2.504051030692008517e+00,-3.050052683507171292e+00
1.972551483117862992e+00,-1.848730367833445909e+00,-2.429105431727314190e+00,1.915150084750117943e+00
-1.735812452411257922e+00,1.452795113994811649e+00,2.445444344050033969e+00,-1.312451990248108435e+00
-2.068484310830783990e+00,-1.172120816904609120e+00,-1.960718849170077771e+00,4.559666844364031468e-01
-7.147922153624224062e-02,1.115805911701558545e-01,1.522967076620612259e+00,-2.273659929048086781e+00
-2.534562955646761928e+00,1.313963362185012862e+00,-2.390572144777324270e-01,-6.807802637629611908e-01
-2.532140494095198591e+00,2.863741319472163038e+00,6.260417756239873288e-01,9.712014458373198211e-01
2.673827224728329011e+00,-2.779321807864150728e-01,5.841191151723954533e-01,2.006064457081370822e+00
-2.306981177463724997e+00,-4.748549278171094734e-01,1.975813084019762522e+00,4.312574297931291989e-01
6.862309909689627840e-01,7.707430955612429857e-01,5.579324605565023631e-01,1.817176201465072749e+00
1.142526175543746136e+00,2.435698511431444224e+00,-1.777376211348509427e+00,1.415657267579195633e+00
7.510895845841306651e-01,-2.292707953887016536e+00,1.341245381798511049e+00,-1.768187759118950764e+00
-7.378271577058257424e-01,-9.965660869729662252e-01,1.065282507963650094e+00,-1.247845736076716783e+00
-1.046234081989257270e+00,-2.636352526486804848e+00,-8.045044774243454988e-01,-1.519638638188177904e+00
-1.625186280418987828e+00,-1.834415100208666716e-01,2.077494089486939366e+00,-2.229133908923299767e+00
2.020569523488171537e+00,2.324201876790290999e+00,-1.613514429618846835e+00,-1.343757319967961994e+00
-2.431872849817004134e+00,6.086535681550601096e-01,-1.556401799104857986e+00,8.020432843857580041e-01
3.865893194883832096e-01,-7.896271810162664995e-01,2.050199154379789501e+00,1.834884110854241079e+00
-2.909554066843098585e+00,-2.003453563356424605e-01,3.937520661562816590e-04,-1.906617006464475628e+00
1.695919579892476659e+00,-5.104190721634928041e-01,-1.956788133865019264e+00,-6.723883366656678851e-01
2.541622112364982922e+00,2.470561778146492582e+00,-8.350913281221454543e-02,1.684020036395076803e+00
-2.201930407577699367e-01,-2.751762958087148991e+00,-2.254114560366961673e+00,-6.412552626394378563e-02
-1.768591667503809139e+00,-2.935183765036643244e+00,-5.612538823139967548e-01,4.079692580374306120e-03
2.411055294674446792e-01,-2.419101503642561379e+00,-2.803619062392495587e-01,-6.897181885257472334e-02
9.119830826523549483e-01,5.557430550884304710e-01,1.065187275697391023e+00,-2.746389402024694615e+00
5.069030741683950847e-01,-9.924255102878489776e-01,-2.968190613663804100e+00,9.818201606543773829e-01
-2.531515376534643647e+00,9.511593049089475116e-01,7.697714592956870217e-01,2.312539858694970363e+00
-2.553898055848764503e+00,-1.376363710651888228e+00,-2.005961587538765412e-01,1.470028692684904437e+00
1.715051091002330663e+00,2.402398244619686540e+00,-2.862672333552860771e+00,-1.911702133614731736e+00
-2.273999883211065942e+00,-2.821015312043305912e+00,4.097679090640887062e-02,5.416477300235795767e-01
-1.103686862744635677e+00,-2.008295221985136436e+00,3.261097729041410709e+00,-1.279644520013273112e+00
-1.613493473512185972e+00,-2.085586152857935860e-01,1.210055279296223585e+00,1.467787151578693550e+00
-3.303531805879486249e+00,8.657548827014197590e-01,-1.797396108531978953e+00,3.637505149654678971e-01
-9.924123981432796393e-01,2.640943088457267773e+00,1.712342863530285975e+00,5.708367197453703135e-01
-2.144620698975648221e+00,1.264454037399725284e+00,-8.035726637096286540e-01,-3.343371786939156376e+00
-1.566714429913045326e+00,9.552845128399612973e-01,-1.040223784944692254e+00,-2.438468711349992102e+00
-2.080318873795167001e+00,-2.245600196062567999e+00,-2.214819146674654515e+00,-2.782451450848346108e-01
-1.386555899386694213e+00,-7.465964085197371869e-01,-1.664687415104607160e+00,1.323601049917843442e+00
1.262904921580136008e+00,-2.222639583397480467e-01,-3.163605046021725542e+00,-1.150295168443255189e+00
-1.101916492162542616e+00,-2.156056192236922353e+00,-1.730995777579778849e+00,1.444574550554405867e+00
1.198781635582857996e+00,2.853065859297758244e+00,1.440930843958255769e-01,-3.277126494757357511e-01
2.519103904382915982e+00,1.910325228588324320e+00,7.535402818593907037e-01,8.412861198187830958e-01
1.327947469242033218e+00,-7.139196777487928358e-01,1.521983910534836504e+00,-4.315813911457259955e-02
-1.231217576929264368e+00,1.724567673520625899e+00,-2.294483135660374540e+00,1.450626763393202401e+00
1.102853372125097708e+00,-2.712550479678949689e+00,-6.871973866683810384e-01,1.205357829108269496e-01
1.082979082251983360e+00,-1.669624713503162328e+00,-2.540410909965526098e+00,-9.404251966096408566e-01
-6.975709902986133581e-01,-2.835938376514600456e+00,-1.101691015970359455e+00,-2.833490294266499676e-01
-5.909432914944563464e-01,-9.597146397461835399e-01,-1.938568766817831746e+00,-2.140004736078318537e+00
-2.602587219699506349e+00,-6.504183096212120541e-01,9.803826235165780112e-01,3.038603634011923127e+00
-8.459432954544502392e-01,3.398191617344832882e-01,1.429128707856461622e+00,-2.921593474963893655e+00
3.216045918552655536e+00,-2.408719611436624386e-01,1.219107960125942025e+00,-1.200531188127702098e+00
2.006988809995513545e+00,2.625103328398731506e+00,2.262177405267760122e+00,-4.982256409457853086e-01
-2.149366452381613612e+00,6.974620830853227593e-01,-7.117123977392483258e-01,1.975763635544816710e+00
1.101934873542037341e+00,1.957465059621332992e+00,1.516888999803061688e+00,1.631248787643121423e+00
4.820351239623917872e-01,6.350997865132460563e-01,-2.675508087928015311e+00,-3.117998825020387721e-01
2.886462510433244422e+00,9.715987676924399130e-01,1.951534397461581971e+00,-1.178991384999280134e+00
-2.101486390834797380e+00,-1.284190483026842244e+00,2.073281572715860999e-01,1.046022007198182058e+00
-2.672194727516918000e+00,-2.172147320236136991e+00,2.449715748396069370e-01,6.754767393176361878e-01
-2.163169034907887200e-01,-1.356686966164990960e+00,-1.856663295378944423e-01,5.261088765280211854e-01
7.413066885757730873e-01,1.845591375368168530e+00,4.222958762542357303e-02,-2.803449038373406310e+00
2.034865467841727948e+00,7.720116672198762409e-01,2.115393013187802485e+00,7.525570253534317189e-01
-3.032051106185216227e+00,2.732930696841979312e+00,-1.510810023349196951e-01,1.324837417275245510e+00
1.527631528530225102e+00,2.322859658553311668e+00,-2.396894605900448116e+00,1.057141075942229724e+00
-3.122180916263060713e+00,-2.597389663538499871e+00,-1.173279349725290022e+00,-1.588093137661412690e+00
-7.358207759878028498e-02,-4.539198618877262614e-01,-4.362863178052255875e-01,-1.641990183380879875e+00
2.781578048804135950e+00,-2.591030813543506728e+00,5.853457256743997972e-01,-1.932867245940155243e+00
-1.362388749283053313e+00,-5.812447850594895105e-01,-2.229549357625744577e+00,-9.963120688523667834e-01
-3.725098757113895487e-01,-1.322969466822263795e+00,1.091879072615648871e+00,1.663561462400882540e+00
-2.604439610308443953e+00,1.065136041653635068e+00,-9.919617405602666471e-01,-1.641055811567650125e+00
1.767700497841677487e+00,1.904211443057767239e+00,-2.630867184482651666e+00,-2.647777880330365985e+00
9.634502814455632169e-01,1.208432702065353581e+00,-1.980483479812815473e+00,-1.792484064696955759e+00
4.710619651318254109e-01,-4.138872534097454148e-01,2.330278349454073084e+00,2.018026922193671080e+00
1.432597370840697826e+00,-5.722050057754075603e-01,1.014611292830602141e+00,2.376219453425612915e+00
7.368486400786746771e-01,2.498548417797328280e+00,-1.497469554437023564e+00,7.388315183077651671e-01
-2.273299614902445587e+00,-6.558066492936522884e-01,-5.680258073781025985e-01,-1.949382285968239703e+00
2.037707999999460728e+00,1.086524899451277032e-01,-1.042597001666869527e+00,-1.348219951725629029e+00
7.655366706685118316e-01,-5.479599710770431953e-01,-7.770601364614238026e-05,-3.031585731904483660e-01
-8.577412423011697706e-01,2.408242999847507892e+00,2.690954184151714834e+00,1.650553601823802286e+00
4.136213703741282721e-01,-2.126174963161374387e-01,-2.359109977553542681e+00,-1.012453888405377755e+00
1.781755899273748778e+00,1.293420622261392872e+00,-1.788756854718676736e+00,1.751861427122082704e+00
8.666614293123421353e-01,9.643467780018060154e-01,-2.770222393074917022e+00,1.284236857754211369e+00
-2.209240238803713285e-01,-1.642025506967249582e+00,2.332176222224275453e+00,1.222483481143140649e+00
1.611499016889694769e-02,1.332455283310363336e+00,-6.760266237060783556e-01,-2.053138833880414627e+00
-2.111673040378063249e+00,-3.502083100411849670e-01,1.237450902268071307e+00,1.429507151561691503e+00
-2.072518917380684389e+00,2.069489610616098041e+00,-1.680228081670990026e+00,-2.095855081056179348e+00
1.606653777129481098e+00,-7.150152191475322994e-01,-2.816249323070177724e+00,-2.232089306817369057e+00
-2.354913968218554032e+00,2.122195828468878886e+00,-1.515521571775818366e+00,-5.200798655395309777e-02
2.895199907744370638e+00,-2.349439585136534170e+00,-3.036267325884763335e-01,-5.676588046547795807e-01
-1.959245447617347979e+00,-1.652589420785782304e+00,1.609125401962974822e+00,-1.163617407802046477e+00
2.490291134683302765e+00,-2.272527464856879842e+00,6.498217362291301979e-01,-1.906529009176443495e-02
-2.523299469771319026e-01,1.466904111239020425e+00,-6.466619491969702871e-01,1.472867500477179625e+00
-1.062902931478700887e-02,-1.182691885442261004e+00,1.749726228093245517e+00,1.219128922144556260e+00
-2.310168602507536750e+00,2.527220196776203132e+00,8.426196339755386289e-01,-1.802296165215275525e-01
-8.890555620440259155e-01,-2.002009853695175590e+00,2.917514396654759423e+00,3.151424991743547732e+00
2.320761516836979066e+00,2.292256643747706324e+00,-7.626385397530260901e-01,3.538430190858157798e-01
-1.047988390400006908e+00,-1.382967706751957015e+00,2.591194207434642571e+00,2.877326278144573202e+00
2.742419453008436925e+00,-1.316449443854745160e+00,3.131926065866953435e-01,-1.456533205870097714e+00
-1.899348524611380373e+00,-1.104911813276377108e+00,2.043022464845787034e-01,-1.662032390830860740e+00
-6.817956838929266628e-01,1.049691027621789230e+00,-2.092561163911835553e+00,-2.710012957210349072e+00
-3.966055354734294158e-01,2.707691254934069924e+00,-1.266486544140086323e+00,-2.403859628548986327e-01
-1.435616094686751776e+00,1.933964773594255337e+00,-8.674392893913085434e-01,1.824072114026867419e+00
-8.671807417689207931e-01,-4.642875389756381810e-01,2.994102295664580637e+00,1.659752234728485210e+00
2.281371488883455090e+00,1.776580085170315293e+00,-1.995487960432001384e-01,-9.540247012288017858e-01
7.186678998839658439e-01,3.949618500337614968e-01,-6.372581523980207496e-01,-2.886717300352441007e-01
2.072912940244648450e+00,-2.230082001396087144e+00,-3.403722985293204384e-01,1.993996343298025109e-01
-3.161740961339431166e+00,2.268950727036534443e-01,-9.939014437067722474e-01,1.497443612398289714e+00
2.095058350970858019e+00,-1.510958943823021094e+00,-2.484678782877795644e+00,-9.160631153073406363e-01
1.663730653606549259e+00,2.246105661182334901e-01,-6.816253261858417067e-01,-7.584053144857479944e-01
-4.411639879721875324e-01,-1.267476147187767355e+00,-1.757406536465938307e-01,-5.784517102707724678e-01
-1.738110349268504162e+00,-8.470040842501974643e-01,2.395287093977224835e+00,2.312611121635646416e+00
1.563670741134364439e+00,-1.748980684753585146e+00,-1.030449018937823036e+00,-1.167025429333156339e+00
7.654615347130149239e-01,7.995642353167012883e-01,-2.853490810940086053e+00,-7.546296246340036262e-01
-2.295609667579702418e+00,-2.039267106333972623e-01,9.753141183700028694e-02,2.794326111315633909e+00
-2.853292140633229668e+00,-3.119409521611507863e+00,-1.763044192719366743e+00,-1.582583448773853485e+00
2.651860367924994133e+00,-4.246776095124615846e-02,2.113617922618406197e+00,-2.306774588561052663e+00
-1.519653542582112493e+00,-1.735568521289901689e+00,-8.277205302154420075e-01,2.011775743637886027e+00
7.948240547425402536e-01,6.378742269520143449e-01,-5.678153089793671615e-01,-2.981557090159347445e-01
-2.866080878388800990e+00,-3.409014237220891808e+00,-8.392622746555833402e-01,-1.737986374147949542e+00
-1.346646598675798057e+00,-2.731978279994932812e+00,2.267921168389728237e+00,5.579060450461402754e-01
-2.260767710818975817e-01,1.321137897527555172e+00,8.566033619567804402e-01,1.357053365363816599e+00
9.452243106864014477e-01,6.224696118957311342e-01,-2.750633836855342906e+00,-1.289440617518611498e+00
-2.516358049086984572e+00,9.453112841104801545e-01,-2.127255105624314968e+00,-2.292334807386238738e-01
1.073906163903471489e+00,1.331761069027193878e-01,-1.323909583480925134e+00,2.095263285518912166e+00
-8.252776980642356763e-01,-1.899517480608676534e+00,-2.384927606227567054e+00,2.421762457726539530e+00
2.336881682775882485e+00,1.500743183350112142e+00,1.242570261985977309e+00,2.466762747454356308e+00
6.930626161553934406e-01,1.638583988363770394e-01,-2.872419521975112744e+00,-7.690186131621937760e-01
-2.170713920450563883e+00,-1.332479416510874204e+00,3.939972181947621332e-01,-5.499132978464523758e-01
1.681505231556171376e+00,1.480977635197752440e-01,-2.221999939553403802e+00,-2.565116769757513460e+00
1.392428593198726583e+00,2.109823717277701682e+00,-2.952404421634763132e+00,-1.794674223659609380e+00
3.102120926468417750e+00,-8.986571336112272324e-01,7.003135872670157580e-01,2.532879646139366336e+00
-2.290787395057801712e-01,-2.852994598635920087e-01,4.184091554133463897e-01,2.503371584197580546e+00
2.007251391264309515e+00,-1.314820410500784575e+00,-3.187412841344441805e+00,-1.422030907121483390e+00
-4.873676462146593336e-01,-1.555939302238588340e+00,2.112130081953917049e+00,5.062840315123982859e-02
1.908898068587162822e+00,1.572625065492786023e+00,-3.004329357285757673e+00,-2.877165826109068902e+00
-1.468677304276556184e+00,2.035830946336734559e+00,2.403659779609070402e+00,1.100499703764018733e+00
2.919666925504443178e+00,3.466079426042552036e+00,1.907486607635477949e+00,1.421115051234176807e+00
-1.598285674892734987e+00,2.348620194903284997e+00,-1.840621231713768513e-01,-1.596922332640984488e+00
2.826848058292962818e-01,1.677812491063445932e-01,1.430899247874434455e+00,-1.982666136095417642e+00
-1.744953169664052117e+00,8.829872791045902114e-02,2.007151446621203039e+00,-2.984923481975596538e+00
-1.524724765375663260e+00,1.673544833679469601e+00,-4.691770825764206981e-02,3.496123000020998073e-01
-1.870334600450918705e+00,-1.155691363710122932e+00,-2.350946189627176164e+00,1.237311781526530208e+00
1.224700878462374298e+00,9.748586515139118225e-01,1.626940478985024363e+00,2.245086789410412287e+00
-1.000746407284814676e+00,9.083391730489286386e-01,-1.044604480331218666e+00,-2.914012641817332216e+00
1.243927604283057597e+00,-1.847537897962505227e+00,1.513920797095323012e+00,-2.287713712862489146e-01
1.608231519853177804e+00,2.377086278874051217e+00,1.287204081542550504e+00,2.153040120127735157e+00
2.373032149203202490e-01,-1.248271501233322089e+00,-2.733263160831715499e+00,-2.276711494984234196e+00
-2.959887695469513247e+00,-1.259851174538690888e-01,-1.993636523580137210e+00,3.896547611886668760e-01
-3.070611309097747821e+00,-1.743919873114414543e+00,-9.842546024273177707e-01,3.423736855362151110e-01
1.326463248013841856e+00,-1.978401331241724792e+00,1.164927560024024311e+00,7.367067850888419089e-01
2.817923855103928066e+00,-1.659503699982945113e+00,7.876932695317434563e-01,2.465562435853932144e-01
-2.952718347768847895e+00,2.678930428594016977e+00,-1.883411523528200737e+00,2.057661231918690714e-01
-1.761505094374609337e+00,-1.095096676405370895e+00,3.835475863204069191e-01,-5.416661428611749818e-01
-1.073483867664258185e+00,-7.418979743993935339e-01,-1.797476866338418855e+00,-2.478924371236351787e-01
2.750894847042477664e+00,-2.743897898878261188e+00,1.530937472932062837e+00,-3.038355341211748106e-01
-7.927931004051820274e-01,-2.220015394254532648e+00,2.773232886853829182e+00,5.304158658387280179e-01
-1.840126144540237707e+00,8.247700787893671448e-01,9.566703522943822424e-01,-3.297598389519743045e-01
2.746450947719768720e+00,9.464934652656144254e-02,1.655376217318768939e+00,-1.163347943459591249e+00
5.484415779030175075e-01,2.857421469871427311e-01,-1.650054979907147557e+00,-2.074587935525499027e+00
2.272152410232198161e+00,1.725320176830159147e+00,2.056659746455245408e+00,2.026357903648711822e+00
-1.976897797162829873e+00,-6.306386040713752861e-01,-3.452257448702885645e-01,-1.712937502430628367e+00
2.493683493519942118e+00,2.732303051999126486e-01,-1.220238554304259093e+00,3.120179672422807582e-01
2.344384859874897309e+00,2.304622104447782149e+00,2.130571835726697394e+00,1.231115401898477263e-01
-6.713993238351277926e-01,-1.801032145651640937e+00,-5.210943832828320854e-01,-2.361344816132774582e+00
-1.962419076987180544e+00,-9.327924468391839419e-01,-1.687855367425679098e+00,3.056625296663816549e+00
1.767556518783987896e+00,2.846104187407208830e+00,-2.976750916353504195e+00,1.408844394539452427e+00
2.428151487061255498e+00,-1.943346109934865673e+00,-3.102321311218186328e-01,1.797809984265270389e+00
-1.156308940345868591e-01,2.276168863832467082e+00,3.064604889983185004e-02,-2.543381223231890864e-01
-1.802678289033628589e+00,1.709768229573760623e+00,-6.250753318135070513e-01,-7.727540882597563332e-01
4.735882551621288794e-01,-1.205481981002703290e-01,-2.128984922528418977e+00,-3.586376276245308303e-01
9.601526844393896143e-01,-5.601353056190628843e-01,-1.612869492177567143e-01,-6.228876969666050645e-01
1.424015037841921627e+00,5.225851524643847501e-01,-6.906199016669830604e-01,2.599171311260755068e+00
2.635287282914219986e+00,3.766358544676117193e-01,-3.832342457672051617e-01,-1.715925881291143762e+00
-9.561227865952310889e-01,-5.425276810691517237e-01,-4.325263672382829300e-02,-1.926719676153370475e+00
1.734511342203654660e+00,-4.537278587320408008e-01,1.178232046550474088e+00,-2.083966029634545691e+00
-6.709270964253286618e-01,-6.603352347754178897e-01,3.859066725144377763e-02,1.900038662456572602e+00
-1.086830030142268977e-02,-1.209339245178525202e+00,1.114647497209655613e+00,-2.426322599149268289e+00
-2.723088880931686440e+00,2.058424085904352996e+00,-2.125258686054047441e+00,-1.326144381547114115e+00
3.840695729773640488e-01,-1.445396073420406324e+00,2.547706403473185333e+00,-2.264308500058423324e+00
-2.324193220934555715e+00,-1.995447356596001143e+00,4.503521003376804166e-01,-1.578953706278166003e+00
-1.572470074802953643e+00,-1.759932287214062363e+00,2.016990428423134585e+00,5.746132686820564217e-01
3.512824530391537303e-01,-1.894633932821067734e+00,-1.139047051037063607e+00,-1.092904548081942817e+00
3.705813529551035823e-01,8.891410577736902354e-01,1.593673506558301645e+00,1.654098625278125345e+00
-1.035696792221400653e+00,-7.047579844380134073e-01,4.096019017443071064e-01,-1.362012112633533556e-01
-1.313257812417124359e+00,-1.720456656606482504e+00,-1.969652498239333305e+00,1.819630659850636434e+00
1.144027564622240423e+00,2.411785926113966028e+00,-1.680265191591667762e+00,1.795816446376489850e+00
-7.973995847765540379e-01,-1.719983435236141167e+00,3.395664333379354582e-01,-8.628693341277149376e-01
-2.778371806262989185e+00,2.290830842168690928e+00,1.986599744012392255e-01,-1.219732918913294800e-01
6.586507984968478224e-01,-3.366941931164211810e-01,9.634107726015367357e-01,4.710399887647182537e-01
1.900058690251319737e-01,2.283902773444765888e-01,-6.165274464294686618e-01,1.383908450251350342e+00
-1.289041117187586405e+00,1.173265200582296774e+00,2.058503926035357257e+00,1.131031946304315250e+00
-1.969937519277463744e+00,4.013059379655214975e-01,3.087752574722127719e+00,-2.188480082240853650e-02
2.062097567183648561e+00,-1.973364302306241935e+00,1.031644666697513424e+00,-6.512805439994342471e-01
-1.431728643207462286e-02,-1.002445086762241644e+00,-1.767175642751017683e+00,-1.853517968591876119e+00
-6.072876340830321018e-01,-2.058612402648253958e+00,-6.451482101008261250e-01,-1.758459147181976379e+00
8.348620802607327473e-02,2.143592899906596294e+00,4.823457462433332621e-01,-1.429239874205938232e+00
-1.400753742954716996e+00,8.226006401492864661e-01,2.407556065441176507e+00,1.790695443944471110e+00
1.214283617903147983e+00,1.217042355457716329e+00,2.113731916879600714e+00,-2.488518511646343967e+00
-1.831693824538797033e-01,6.329368721751127413e-01,-1.139161754494462664e-01,-1.218567309097640772e+00
2.422703957545323306e+00,-9.813543770879789019e-01,-1.175701628924291642e+00,-8.835517994816510789e-01
1.841516302700071384e-01,8.976045458124805032e-01,-1.500130871217647988e+00,1.335352336646183392e-02
2.547333918090465055e+00,2.541765789657974395e+00,4.007875973262351593e-02,-2.414119183482291986e-01
2.695183123754931742e+00,4.263761063638724647e-01,-5.307268262599794673e-01,-2.134699556924861685e+00
1.334935909825679889e+00,1.786483180764683265e+00,-9.870911907436979993e-01,1.768607855079967983e+00
-1.320587544217881826e+00,1.274943129470048397e+00,-8.699024577634256739e-01,-1.576388344141375075e+00
-2.471957799914764387e+00,2.591784994194804792e+00,-1.668468247991294895e+00,1.163074299356925412e-01
-2.688052162180381011e+00,6.328659235905104152e-01,-1.812477111029479060e+00,1.820579622454941315e+00
2.475092463179443314e+00,-3.149250315067453343e-02,1.460759037038705133e+00,-2.400698584692233517e+00
2.222891530263280568e+00,1.131918711733889138e+00,-8.592697532912396685e-02,-9.393855193232655276e-01
-6.914754498344343192e-01,1.142883753284993364e-01,-1.578188959129544489e-01,8.384459333567946260e-01
8.298425247401779170e-02,1.017996797309494328e+00,-7.264276936334288504e-01,-1.348622912713311583e+00
-3.015872339421131976e+00,-1.021785066660937824e+00,-1.850365832694558010e+00,1.771320746384853262e+00
-3.274138342526334178e+00,6.332609975070465635e-01,-1.136306989315605032e+00,1.946548247115443164e+00
2.069434384647378167e+00,-1.494877780963585812e+00,-2.111305853596574800e-01,1.724176987031491359e+00
1.514357039434567564e+00,6.853164032864608735e-02,8.706305745853664124e-01,-1.707703070129878098e+00
-2.997047467160279255e-01,-1.670678245379125348e+00,2.037839084968166237e+00,-1.449412266424811246e+00
-1.647275779181046618e+00,-1.806354684025589075e+00,4.801678031164479665e-01,2.471313659189787071e+00
1.319583060058129309e+00,2.049268060584171991e+00,1.566660856151970815e+00,1.967835485899845027e+00
1.097727731703453280e+00,-9.506204779839676489e-01,-1.089456806644114151e+00,-4.830089436062526831e-01
1.899760446082891407e+00,-1.155967147849292997e+00,1.102762582042817519e+00,8.112759685324779646e-01
1.935210615358362585e+00,1.614094336288380171e+00,-1.465913395515097806e+00,-4.127071399457318823e-01
-1.794583115542797369e+00,3.117512611471283002e+00,-6.242234419685407931e-02,1.799765343829717423e+00
-1.337564988504676311e+00,-5.020998468047989105e-01,3.160068804563454403e+00,-2.322833989358511264e+00
-1.189988910148377821e+00,2.937280471572446316e+00,2.633993700375507618e+00,1.695319207246781090e+00
-1.678897447719231772e+00,1.078150523345392964e+00,2.552594264130758184e+00,7.736228129381164109e-01
2.496037055303054419e+00,2.095155741864016541e+00,1.843289873801756906e+00,1.091510953100177650e+00
-9.204984217633678245e-01,1.418555547947426332e+00,2.012547294518842733e+00,-2.460420533488461570e-01
-1.960699672160139961e+00,3.096092702932205842e+00,-2.205512231553578673e+00,1.508759374830136890e+00
-1.748866912305039545e+00,-1.853952286421846063e+00,-5.444156293533868318e-01,1.337051389377045263e-01
2.400099067460694513e-01,-3.802496124085709139e-01,-2.321377377559255439e+00,-1.661525687378486937e+00
-2.073996625189910681e+00,7.006169426481007045e-01,-8.435487664695899834e-01,1.590952625504191920e+00
1.142363732618363104e+00,2.374538631171270175e+00,-3.186857815096415525e+00,8.147247590901430803e-01
8.592242975852582010e-02,1.620326654650158904e+00,-6.626060456009666977e-01,5.686463885254789963e-01
-1.127579298870191371e+00,1.558015447800108033e+00,-5.982840573184998456e-02,2.227474788014360829e+00
-1.244892048488376757e+00,-2.852243482973967126e+00,2.686125988853884650e+00,-1.016061377474230643e+00
2.551335381961276738e+00,2.060270293362613803e+00,1.374342363119854526e-01,4.275981713460613731e-01
1.619972299345783906e+00,-1.617487031780993956e+00,1.192725054705715104e+00,2.024006026668527358e+00
-1.134370966118711799e+00,7.891336693187702700e-01,1.636704603360470689e-01,-9.070466256940772354e-01
5.998840762039084895e-01,-8.292936069312666358e-01,1.069316222982153564e+00,-2.251597287629288624e-01
-6.044477975744144693e-01,1.051877181940110040e+00,-1.750912109688859131e+00,1.406363268324772653e+00
8.388657959848865309e-01,2.360642307574329024e+00,-2.530803931084216085e+00,1.405911725435555759e+00
-1.310362077482500665e+00,-7.377955721958484592e-01,-1.534292001537822081e+00,1.869397887021039262e-01
1.109471337120922774e-01,6.208668851291913038e-01,2.551176177067711048e+00,-1.022336584141648075e+00
6.212719432585148138e-02,-2.800480930282347458e-01,-6.252823465916235168e-01,-2.366407437320807272e+00
1.534791612932649318e+00,1.548072142980156052e+00,2.300877250451353717e+00,1.134726620093910787e+00
2.829941758068917679e+00,6.324918611709212657e-01,1.799324671392517727e+00,-2.331827466033556284e+00
-1.956348221118844322e+00,6.232383897840811926e-01,2.905979498742801148e+00,3.352615572112491171e-01
7.986344505869336086e-01,-1.357034140841205438e+00,2.118138804136039610e+00,2.993809024802106311e+00
2.508399811439657956e+00,1.560582004088040486e+00,-1.861338627314989280e-01,-9.750828580921538924e-01
-1.685354802324612766e+00,1.741270018402532926e+00,1.709744654277207676e+00,2.306171437733458340e+00
9.657049332190321689e-01,-1.648933208145831886e+00,1.549479152483242972e-01,3.435443433058769536e+00
2.010401363614350068e+00,-1.386690721462846332e+00,-2.240699796262225263e+00,1.656755999841893034e+00
-2.373090251103783910e+00,-3.331149840753039992e+00,-8.728351054332629255e-01,-1.425326945310761539e+00
2.866548377469099851e+00,-8.839461506006558444e-01,1.577703933196849650e+00,-2.591012114883960216e+00
8.451435477428494991e-01,-1.805230437712321168e+00,-1.389284532761175361e+00,1.915798002095757013e+00
1.097166507804812730e+00,-1.197622900834012016e+00,3.317282791189410385e-01,8.308115059757814613e-01
5.180022069142237173e-01,2.463503780573193414e+00,-7.836048216529183374e-01,3.849324917551673053e-01
7.187184661057681723e-01,2.670758256468098057e+00,-2.910006514498024721e+00,4.685840257650495527e-02
-2.417102881457272368e+00,1.641538375567545227e+00,-2.034755033668010693e+00,-2.265356849593204380e+00
1.371064701368065686e+00,-1.829850609727232957e-01,2.073037392655329825e+00,-1.293972847204587717e+00
2.571444641855950231e+00,-1.591334447446530742e+00,1.575463518391829298e+00,2.479736589027840221e+00
1.000584900664043486e+00,2.994012528954857366e+00,1.662489338470739986e+00,5.897661557638630425e-01
-1.113721940293144863e+00,-1.981503830751534911e+00,-8.486775568953931759e-02,1.722819345266474622e+00
1.284034468727067946e+00,-2.448326139606682161e-01,-1.709021941854463655e+00,2.768261351211963817e+00
-1.819683880721110647e+00,-1.937273297533464111e+00,1.897466189578137730e+00,-4.397403917706086962e-01
-2.588706407212056693e+00,-1.099046312091158439e+00,-1.435705243703497613e+00,1.683125259375727323e+00
7.188507111023321183e-01,6.796052480756424874e-01,-5.061027367798202059e-01,2.198075107233410819e+00
1.204617540707869194e+00,1.364068454593937219e+00,2.107250470592889169e+00,7.793586580658221630e-01
1.914851387118821302e+00,2.019362121557125800e+00,-1.053437024694487967e+00,8.978026211409970703e-01
-9.509110329016565721e-01,-2.626610901356349892e+00,1.905093432212970450e+00,1.205678543618231569e+00
-6.188867026380859976e-02,-2.900546285129138813e+00,2.534937173917894970e+00,-6.356680266130086965e-01
-6.984138784748271656e-01,9.393863706206398989e-01,2.165204890395006909e-01,-1.319310225037249040e-01
1.904894642511375080e+00,-8.969675124194783633e-01,-1.180483956073238305e+00,-1.859142684336197116e+00
-1.243325442406983283e+00,6.471151967054705745e-01,5.940924330559772537e-01,-2.921943409978325690e+00
-5.567684772179118946e-01,-2.817504584086962804e+00,2.607637910548755489e+00,-1.931953712318904282e-01
-2.443575531265186562e+00,4.378341079562708682e-02,3.916410896271186465e-02,2.962123363225318551e-01
4.437140700751444067e-01,1.303511350194992868e+00,-2.802495464989553930e-01,1.030894078519198009e+00
-1.559785448082998904e+00,1.117696542193191034e+00,3.309929830312162480e+00,1.282730390798753617e-01
9.649766800749536022e-02,-2.457178474389383471e-01,-8.125015971714901752e-01,9.530190322932525770e-01
2.169526234984928248e+00,1.262176859759733372e+00,6.382792883117871519e-02,-1.030338716619251471e+00
-8.576667616234093239e-02,-1.939417272718641616e+00,2.536236883099422190e+00,-1.296703245576001917e+00
-1.951686999636501052e-01,1.195416757608003033e+00,1.645965932138609089e+00,-9.910902724464284441e-01
-8.404612356875990065e-01,-3.698595589949660312e-01,-6.627847283817426272e-01,-6.570671034806387090e-02
-2.648481893353523020e+00,2.998229087846740470e-01,-2.517907846199957667e-01,4.684285217797856671e-01
-2.983067541525221689e+00,1.774448967990734483e+00,-1.086398197342489214e+00,-1.666043518913427279e+00
3.617616096559476135e-01,-1.110759429057567971e+00,2.114141838032822296e+00,1.482153652520801002e+00
1.964746797887846563e+00,-2.805846397769907151e-03,2.007314747787013243e+00,-9.629066374382574400e-01
1.760999077594496587e+00,3.587476039961249863e-01,-1.884755234163866922e+00,-2.421722864861334923e+00
-1.944235673917517615e-01,-1.105555895161619340e+00,-6.691041851570771470e-01,2.111126258688750035e+00
9.842632794917824945e-01,1.338447575914672449e-01,1.889097743950537645e+00,2.523107253839782071e+00
-1.050075696588641250e-01,-1.247656292274008649e+00,-9.225382389250080806e-01,3.052965808602805531e+00
-1.775694324863630102e+00,8.747893433630186122e-01,-7.985983953074839992e-01,-2.828302628906184779e+00
1.549214243484637654e+00,1.853822230357684286e-01,2.337390173342388522e+00,1.224159554586372378e+00
-3.131707575386874498e-01,9.194313614096822906e-01,-1.745761267729979638e+00,2.350574001099283161e-01
-1.981298999886328627e+00,8.850623875580403421e-01,-1.089579130576126653e+00,2.942962754507211787e-01
-1.455956630659777928e-01,-2.278996756034573856e+00,-6.473370997940169902e-01,1.665281861287933651e+00
-2.487660207880174390e+00,-2.760581314382974494e+00,-1.702529218816240641e+00,-1.990523418924037835e-01
-3.395810328285122498e-02,-1.746466063443588901e+00,1.372119290623799781e+00,2.896066849319219649e+00
-2.234819057044883817e+00,2.832981601654172010e+00,-1.312145601832393149e+00,6.702428480886956086e-01
3.132437115952417805e+00,2.411681174725219812e+00,1.563609172046755535e+00,9.500466196054710988e-01
9.327579222293821415e-01,-1.353675690226744388e+00,-2.048732571606545427e+00,-1.405099853650697339e+00
1.245889140675902729e+00,-9.750832236864178659e-01,-6.855551560946161471e-01,1.071665694328345131e+00
-8.399447770629815679e-02,-1.880562043440965114e+00,-2.472542038409741849e+00,2.920645872514101349e+00
4.483826363959774186e-01,1.999551663057413498e+00,2.173046960454567689e+00,1.816285144320292977e+00
-2.738642846104981654e+00,5.784542427201332382e-01,5.379148067907113528e-01,-8.571986281297649946e-02
1.856224578372052347e+00,-6.006543755350527425e-01,-4.427887226139533006e-01,-2.187272911010903487e-01
2.572853493630918198e+00,-1.274717231199301581e+00,-1.168275637148418422e+00,-2.050787663214061141e+00
-1.378952312726669627e+00,-6.398329922976772055e-01,2.918976418264902950e+00,1.230454313324018889e+00
-2.720786053201267318e+00,-6.667849046568129490e-01,-2.887439436471370136e-01,1.892404780386829799e+00
-5.905406943368506356e-01,1.284284390915555685e+00,-1.997835139603888477e+00,-1.609568936481471590e+00
1.390021995507918939e+00,-2.304594285996357073e+00,-3.001542008645257553e+00,4.685395589413469675e-01
2.112554519642811268e+00,1.881387839635746406e+00,-4.296872530118728828e-01,1.482624769516474927e+00
-2.448469454391971389e+00,7.323745367629641567e-01,5.224891057764404767e-01,1.972229681271864488e+00
-7.950148763081930914e-02,-1.348056746155778418e+00,1.842862387989289141e+00,-1.751261402332905392e-01
2.034465924446149654e-01,-3.094918391831738891e+00,7.277713062020246815e-01,-1.883004293776921134e+00
-1.160616629680918610e+00,9.021526927613996438e-01,1.808757022026464378e+00,2.350145982056620841e+00
-1.769258140149618574e+00,1.098413459344765197e+00,2.782004572508264051e+00,-8.271633049544684368e-01
-8.313129607424535328e-01,-2.651211399114303813e+00,2.692218914460303480e+00,6.385650698985751994e-01
1.415648144224687988e+00,1.842759925442924995e+00,-5.173193299309508664e-01,-2.078139697064892655e+00
1.139481100548030090e+00,-2.340398139030194891e+00,-2.092378496270110411e+00,-2.042306546650113575e+00
-1.696678554892374624e+00,-1.147031816541420390e+00,-3.282646689679211693e-01,2.960014720166960767e-01
-1.774515081729814425e-01,-1.365125178759739821e+00,2.278344631000924991e+00,-2.530748027862055771e+00
-9.230896892423988698e-01,-5.257066666428120705e-01,2.572937907193925788e+00,8.737508480996097893e-01
6.620908602381411212e-01,1.416550074837518824e+00,-1.070435962493050619e+00,2.076547686704437901e+00
-2.128916880681423152e+00,-2.638770791921008496e-01,3.644456478898632223e-01,-2.717797882282881883e+00
2.659221636118243470e+00,3.050230309080053548e+00,9.648513649996941499e-01,1.554506428187490741e+00
-7.025171205727588353e-01,6.209968897278925759e-01,-1.862938780260524618e+00,-1.037235063468165519e+00
1.454022520253942075e+00,-6.287905537813759382e-01,1.756108504007477755e+00,-2.076360796114504303e+00
-1.172174958862141958e+00,2.597873419333984302e+00,1.410781321638964414e+00,-3.692022542041117211e-02
-4.064799877683292206e-02,-3.778153640493351340e-01,3.699617025907789847e-01,2.693112743634475503e+00
-1.284579924067368539e+00,1.283681294315891064e+00,3.156357423642087934e+00,1.117433420518681997e+00
9.210826932031326297e-01,2.838871739678165085e+00,1.724267376434405863e+00,8.529817067994696078e-01
7.793228949387448479e-01,-2.722709342920290432e+00,-6.739678877530008716e-01,-8.066822368908364016e-01
-1.294026481317114730e+00,3.664279953028887760e-01,-4.453878803635153427e-01,2.580859352231840820e+00
-2.743911874842502652e+00,1.769244947205783847e+00,-7.342049811165887174e-01,-1.880200127301342006e+00
2.134510572682909668e+00,-5.994948056746569887e-02,1.540512067652143102e+00,1.958530024590984908e+00
-4.820008231516541009e-01,-1.029650435169875866e+00,-2.504616359897483324e+00,2.763617698930390887e+00
-1.632165982799719917e+00,-8.237170078883421231e-01,-1.089784591746773668e+00,-7.613995507880582103e-01
-2.039968086179844597e+00,-1.125836638186348271e+00,-1.491083565748961615e+00,8.164273114914414320e-01
1.053397077920251501e+00,-3.980778079947552284e-01,2.037472000868159050e+00,-9.010260329948790448e-01
-1.618223344882111503e+00,-1.870068883611616162e+00,2.750325663654598962e+00,2.712342701210769924e+00
-4.792226695590371399e-01,-1.510053133445810047e+00,-4.461446484225066178e-01,-1.467490608914139849e-01
-1.569205696594971888e+00,-5.101283544008644588e-01,2.336300561582016044e+00,2.468887552672828445e+00
-1.609611313445401315e+00,-2.012399630609806866e+00,1.435783620893292589e+00,1.548308574711221741e+00
-4.162009226547485480e-02,-1.900382983120349589e+00,1.741250921280038222e+00,2.641677616991293220e+00
-8.348999163150043479e-02,2.582699600166047937e-01,-1.668166008115893550e+00,-1.416359619210425302e+00
-2.347051329077749049e+00,-2.083167881511373665e+00,6.292617169159782364e-02,2.875899158334180861e+00
-1.043284398201519858e+00,-2.407946180586539864e+00,1.258960847874120992e+00,-1.862603069478576012e+00
