-9.920364754628635540e-02,-1.116574492430643550e+00,2.941869918208968482e+00,1.577356321176891063e+00
4.367503788518214969e-01,-1.239293679019491945e+00,9.126336714124790861e-01,-1.104563533767229377e-01
2.391847778069967553e-02,-2.472601145070062234e+00,-1.114378085627902859e+00,4.335924760798506861e-01
-1.069173561428158115e+00,2.787935385835103516e-02,3.436244715563599783e+00,-3.957553845958145522e-01
3.692219428523328961e-01,-2.798830107656847588e+00,9.626937625598146475e-01,-2.166499564231374908e+00
2.341342927422979336e+00,-3.921678350982945593e-01,1.408120891211539272e+00,-2.755468119161597063e+00
-2.697895379006747696e+00,8.618278009029406439e-01,9.551155251879837882e-02,2.663748183360199917e+00
-1.367589832893516544e-01,-7.800540148868626567e-01,3.170831008355726732e-01,1.241102200276272605e+00
3.283480893101624165e+00,-2.005484521182304594e-04,-1.440186662452342947e+00,1.702284330819416214e+00
6.728362686975567497e-01,-1.092971678764140586e+00,-1.481550585627778638e+00,2.957967075088636655e+00
5.412219208486878097e-01,-2.405983017367322674e+00,2.612292189354258110e+00,-5.284889291082923712e-01
1.627612880412231400e+00,-7.998336391521887467e-01,-3.392124033433437713e+00,7.953758530390123704e-01
-2.138494359905763975e+00,1.408078603698353470e+00,7.984349712536974453e-01,2.018815859805855872e-02
2.347148016604594822e+00,-2.275829230900532796e+00,-1.617495397856004713e+00,-1.312581449045958859e+00
-1.736920608606636662e+00,-3.389718068670584117e-01,-1.320193169081423923e+00,1.486247309884343615e+00
-9.890250936208125898e-01,1.343250710849011487e+00,-2.846703312018236343e+00,1.359790315795178506e-01
-7.902703947539811979e-01,-3.117332315507063356e+00,7.980102345814868992e-01,1.462885185558577383e+00
1.987863154491284812e+00,1.284842579358840053e+00,-9.578427445410397922e-01,-1.383583593779724383e-02
-1.510301351198196862e+00,-7.273216910353477171e-01,2.392517595341742132e-01,-1.438399609372007060e+00
-2.547935031412699169e-01,-1.244126085767621737e+00,-2.108915205345170740e+00,3.009948567340073211e+00
8.201742435773524686e-01,4.705865170134230779e-01,6.864344348613857782e-01,-8.958019648477062447e-01
1.212150557595020661e+00,-3.153554006312678126e+00,-6.699884389134026508e-01,-2.176475198032167491e+00
8.718747044043316519e-02,-1.447450530526392054e+00,1.781975677429252780e+00,2.403225697599207233e+00
2.180736506064299807e+00,-2.050121548770148738e+00,-2.154156043825260713e+00,-1.078175939997847665e+00
-2.375810168826456348e+00,5.585466369901809225e-01,1.108517585715236148e-01,-2.488956178258674434e-01
-2.288354604419606808e+00,-2.126981935248097422e+00,-3.037775875204070664e-01,-8.452523410396363124e-01
1.062868496623823100e+00,-1.127021066515598635e+00,-6.045063863595931952e-01,2.372529412245615088e+00
3.336228403692634181e+00,-7.714615077867944537e-01,-1.778641034805140242e+00,7.867857581442795345e-01
-1.114164822219581463e+00,4.788491201003540754e-01,-1.357195763799729837e+00,-2.718210439578442106e+00
1.622160940621860226e+00,7.008871817138337956e-01,1.384582761245196858e+00,-4.970379757094230966e-01
-1.453547628389999291e+00,6.397310500668693667e-01,-1.185652732254066422e+00,1.099552851132456155e+00
6.998660798114925141e-01,-1.128692107248732146e+00,-1.523197849779594382e+00,-6.849551722534953369e-01
9.147153764311070079e-01,-1.959651118667484537e+00,-2.199260247039294569e+00,1.726900583253554888e+00
-2.321672416128092831e+00,1.856170513370205555e+00,4.349711492077868447e-01,2.543726807089030206e+00
-1.457721133727496454e-01,6.700512668527287830e-02,1.397013110930705349e+00,-4.186460277334071445e-01
3.021289672353015821e+00,-1.678244956505337004e+00,-3.076253309736918795e-01,1.467375142876898408e+00
1.671252605536975411e+00,-9.300646332852444687e-01,-2.909758968690055791e+00,-1.849505682693703967e+00
-1.643584903314378121e+00,-1.439166927057105694e+00,2.518388516261650611e+00,-1.042883408374046583e+00
-7.691786823300276188e-01,2.826068059302192292e+00,8.414920857760184170e-01,1.602233381918637622e+00
1.330694464238781682e+00,2.024417057084117566e+00,-1.285481754801782062e+00,1.888587365409579499e+00
4.332267085323990297e-01,7.130074872604544867e-01,2.956938146912241994e+00,-1.665490227383737087e+00
1.826353280421685765e+00,2.013551528929708567e+00,-2.882943494433326759e+00,-5.558759594480411348e-01
-1.008256204765112796e-01,-2.054933730580489115e+00,-2.594272681075521003e+00,-2.228305349707217164e+00
1.118281460334382915e+00,-1.394101579315621287e+00,-1.100011093934862183e+00,3.439761553119658366e+00
-4.495626966924748946e-01,-1.290876701283001138e+00,-2.821832341019899548e+00,3.488871947030992016e-01
1.514148263857541865e+00,-7.207898890555217708e-01,-4.827628143319016574e-01,1.604414479796534954e+00
2.534767366211891915e+00,1.295334475710075317e+00,7.333869441320389759e-01,2.195056748724951934e+00
1.104531229509058576e+00,7.354276956707149759e-01,3.215531961152849671e+00,1.142913168384292799e+00
2.497043346855890800e+00,9.766530422353612018e-01,1.466767070230592607e+00,1.445979137250170687e+00
-1.945361593564865821e+00,2.717700778306528786e-01,1.086148340376304811e+00,-1.995893393995340492e+00
3.439486262326182930e-01,-2.143739913602125569e+00,1.128449296027436377e+00,-1.905748959298766976e-01
-1.117368144356100518e-01,1.634936939193332606e+00,-2.541503917136277213e+00,-9.436445703414961805e-01
-1.821633487703752385e-01,-1.328858163110955726e+00,-2.452680208352215896e+00,2.278881166922668011e-01
1.338007113650147240e+00,1.394877765158659244e+00,-1.488390262054699043e-01,1.693027357774906205e+00
3.965929106561568718e-01,8.906212368782121525e-01,-3.312952681069863736e+00,1.379206840071686591e+00
-1.965901363257320233e-01,-1.672794216788987320e+00,-1.309269000183172604e+00,6.948455029205581335e-01
-2.465709900927993470e+00,2.674963597648098990e-01,3.127270189944236556e+00,7.184734307483661153e-01
1.045201303197283105e+00,1.677208617658618062e+00,-6.829636181892944080e-01,-2.546569125534166478e+00
-2.377381044784798725e+00,-1.766496094483240853e+00,1.380256980889810636e+00,3.808519508457182678e-01
2.449350971607340832e-01,-2.241212845703493883e+00,-7.476321614731160636e-01,1.171215685724302347e+00
1.350058710566612197e+00,-1.624013615550751188e+00,8.835440226285260490e-01,-2.202424896672882867e-02
1.454741679049777803e+00,-2.620158058159436809e+00,-2.452545194275012275e+00,1.075806200020162029e+00
1.339557292149689660e+00,5.437847691981231302e-01,2.168354391471862819e+00,3.954153515285404596e-01
-2.629987896637970834e-01,1.918532946076348056e+00,-1.412134548673949497e-01,8.605309222601772445e-01
-1.915204767496765936e-01,6.915667052015076477e-01,-7.509312610482542505e-01,-2.303048048841836781e+00
-3.764313252207269200e-01,6.632581202636003148e-01,6.825966623633221708e-01,-1.874097676084529818e+00
-1.110146023907470969e+00,-7.255625343268803373e-01,2.460436121212682625e+00,-1.721675902814082004e+00
1.947353410668262397e+00,2.206194817026900790e+00,-2.072976168399746300e+00,1.436856850566484489e+00
1.709460704584601753e+00,-1.646016118776133519e+00,-1.905898938702973305e-02,1.075241613366498372e+00
-4.194727896165145742e-01,1.117908159558384407e+00,-1.198309046409565592e+00,-2.296091663572615182e+00
1.148411994301392181e+00,1.901927142760195366e+00,-1.886607993040078313e+00,2.385479996674555903e+00
1.483670056535703885e-01,-1.065761052934641073e+00,1.950637066975709211e-01,2.644558229488436218e+00
-9.570983644392481171e-01,5.486084011325753629e-01,1.312841630981627095e+00,-2.026333879376045755e-01
-7.007525261060551514e-02,-1.524367688856139935e+00,4.805053459580075903e-01,7.578783334117615567e-02
-3.329433876942835102e+00,-7.002298943436040535e-01,-2.654454205827418978e-01,8.057354082668916062e-02
2.172611132340502849e+00,-1.566163397114820111e+00,-1.022592605365761687e+00,-5.262905684745976531e-01
-2.443850811388980748e+00,-1.709447804211979394e+00,-6.923620041193770946e-01,-9.510597667967783941e-01
5.540084334505145786e-02,7.299935208863125857e-02,2.137298545342049660e+00,-3.188843624336328286e+00
-2.098444634031740197e+00,1.986293731481588276e+00,3.735667923071159247e-01,3.712775176875580674e-01
1.737863670704216323e+00,3.667151951218596689e-02,1.998659411482647530e-01,-1.660467023426848376e+00
1.401579763765646580e-01,1.262389612597952127e+00,1.203537356240466094e-01,-3.683586974471107833e+00
4.601162308040725457e-01,-1.463920841547055041e-01,2.663886616386859085e+00,-2.186358100761731649e+00
-1.153057664408535743e+00,-2.832773765852024894e+00,1.924639459340051095e+00,-6.541740580389070470e-01
-2.063160138947622624e+00,1.374444988162732972e+00,-3.063343051912779558e+00,-1.077067532063642696e+00
2.073239203460082170e+00,3.034624985816038456e-01,-2.114646450491788343e+00,-1.309968669949137521e+00
5.345695601779272277e-01,6.714693238593898439e-01,-9.423608785183086312e-01,-2.872864413004265760e+00
-8.381737174161960624e-01,1.483467807633098046e+00,9.832394959029021608e-01,-2.886328524920870997e+00
-1.435590320318671287e+00,1.629962658430196054e+00,2.449037888528116547e+00,-1.033135793278705084e+00
2.539368858684423191e+00,1.631710798116816186e+00,9.366102267258178404e-01,-2.535883569467880072e+00
2.418515120178900801e+00,-2.772673440339016082e+00,3.325566808905720817e-02,3.407104707056176629e-01
-7.091573379379041420e-01,1.712667794564654677e+00,-8.862211616020636562e-01,-2.177601144121859456e+00
3.047599957987055519e-01,-3.334157952597473495e-01,-4.716638022552014919e-01,3.241652425390991965e+00
-1.564824237038847210e+00,4.172018347214889733e-02,6.300328544374218520e-01,-1.111144374381112909e+00
3.005396670476332410e+00,1.207947036454593892e+00,-1.632361026384042235e+00,-1.479614087880788131e-01
2.362742175623876728e-01,-2.225491878842437155e-01,-2.876532070385198203e+00,-2.639068920651112649e+00
-1.160872341224110871e+00,1.802513659669275681e+00,1.523895315712254561e+00,-2.165984340128102481e+00
-2.737484594541906180e+00,1.022153030501221194e+00,8.107353089751234698e-01,1.269164777427682189e+00
2.507829813717876721e-01,1.682179450073399307e+00,4.157983076648653631e-01,-1.491126501902218626e+00
8.647940127027705648e-01,1.546112757157243722e+00,6.388898755876153412e-01,-2.204712347293384500e+00
-1.623110496865506347e+00,1.600530943459094857e+00,2.575960409344195678e+00,9.821745192773050359e-01
-8.664947158177286335e-01,-5.531322894381371924e-01,-1.412940210459361579e+00,5.578377787453482339e-01
-2.633064256205710052e+00,-1.451829038468614996e+00,-1.384100494382032975e+00,-1.719692033979548729e+00
2.681524379387759449e+00,2.860994279796417739e-01,2.375010712625711840e+00,-1.880315755484623708e+00
4.161047442719587042e-01,-3.704597846091721158e-01,2.270002721140710111e+00,9.207429933317137216e-01
2.168451725212138526e-01,1.014848796024767408e+00,-1.892357974981553337e+00,3.171955988580000163e+00
2.444662251495397065e+00,3.857455098005806993e-01,1.903488651083104499e-02,2.923556989605478496e+00
2.053038470182545705e+00,1.916927264387025209e+00,-1.494067205978209523e-01,-1.529039575111164950e+00
1.135049177493379302e+00,-1.982913146680537420e+00,-2.221710593155417968e+00,-6.764560194966720008e-01
-2.836590573808326798e+00,1.729442443280552855e+00,1.423360293122867715e+00,-1.417923484379956856e+00
1.589632457322444736e+00,-2.033735049082884938e+00,5.527246846459611396e-01,-3.067938790149118411e+00
1.797701286057650449e+00,6.590071695676692487e-01,-5.760593852997490938e-01,3.542199617127872902e+00
-4.986083780787983200e-01,2.700825707689836097e+00,-8.044520233216732041e-01,-1.478233064800207774e+00
-1.109901921800451996e+00,-2.846479058686638419e-01,-1.582287809275954693e+00,3.314548185379426304e+00
1.212681702598592315e+00,1.068688874928825472e+00,9.728886078125555947e-01,2.386178678561770017e+00
-8.080591792306295318e-01,1.601731372254479702e+00,1.208052170022929361e-01,-9.599538541370515876e-01
1.195320655768584706e+00,-5.156039562846053033e-03,-1.922559857110067161e-01,-2.534194445486712688e+00
-1.573644305679632038e-01,-7.296894538441672795e-01,-2.575708697419928583e+00,8.074891077998178623e-01
2.593240240554210430e-01,4.866122329326510315e-02,-1.201479967605500798e+00,-3.429286000386925881e+00
1.339430688483549403e+00,-2.669616953204982934e+00,-1.828390461779375809e+00,-1.435340367986591703e+00
3.229335385451377771e+00,9.950012439334712244e-01,1.223154850994216281e+00,-1.514244763105893732e+00
-9.200265323160039532e-01,9.632004601643753272e-01,2.603960948654772345e+00,-1.546359987871879893e+00
3.920373431832764322e-01,-8.399596912400034698e-01,2.180683906965011354e-01,-2.709150158343614834e+00
-8.769353622879856314e-01,1.796662404258266843e+00,1.868129993816618484e+00,2.156474060904161050e+00
-1.166115925821679333e+00,8.569344072361614328e-01,-1.738560823111822362e+00,-1.245248475965980428e-01
1.599130556656114033e+00,-1.021684985779111265e+00,-2.706342578178306812e-01,3.037932255945189564e+00
-3.861822736536650424e+00,1.837822347745223794e-01,1.269230280919919629e+00,-6.552637012590002696e-02
1.610626132263651145e-01,-2.530567265975570468e+00,-2.018900851638219862e+00,1.034526609624665250e+00
2.755066543381560762e-01,8.411536491828634776e-02,-2.124976526610762306e+00,2.967304726408201976e+00
-1.125276581954278932e+00,-3.080156836270149245e-01,-1.514081962482698163e-01,-6.032165817485835024e-01
8.191610567514338026e-01,2.386098660674036420e-01,-2.412321369735252130e+00,-8.927349805410563777e-01
1.768298048548075374e-02,2.369167507018400620e+00,1.735244161877287805e+00,2.626124023639960559e+00
4.699888472647088533e-01,-3.469095552785954606e+00,-6.141599901534446904e-01,9.599965561511284440e-01
-1.879719404539412997e+00,-2.643414650361696427e+00,5.103247883821920849e-01,2.017752494142480035e+00
-1.244681050911121412e-01,1.038161688746163103e+00,2.868961860771769068e+00,1.165327150423075775e+00
5.787464455666924135e-01,-1.733629873357029449e+00,-5.967091706992150302e-01,-1.717150317404315674e+00
-1.161830975541698674e+00,-1.205452366710815681e+00,-9.227916830468353426e-01,3.611569908107543636e+00
-2.313284656145550233e+00,-1.037867189815536051e+00,-7.602991667072099835e-01,1.003960760455746559e+00
-6.069797429598399185e-01,-1.809903396355112326e+00,-2.099543828205226337e+00,-3.423139512674701068e-01
-1.616141377139918678e+00,-1.018892865734227104e+00,3.842516702534902462e-02,2.331632251589752958e+00
-1.576762199323421543e+00,9.000149280822923314e-01,-6.516027623220072007e-01,-5.060152024206918120e-02
-3.070060664476653489e+00,-1.860242090291319039e+00,-1.300516817356551558e+00,-1.033695751706564137e+00
1.737186176158923345e+00,4.999175990474469256e-01,-2.053957482879663843e+00,-6.872518665478750677e-01
-1.583323516521637941e+00,9.875164670770322228e-01,-4.115345630981784297e-01,-2.425557178462073527e+00
6.929025962088362078e-01,2.366008061535662232e+00,1.187814403693626897e+00,-9.116012957564986197e-01
-3.344457243173672545e+00,-7.175852869101511100e-01,1.184649588445213647e-01,-1.342381748605394387e+00
-1.296536228953655501e+00,-1.598707937995270445e+00,-1.069243980008618145e-01,3.387941038459627130e+00
1.160702441472543506e-01,4.189322232462442397e-01,-1.062177787839172050e+00,2.471501934647459819e+00
4.029999486956233334e-01,8.304667328903320156e-02,2.507083396352628224e+00,-3.025243245413152593e+00
-7.078421060075277271e-01,4.290108346579261656e-01,2.073095846236252093e+00,-7.573084788721553551e-01
-2.202717286133786700e+00,1.565367451823513667e+00,-9.923465950093017796e-01,1.716249779581830170e-01
1.024825968782763885e+00,-8.160132037707905628e-01,-8.393456214492626966e-02,-1.766186718879883655e+00
-2.508651759100281708e+00,-1.042199900559980019e+00,5.283443651825844301e-01,2.466001411017451961e+00
2.992308410345397629e+00,-9.068959256807815339e-02,-1.194086580306851220e+00,1.441191664612411216e+00
3.571877653030454125e-01,9.596221371069967310e-01,3.468668743635725971e+00,9.306859991241873686e-01
-8.368454320014193648e-01,-2.042697948054089885e+00,6.032801459031590374e-01,-4.685374391934242211e-01
-3.547169625525615350e-02,-1.865339089902835035e+00,-8.213206937505750371e-01,1.766323000221656558e+00
-8.491308031720607996e-01,1.514782252963866371e+00,-2.089752553419988779e+00,1.892554216884938523e+00
-2.189231168570805464e-01,-1.433179105264578812e+00,-2.371595657513360766e+00,2.708652127538416998e+00
1.942969143856716263e+00,1.553103738936215006e+00,2.085496124423287245e+00,-1.065838474694567273e+00
-3.301673548909715539e+00,5.301803898379140456e-01,2.067862840609637765e-01,-1.575534664501093918e+00
-7.975424847213535839e-02,1.909173595910484966e+00,1.632424545805619021e+00,-3.223757037135933423e+00
9.662882988847288912e-01,-1.137616326304520031e+00,1.820543615208242150e+00,-7.623777382092721266e-01
-1.048702474493082626e+00,-8.314243641809943020e-01,-2.805916822444328940e+00,-2.634961557068509208e+00
-1.455496537729152440e+00,-2.417279027279702230e+00,-2.700722686742786482e+00,7.223063256905023488e-01
-1.578927961727830231e+00,1.794101213301742659e+00,-1.882075864222153283e-01,1.695538728249877503e+00
1.693874649677995725e+00,-9.272691859632284372e-02,-1.669530591652617524e+00,1.632360910365517670e+00
2.930562742688876732e+00,1.515356228170836372e+00,-8.898315829148389922e-01,1.968108929289661413e+00
-1.241066791876764386e+00,2.735628745732489708e+00,3.959373577819733092e-01,1.736198321035446135e+00
1.960560235241174398e+00,1.754420364095809148e+00,-2.210468919204350957e+00,-1.377649242055229539e+00
-1.931435387570428874e+00,-2.278273138115811947e-01,-1.481377426629441052e+00,1.885293762409405716e+00
2.523343214312567362e+00,2.593547392370065818e-01,-1.728163196340505747e+00,1.155484104737555473e+00
-6.188851632483270970e-01,4.331189414083381761e-01,2.957732495126708550e+00,-1.659389418931075111e-01
1.507591528031017480e+00,1.009925513445238732e+00,3.235096866110874103e+00,1.528665589012988768e+00
4.306841004129778883e-01,-2.089793837332546200e+00,-6.489989072456057162e-01,-3.203196710619987009e+00
-8.565144193741249801e-01,-4.100001138264172118e-01,2.665138307680059437e+00,1.939916671727478281e+00
-1.457045066886343054e+00,-1.007526682132626750e+00,-3.636595983806326648e-01,3.664129932296769088e+00
2.861319604351205914e+00,6.127546581536345016e-01,-1.838236035964580184e+00,1.270564976037887650e+00
-2.274616853440879216e-01,-1.724064993029866377e+00,-1.716923915768657327e+00,-3.257413869719624433e+00
2.393368962366306363e+00,1.755390072533012269e+00,-3.454897048132838933e-01,-1.390120747091960096e+00
2.907341921776048110e+00,2.398803342165802377e+00,6.826585861641140118e-01,1.432310481655985068e+00
2.728913706475361689e+00,2.368288210869116117e+00,1.467285524638948679e+00,1.263232961662779097e-01
-3.913488753355259808e-01,2.763426869902151140e+00,-2.370344245472933764e+00,1.478675738689409158e+00
5.481144193866707148e-01,-4.871388365968644107e-01,2.124657140519207843e+00,6.315961363150550678e-01
4.240873802024020534e-01,3.167596835166054614e+00,-1.770516160705170705e+00,1.058011872382676355e+00
1.573508552602637778e+00,-3.545958749873037608e+00,-5.414865930092807034e-01,-8.308161768815357506e-01
9.693050683769998122e-01,4.157376708339373672e-01,2.645252140418005826e+00,-1.613987880722258073e+00
4.889850319389597577e-01,1.955242171930983819e+00,9.547363865861332455e-01,-2.900194886771722658e+00
2.851062321281030432e+00,1.195110564194378222e+00,-2.432056433154161645e+00,5.911114146713527528e-01
-2.260810032360099697e+00,-1.314059228152220982e+00,-1.889080206534063278e+00,6.910487757186621893e-01
1.075757311034539532e+00,-2.885388810434019291e+00,5.371826123526783903e-01,1.959675334413648384e+00
-2.677662520540019742e+00,-2.815156988538630500e+00,6.026627211236417203e-01,2.691545054131030401e-01
-3.236670240641290608e+00,-1.143640911023010354e+00,-9.198600994139427556e-02,-1.519875767186323223e+00
1.909927978547738325e+00,2.080795748640338338e+00,-2.886222788336356704e-01,1.269652468984425520e+00
2.023252028332596542e+00,-1.296078498223621311e+00,9.243498125741576033e-01,2.263479793231372827e+00
-2.695777784210216521e-01,3.578576943799908205e-01,7.413669573581451733e-01,2.362221750017946764e+00
1.307073559375432348e+00,4.654963403499562946e-01,1.645602424884091031e+00,-2.388829599992189134e+00
9.698484153761809390e-01,-1.239997441071824191e+00,4.713659374436218186e-01,-2.233025352991859780e+00
9.493245272732989681e-01,-1.083752917526869419e+00,1.645612483023974004e+00,-8.494848520653289770e-01
-1.354261628112360283e+00,1.354718131983772000e+00,1.341589125124796222e+00,7.306542422328572428e-01
-2.104540932237733752e+00,-2.195442904571493603e+00,-1.859782074444521260e+00,1.309627111047474202e+00
2.816093298137212764e-01,-9.407793280108440737e-01,-1.867622482812688833e+00,-1.538068582302965615e+00
2.463319901123210087e+00,-8.364305462031119687e-01,1.260595716040263214e+00,-8.538745813722895539e-01
1.550176922006974767e+00,-1.738334017622632510e+00,1.043899668638442746e-01,1.685345585163302573e+00
-9.630977406817834430e-01,1.893266668008763975e+00,7.901728194342523270e-01,-1.051338281339811109e+00
9.229820029870752229e-01,-1.498342200492571941e+00,4.954200224632900884e-01,-2.022720201141534613e+00
-1.046188204183505777e-01,-2.270962632334819098e+00,1.121785154431721887e+00,-1.409353620975541066e+00
-2.343424051750679915e+00,1.026242192539437603e+00,-1.656938502078085129e+00,-1.851440803838552362e+00
-1.684258182124177772e+00,-2.763320394320432971e+00,-8.163757429011766487e-01,-1.479873409122952621e+00
1.474265174398491363e+00,1.269751266367475484e+00,-2.139184865934413426e-01,-1.209237226696776579e+00
-1.010263564507507095e+00,3.346934796902334419e+00,2.805644488175385587e-01,1.069808561109431233e+00
-1.476238949127419930e+00,1.487635378297423427e+00,2.429116649155528940e+00,1.465356720402508195e+00
-2.221606523915421683e+00,-1.111954012841858373e-02,2.790803249807202402e+00,-8.995139206768181239e-01
-3.170695985659336635e+00,-4.343159326858858083e-01,-6.813436493554319018e-01,-1.593333358245403453e-01
2.387771375271850793e+00,-1.299731187766745677e+00,-1.436289995078531501e+00,-1.703146286134628928e+00
1.037748290055445555e+00,2.725170750978014311e+00,1.925319767964979389e+00,-3.506736751414356590e-01
1.264115509732286480e+00,2.439326366829617232e+00,-3.207551037693302104e-02,-3.531706039833851785e-01
-6.397590517365276952e-01,7.114516938316116645e-01,-1.622611316852760499e+00,2.988777660651340096e+00
-2.023160931111866123e+00,-2.774550025809054965e+00,-4.491698086921585564e-01,-1.780561964632989769e+00
-2.386546708367088820e-01,2.048403404430482855e+00,-2.965568828724263750e-01,-1.772482632435025574e+00
-4.738533186019058818e-01,1.030477104183731507e+00,1.785269892999744590e+00,-2.673034853455318327e+00
3.399607062469849339e-01,-9.645439948130057894e-01,5.734667495525664488e-02,-2.742351155440911903e+00
-1.407318407832583329e+00,2.772168969806578342e+00,1.336822029849820792e+00,-8.900171737257762672e-01
1.172906510126289353e-01,-3.177426097686942619e+00,-1.896521794731885535e+00,-2.940399161016228891e-01
-3.093271131576999178e+00,-9.916384835943741205e-01,-5.227213694651168252e-01,-1.275766534062138691e+00
7.008546654828901046e-01,-3.086202096224610170e+00,-1.713557163675496708e+00,1.139542180306836322e-01
-1.897478336846557756e+00,1.276466390353369507e+00,-2.154436832202140994e+00,-5.594701729630471299e-01
-1.781388182508687468e+00,2.452386321576277339e+00,4.834580791173873071e-01,1.546952682211016228e+00
4.700757093079219739e-01,-9.533675613432179841e-01,3.583445142084838997e-01,-5.474684377366607624e-01
1.752213387117369958e+00,-4.082124490184966814e-01,3.226544196270397097e-02,-1.626216672475504943e+00
-2.883590139376618566e+00,-1.586200951668263137e+00,-2.104656413012298444e+00,-4.760748459862815252e-01
-2.203716206560605073e+00,-4.107174224402340146e-01,-1.672653686890052116e+00,-1.319822536794106993e+00
-7.510213621776573589e-01,-8.657572360591755389e-01,3.445242332647318495e+00,1.699722964531812819e+00
2.064313501091579628e+00,8.355569335771758643e-01,-2.462549465492497980e+00,1.289811044814317631e+00
-8.240737697918537608e-01,-9.703735293716456711e-01,3.052841379267773103e+00,1.295666403012410095e+00
1.851274318268104180e+00,-2.395209667770792361e+00,8.263403700445411948e-01,8.565618732092186161e-01
-1.255175223254853201e+00,-1.443249894540842293e-01,-2.959795890134744756e+00,9.253152961116183350e-01
2.766867419823738850e+00,1.821656838054939720e-01,-2.353344779892402538e+00,-1.641410639775196190e+00
-1.780638402189905767e+00,-2.565852860486240061e+00,2.609164725164974108e-01,1.814251966117012227e+00
2.031074533768210677e-01,-9.315011915903942397e-01,2.131823563103364405e-01,4.943032067048520606e-01
4.277456214505308552e-01,-1.761397057632869245e+00,2.186724363160525986e+00,1.388924280480354323e+00
-1.605167966602930596e+00,-6.425079743784336550e-01,-1.413158701375972548e+00,6.510067666698300393e-01
3.096122042353393056e-01,1.316507287849016050e+00,-2.611083152032836363e+00,-1.057114256404930508e+00
-6.586991535472898340e-02,-1.955052662469701108e+00,2.661500518670847804e+00,5.235207614533082809e-01
1.504509603015846908e+00,-5.734160416931937121e-01,5.339889085845175298e-01,2.424011078553183651e+00
5.366267712382732924e-01,1.953838443458343899e-01,-2.584699855225541132e+00,-2.170771053865134359e+00
1.675365594602634012e+00,1.175930203595095147e+00,9.981398182577928546e-01,1.570766763892282245e-02
-7.412020802460398405e-01,-3.715149299941678529e-01,9.789100496495551917e-01,2.120945720069652152e-01
-2.934413319323735392e-01,-1.565712465551159616e+00,-2.518172551242595425e+00,-1.155484159378977971e+00
9.320516353583350178e-01,1.746219770848498998e+00,1.019378260124798263e+00,7.090412913103384396e-01
-6.322228518941521713e-01,-1.352765580533227485e+00,5.939810218877964454e-01,5.978620904628045851e-02
7.904415535804213411e-01,-2.211238426561772941e-01,-3.090667986607086526e+00,-2.076990270550355788e+00
-2.058304152741496362e-01,2.108379050855410775e+00,2.159454085674342050e+00,-5.979597898485595753e-01
-1.298323439901448939e+00,-7.497450962112996997e-01,-6.728767318497722583e-01,3.540708261921629019e-01
-9.538408088405084806e-01,-1.447302354873913455e+00,-5.747015373359021240e-01,9.820958413124393216e-01
9.106775172747390013e-01,-1.798864717478745545e+00,-1.490406622755664712e+00,7.660154983414087237e-02
-3.438959546977467863e+00,2.450503817654592631e-01,-7.703220435496563878e-01,-1.742755012913648427e+00
-3.418615741263512087e-01,-3.385795893121362532e+00,1.866346695507206332e+00,-9.860693700021055941e-02
1.389698099530426723e-01,-2.571572637632304037e+00,1.729498430703521272e+00,-8.663022259791830493e-01
1.162560016474235569e-01,-3.999452366566784156e-01,-2.526093397533915930e+00,1.654675149185910188e+00
-1.646964258240487089e+00,-2.157199105176760057e+00,8.045462111670134142e-01,1.073428628582989930e+00
9.250262684605153884e-01,3.148171593122030210e+00,1.414166458202842924e-01,-2.045727836191165494e+00
-9.076979633762789490e-01,6.051282095891778734e-02,2.410208909737869387e+00,-2.024613297714468629e+00
1.689134368585840207e+00,1.515416211088733034e+00,-8.129074932983599844e-01,1.598949711509024985e+00
-5.267331244558477454e-01,-3.239260963857098385e+00,8.370088985900159262e-02,4.170175686834129425e-01
-5.989281831066635142e-01,-1.750297495293076766e+00,-2.726776332619921472e+00,1.789680885874564753e+00
-5.124953226516774235e-02,1.260973309606208792e+00,-6.873678050289286912e-01,2.205476158797715858e+00
1.546375309056481795e+00,-3.566345083510156666e+00,4.043538393650160379e-02,3.675857664517835910e-01
6.331017273407336943e-02,7.670047449776792314e-01,-6.223274457941232463e-01,2.145920133908417515e+00
-1.317205589154005096e+00,-2.266367669270151208e-01,2.756721670795829304e+00,-2.436966256223664917e+00
-2.100088817697900012e+00,-1.036750889214934856e+00,-2.369771081547538127e+00,1.582694956451076440e-01
-9.659260545038000911e-01,1.255480850537413096e+00,7.850482959741915401e-02,-1.146428674743424914e+00
2.034188506654005302e+00,-2.094672568091206222e-01,-2.700069968786554142e+00,-1.627782509853761717e+00
9.418035351430558144e-01,-1.061574410766325860e+00,-2.067489761323415109e+00,-2.030134704827684544e+00
-1.926849979878037855e+00,1.963426850540913315e-01,-6.606353141970676690e-01,2.663053633939649778e+00
-6.084195528842364226e-02,-7.575708335415817229e-01,-7.112115257066884411e-01,1.562057130332942245e+00
8.074412562271137128e-01,1.992822109221045190e-01,-4.617582472898347223e-01,2.479187690489653928e+00
7.329038562933273271e-01,-1.058122585917055547e+00,-1.491388065128811669e-01,-3.306136541924098005e+00
2.026585807639985082e-01,1.135968914960456155e+00,-3.866138858051091365e-01,3.698862581827288665e+00
-4.357797707993967262e-01,3.048894689994352980e+00,1.641982836879015695e+00,-1.573219436611019706e+00
-7.253197099810446691e-01,-3.253023080385481602e+00,-1.949454760112340423e+00,1.167319206393809816e-01
5.629290493754212088e-01,-2.717068413752569356e+00,2.672262875805563986e+00,4.393376964010515806e-01
1.373115651059040987e+00,-6.470509144519446913e-03,-2.592989518920686187e+00,8.151087816614439596e-01
2.267192145949577409e+00,1.150317163657638808e+00,-2.749281157588256086e+00,-2.613947426522880146e-01
-3.064760133421267962e+00,-4.842302056562313717e-01,-3.866725954561889278e-02,-2.180350248199383056e+00
-2.648176527675005776e+00,1.104748204958482471e+00,-1.506234105164420273e-02,2.188629929667053720e+00
-5.078170333344880216e-01,-2.108290269599184807e-01,-1.818648674758759076e-02,3.735246489947654069e+00
-2.485883375007096607e-01,5.786074073305093046e-01,1.843845707895793717e-01,-1.431426190703670942e+00
-8.708455218383318597e-01,1.337519407818670292e+00,-8.064405838208179578e-01,2.443303708510977945e-01
3.292731468022763508e+00,-8.641213813191574861e-04,-1.765115107930989913e+00,3.278661072306085500e-01
-6.745512945871153798e-01,2.274889338790510251e+00,-3.615512151703642596e-01,7.355514695770050126e-01
1.077053921320112240e+00,3.031792626144453440e+00,-2.629750951267833536e-01,1.793410099796134194e+00
1.258664860989461065e+00,-3.592936792097269016e+00,1.161227349840035616e+00,-3.869642820875594524e-01
1.635580474086452130e+00,-1.474417277945255123e+00,3.213700213075873169e+00,-3.226163578771880092e-01
8.977561730041654364e-01,2.437084173987421332e-01,-4.735127545453490100e-02,3.419024988435289902e+00
7.953702910176863039e-01,-5.711221501384816657e-01,-6.328741312023572485e-01,1.565616253469471753e+00
-1.539138939140257678e+00,-2.843416395402001307e+00,9.990275119487362909e-01,-3.525184398748189007e-01
-1.436149467974281724e-01,-1.269193633779044594e+00,-2.207529197908708607e+00,-5.430229642683773728e-01
8.145160213835759278e-01,-3.518210106500684553e+00,5.496385635104303891e-01,-1.397377571509620831e+00
2.289043095306519504e+00,-1.895696366203283745e+00,-2.392837982235682670e+00,-6.768737780931000092e-01
-1.508484130462428574e+00,1.371715160827868374e+00,1.043748896277161498e+00,3.297896501747475950e-01
2.230000953029258326e-01,6.509765251713061085e-01,3.282158327454506530e+00,-1.944207559761469195e+00
-2.385428089751761238e+00,-2.078391335044694976e+00,-1.122269661621220438e+00,-1.165122650159802875e+00
-6.010161425185989170e-01,1.749750325231061998e+00,-1.295153890818931952e+00,5.850496870251562509e-01
-8.208495150812393781e-01,-2.641391824354276108e-01,1.968072865296984331e+00,2.466943881450649911e+00
2.664133823160425574e-01,-8.891889875740769389e-01,-3.449416916035685787e+00,2.756209772276320136e-01
2.287097060324401188e+00,-3.096212512556937302e+00,1.068766258681697945e+00,-6.311389355337648777e-01
1.768098586154463137e+00,2.754867081528962758e-01,-2.006229516153094750e+00,3.592796890159200562e-01
-1.987789384660181513e+00,9.109799431328826635e-01,1.024541775407693978e+00,-2.387719241874758924e-01
2.732059922363829774e-01,-1.310075689860237924e+00,1.896318793007557568e-01,2.931900661797674612e+00
-1.361314521120116305e+00,-2.055810566183800869e+00,-1.376468853574939200e+00,1.070390093436913936e+00
2.908284168276241477e+00,6.191934795711371287e-01,-2.718039569499842295e-02,-1.001038870220874788e+00
2.798856872904930682e-01,1.918492171332478957e+00,-1.844977421002066187e+00,3.075154115947798417e+00
6.677211495600426927e-01,1.845433609103253714e+00,2.948331538858982359e+00,-1.028257927382066672e+00
-1.998837779084424282e+00,-2.337448981246170732e+00,-5.096328733615720363e-01,-1.570135039575405456e+00
1.755497465456139050e+00,-2.434095196640148284e+00,1.869022819213483677e+00,-9.301297462065406529e-01
-1.499972445610920468e+00,-3.277002899166610916e+00,-3.629930102086427190e-01,9.778808816426961537e-01
5.806506064625922559e-01,1.047610647751688662e+00,-3.245209581546576239e+00,-9.081292322326537381e-01
8.948955025917605666e-02,2.190314540324676429e+00,-9.323646021576887932e-01,-3.087135688019761570e+00
-1.914834884769250456e+00,-1.479679343165710037e+00,1.428080328524593101e+00,-9.480345555825948622e-01
9.695485412833414474e-01,1.415308547576952236e+00,1.269479777309567403e+00,-2.917353168020470067e-01
8.661967469488119908e-01,1.679575397987723928e+00,-3.120278420446494505e-01,-2.194708352334172830e+00
2.098368643338535122e+00,7.893337845744459180e-01,1.244235621539652614e+00,-5.078172853155412669e-01
9.504709514463101083e-01,6.430406533385040202e-01,-3.633438724407458853e+00,-4.551451237042754561e-01
1.424443465279037202e+00,-1.797581226943588462e+00,2.388385839206310646e+00,3.091979634088080076e-01
-2.206036239000984889e+00,-1.217953324271602522e+00,1.578080887993412951e+00,4.004392947564853200e-01
1.839298853154419877e+00,1.330778934094820842e+00,-1.035040868960448002e+00,3.140147689878983073e+00
-2.635843078695272457e-01,7.181311273551153063e-01,-1.316749128324056883e+00,1.712970520420549203e+00
7.228472691265778183e-01,-2.432502344469844036e-01,-8.981701479550785461e-01,1.974276782922288032e+00
6.780929221187194100e-01,-1.454985292405059250e+00,-2.786445551888813821e+00,2.332145788051572577e+00
2.764307517056852070e+00,8.399073282701249310e-01,-5.914516624172243553e-01,-2.115265846831993812e+00
1.616067786222809666e+00,1.691440227097869897e+00,-3.192515432106753259e+00,-7.582172377691115406e-01
-2.849605872420112540e+00,-6.171839749497780581e-01,-2.408708030596491856e+00,-1.185782268680334317e+00
-3.600098924778430409e-01,-1.766168852914018761e-01,4.115800924185472054e-01,-6.562149808398555217e-01
-3.021430479877442732e+00,-6.881629433953876385e-01,8.731929928009467545e-01,1.937812429155882032e+00
1.671663404293780575e+00,-8.784370938245597005e-01,-1.430902010626329546e-01,-3.341445137476123595e+00
1.843374804039752679e-01,-2.188411372991888815e+00,2.014406847963286840e+00,2.659792833292057956e+00
1.179847162893020274e+00,1.900361301773387801e+00,1.988549791842765924e+00,1.609690590552864453e+00
-4.854669925271147268e-01,-2.800630538092749422e+00,1.512609557321437759e+00,-2.174218386241154322e-01
2.237970070051397364e+00,8.833805405334722582e-01,2.317159346424660260e+00,2.094711825146664097e+00
-2.564038812225457153e+00,2.106039182790611364e-01,2.766794450388531779e+00,1.525128248165132705e+00
-1.671802761646752344e+00,-1.345763458182964944e+00,2.135276604204729090e+00,5.188955264636779113e-02
6.957711512613795612e-01,1.232368069327728133e+00,2.056067890551523114e-01,-1.516839620755038975e+00
3.017170303530002595e+00,4.306177516412785788e-01,2.452729784449340755e+00,-8.998565599746721766e-01
-3.830336615120319421e-01,-1.182617989182364493e+00,3.677109502866794166e+00,9.435675436328072596e-01
-1.875585506533537838e+00,-9.450070820221907406e-03,3.297623776309317467e+00,-3.958300402198315360e-01
9.763729985187127314e-01,-2.854176974765463726e+00,1.737923997502173856e+00,1.673704772662283569e+00
3.152276882552285997e+00,-3.406902264016127835e-01,-1.000756181047836257e+00,8.414069690832483017e-01
-1.479741067124330067e+00,-5.025408800991086888e-01,-1.014088317084308244e+00,-1.317415965981682202e+00
-3.928175401682094253e-02,-1.378505186484770384e+00,-2.565692825943651112e+00,-2.140931184703612211e-01
-1.189496346713151853e+00,-2.965536567764937459e+00,4.128184550810182901e-02,7.166706540897680444e-01
7.956615905100287156e-01,1.308274199726807696e+00,2.579981973957268693e+00,-3.244473442738584623e-01
1.274794780312082265e+00,-2.044495013162060948e-01,1.026771524309031403e+00,-3.049681174848848375e+00
-1.585303739772308207e+00,1.431527646076112159e+00,-1.841401976200692514e-01,-1.342928298745449389e+00
1.586555055733302355e+00,9.170296711282682756e-02,-1.151154415823353094e+00,-2.985317245477498549e+00
-2.507064967528163102e+00,-2.811321425911865735e+00,-7.623937870975380227e-01,6.173658175940930359e-01
-6.499960787455646427e-01,-3.004108046457159453e+00,1.101740687845093714e+00,-8.409194172096864373e-01
1.966383408925598486e+00,2.057043703020469128e+00,-2.480978451032223475e+00,-1.171519647454283691e-01
-2.837334587514647843e+00,-2.081256536361796083e+00,8.419859400177494013e-01,1.710844225304892552e+00
4.731383073919180338e-01,2.930572767979497950e-01,2.278755156542817684e+00,-2.099467831022856945e+00
1.293945085548887583e-02,1.497792996992642234e+00,-2.676254036920263424e+00,1.420333913665225323e+00
1.283748308461939436e+00,1.578874566549002267e+00,3.012447390326532748e+00,-1.929888426837289561e-01
1.378183241165191086e+00,-2.816180281294514476e+00,1.931652036608399570e+00,-1.528839502094320624e+00
4.902451060759747958e-02,7.858214666864283826e-01,2.253182625861166688e+00,-2.031286059536684618e+00
-3.543528185047995493e-01,-3.613890429903478529e-01,2.787944874274627338e+00,-9.392681918829541843e-01
1.887467467591742443e+00,-7.360680294065450324e-01,-1.860925285155668796e+00,4.992988324359147745e-01
1.616458146362149240e+00,4.476871705568282733e-01,2.549982799992558946e-01,-6.004924023899125274e-01
1.995757940246905227e+00,2.683370847312570362e+00,8.099494800584098320e-01,1.068166365377737126e+00
2.052812150913961631e+00,-1.454883130746851050e+00,2.228054186593856123e+00,3.855848432581610030e-01
1.109607223668015230e+00,3.021756295663242220e+00,1.753583959064753284e+00,-1.587762707862505840e+00
1.631956844146379204e+00,1.516552315299495524e+00,1.132157522056709276e+00,1.933494486631923470e+00
8.892858005350656736e-01,-1.071355935025764428e+00,3.284814870825552013e+00,-1.643632440189207955e+00
3.291859871452629260e+00,3.701288691379356344e-01,-5.981163869526890942e-01,9.593701322664698328e-01
-1.651820253450059894e+00,-2.659197276712797819e+00,-2.032026910261110597e+00,-7.219266116499900576e-01
5.878005909732133549e-01,-1.436535986999212117e-02,1.585378396279623292e+00,8.533560742343889727e-01
-2.317726138377586231e+00,2.180921997863841388e-01,2.886411541879327025e+00,-1.696601314258513238e+00
5.377180932368964550e-01,9.713350197977164147e-01,-4.830820781715853829e-01,1.934894619779099489e+00
-1.771259753066526110e-01,-1.637250045300627121e+00,-3.282306720330498084e+00,1.186894273882846074e+00
1.862791758404075848e+00,1.272982813582536954e+00,3.291362643928750775e-01,1.090275136423776825e+00
3.406056439787837342e-01,-4.910880091791000601e-01,-2.714967801952513859e+00,-8.484970691241037200e-01
-5.743985661514610097e-01,1.007047126658176639e+00,1.250966274239912579e+00,-2.538952547885849231e+00
9.904170842231757588e-01,-1.873776363784348309e+00,-2.804910369798382597e+00,7.984414674978906890e-01
1.928489912088656499e+00,-1.373152762588280895e+00,2.361650370348960859e+00,-2.116143757954978000e+00
4.729504701902913499e-01,-1.634381086407801220e-01,-3.171567608702540841e+00,2.485924518850419346e-02
-1.226491569689952099e+00,-1.799330963172957876e-01,9.366679070826260389e-01,-1.039120525420687668e+00
3.841654413726185435e-01,-1.564107582774426852e+00,1.444852349271513181e-01,-3.462857235881218632e+00
1.292917604897115380e+00,-2.268872993952122386e+00,2.160897516846076893e+00,-1.871386357172154069e+00
4.042440025924890490e-01,4.341719625772278990e-01,-9.267368090149952220e-01,-3.121278210255596708e+00
1.517472914748136725e+00,-2.456747429361167523e+00,-3.107606370286062486e-02,1.418996884928206415e+00
1.974441440031476258e+00,1.121861684089803024e+00,5.148702031971975623e-01,5.100863175195494703e-01
1.836923062093467784e+00,-1.953089691673690398e+00,-4.310412560739625421e-01,-1.297820164342391891e+00
-8.317047278408568056e-02,-6.553623217117776623e-02,-2.160829480287408622e+00,-6.617004223369981064e-01
1.300961396827933436e+00,-1.000672113708219069e+00,2.508816138498703552e+00,1.301214218323772043e+00
-1.913419284086516625e-01,3.865380471999082079e+00,-2.296757347015552231e-01,-5.053067008349437783e-01
1.037873133133136033e-01,-8.276857582735034358e-01,-3.172332292931140163e+00,1.235029325699724900e+00
-2.030681879238114274e+00,3.317020126660322532e+00,-6.637491534616493105e-01,6.821471360998416777e-01
1.318921346790778326e+00,8.310071757026477046e-01,-2.990964437682539501e+00,-1.766181790785740668e+00
-2.601573051190527508e+00,-9.879102316720941301e-01,1.008060721053924746e+00,2.101098729135540744e+00
-1.247096999238351128e-01,-1.975056749929988698e+00,-1.286592641379912916e+00,-1.650156489522768555e-01
-1.616790408681006763e+00,1.868449395378306122e+00,-1.312111359740558481e+00,-1.856038385613101305e+00
-2.527652415362485194e-01,-1.921654988531414643e-01,-2.178715121377520436e+00,2.511852392459708039e-01
-8.590262094254146330e-01,1.769796674219600074e+00,2.645543022719665793e-01,-9.074905482840104343e-01
1.423616756353655255e+00,-2.830287775594853006e+00,-4.948046831158940950e-01,-8.973140812226678698e-01
2.479916232999241466e+00,-8.730351811340391066e-01,2.610250650110716109e+00,-1.102857946196495131e+00
-2.053676941345124352e+00,4.287363452325551605e-01,1.959277610809532222e+00,2.492328838449951345e+00
1.324884687443325992e+00,6.970495528852101996e-01,2.104551966418562792e+00,1.248404143534330046e+00
-2.825862857211247636e+00,-7.024349495782685748e-01,-1.102524301292711284e+00,-1.055844421745399497e+00
-4.956367243071609918e-01,-1.138095374617307698e+00,-1.543870597907248399e-01,3.030226641404415666e+00
-3.567885965594926878e-01,-5.108755639090868383e-01,3.020736002975504153e+00,2.591014813264370664e-01
-2.050910974803869635e+00,-5.465439100890737700e-01,-1.084215277447827086e+00,-8.530161875823627504e-02
3.000047073489447325e+00,-1.991870104991657175e+00,1.443726438313747140e+00,-7.368860630489162400e-01
-1.919609741283801130e+00,3.022371474891513365e+00,1.297355821170274703e+00,6.312874649564437224e-01
-3.320568577041025371e+00,9.623154797458639553e-01,3.134396401277820821e-01,5.085561527484576683e-01
-7.848178740864382164e-01,3.141499073415630505e+00,2.002086398494755226e+00,-1.318764018818055384e+00
-1.238215473524250099e+00,-3.436994073908170577e+00,-7.172324846939103216e-01,1.291232615720764532e+00
-2.012867341829860379e+00,2.457197220863858611e+00,1.556794110355747218e+00,-1.232647867305012079e+00
-1.464100177610687226e+00,-1.091060226156172486e-01,3.381481568676861560e+00,-1.615941478269976805e+00
1.528767036340230367e+00,1.333623827340999712e+00,-1.894547093798024440e+00,2.274948954816407909e+00
1.877563450766935205e+00,-2.599467836056498893e+00,-7.161654560648922363e-01,-1.772633660192560745e+00
1.836247861091143685e+00,5.912933082332185730e-01,-1.720375567990328758e+00,1.286968314559022053e+00
-4.236486768242343492e-01,-2.255393182253779383e+00,8.260988644309771312e-01,-8.418736667081790914e-01
-1.111551286869825184e+00,-2.314147879921029549e+00,1.317689506974030644e+00,8.520918023213658321e-02
-2.367970982657815249e+00,-9.658444191115539423e-01,2.452902550782379620e+00,6.907978626587655269e-01
-3.051323741145655966e+00,8.184924840760396947e-01,2.450431742692261494e+00,-8.063899842434892884e-01
-3.924019289236860275e-01,1.337373527622119473e+00,2.177728384647592108e+00,-1.001384167506440326e+00
6.918440327852353189e-01,1.360656482950424628e+00,3.694981226962152920e+00,4.389315500262505609e-02
1.504704372818829405e+00,8.131558890923828997e-01,2.720525201026931850e+00,6.205500378228303582e-01
1.197556627782748739e+00,-4.416010592650251310e-01,-1.974840241392559426e+00,2.702343342100240742e-01
1.471550187638485996e+00,3.196409369312022353e+00,-4.787747079555813579e-01,-5.200197818495280178e-01
-9.625104932941710434e-01,-1.367947577797542724e+00,8.168255902195571405e-01,3.330430717993170475e+00
-1.568918809282716209e+00,2.947138000315556283e+00,1.742180791348567181e+00,1.602989175004248867e+00
-3.184583125811947246e-01,-1.178554943317572379e+00,7.620122220360389109e-01,-1.468074331564154678e+00
5.504013219702985626e-01,1.489322423060938316e+00,-3.578232866062255990e+00,7.134650548480161447e-01
2.009481890757357725e+00,2.206703403209947734e+00,-2.202502736652300896e+00,2.439577149741786743e-01
-2.208204287289436074e+00,1.411919949609388436e-01,-3.283314038762004117e-01,-7.943061453229186553e-01
-3.334885582379914504e-01,-3.719410792961915235e-01,-3.813980972989073681e+00,-7.081785727539313680e-01
-9.598266944275064827e-02,2.690436678900855139e+00,4.434956810067447464e-02,4.775695930360956409e-01
2.439453987016781511e+00,-9.628968410666254307e-01,1.603309802750603197e+00,1.378359510331325311e+00
2.448606056923383623e+00,2.602790228932749805e+00,-2.342384315602134559e-01,3.883274955630274805e-01
-2.301726068752308230e+00,2.352427634574504545e+00,-3.325370624122396257e-01,1.547647497980330522e+00
1.462495678256230613e+00,1.226304416999238978e+00,2.795436393521078866e+00,-2.148651571613951372e+00
-1.620541564033769255e+00,-1.641483067791851047e+00,-4.840120561160321522e-01,-5.804269427298737460e-02
7.562404748739861571e-01,-3.209054072210939967e+00,4.614130080572717563e-01,-2.009684920224529492e+00
-7.228026851719310253e-01,9.259614731973456747e-01,-2.595609096342689437e+00,-5.647149815926144623e-01
1.875338074821399248e+00,2.130316766895502534e-01,2.160933363317591560e+00,-1.344727242842977510e+00
2.331441027719325376e+00,2.015575508370569757e+00,1.303663513602680846e-01,4.546525807605676928e-01
1.079193554853626447e+00,3.063762034783387378e+00,1.392141422659170180e+00,7.004288997214834778e-01
-3.777627093896491345e-02,1.988998660467419688e+00,-2.505501950576088710e+00,-1.554488256080522657e+00
2.023273617967356497e+00,-1.564671240158158394e+00,-6.218758152100124503e-01,-1.804351316963967999e+00
-2.775193082976410430e+00,-1.722662473296681762e+00,1.065566021091129301e+00,-3.491358057112912694e-01
-3.316920736090871458e-01,1.327324364859046257e+00,8.958615179989112276e-01,-6.977190044159810034e-01
-1.606046895449931566e-01,-2.626073707028822035e+00,-1.413170925642490694e+00,-1.663603782194866376e+00
7.657411948014326564e-01,2.218535798800088665e-01,1.711876236702144505e+00,-1.679972511847523053e+00
2.560573991104335256e+00,1.843959097516053580e+00,-3.153563292274462748e-01,1.273086720756861467e+00
-9.321459394326818693e-01,-2.033033601704941906e-01,-3.387466469801258651e+00,-1.889260001622777185e+00
9.870778758063388780e-01,-2.408635729994550001e+00,2.502670718647035830e+00,-1.712466980523849713e+00
-2.649686252122215091e+00,1.460717302982929677e+00,-2.355093835657098289e+00,4.913979905394595671e-02
-1.703267695997205289e+00,3.882404557996016470e-01,7.962545702583072593e-01,2.266839349400969095e+00
-8.314173943587289672e-01,-1.258232617947139920e+00,2.169678148615320268e+00,1.440793548927394641e+00
-1.237525392921806217e-01,-3.008928489745676602e-02,2.151953177980819198e+00,-1.222694845393216267e+00
-2.075885508053417983e+00,-5.031704757848417531e-01,-2.643850323700063232e+00,1.816536542738100612e+00
-8.787987221616514466e-01,-1.227561093391077218e+00,1.068291833832201859e-01,-8.293499081334382295e-01
-1.996944014584622895e+00,1.072220719518149012e+00,5.687220126092704664e-01,2.375938165496528143e+00
-1.802692387978383604e+00,3.067560824068256142e+00,-1.490408309309087520e-01,-3.136621695187934433e-01
-1.582949526521115757e+00,-1.077139235033607978e+00,1.800063096178607269e+00,-3.303191460688414405e-01
8.094965159609325556e-02,-1.028826867200624440e+00,5.705523467697120044e-01,1.404819697900228981e+00
-9.075728973601575600e-01,-1.194327174376106804e+00,1.355061195267918128e+00,-1.424715847957418902e+00
1.072329593835737116e+00,1.749597784659230326e+00,-1.562046559079327546e+00,-2.263982572534922966e+00
1.930591973165818986e+00,1.589186579270313038e+00,2.257725891462810441e+00,-1.599616709201850950e+00
-1.128563402316725417e-01,-6.112402373153293933e-01,-2.025609656362304944e-01,2.447296795271409309e+00
1.793716804770252971e+00,-5.697072352768270953e-01,-1.539953649274420133e+00,-1.001398071981918436e+00
-1.430861560298543333e-01,-3.201946280477351525e+00,-3.610526342538123989e-01,-2.192941521894274659e-01
2.987149984411922699e+00,-2.231427431437942310e+00,-5.602727953316885001e-01,-1.242695290417630050e+00
-1.194379215877605427e+00,4.553891053708424841e-01,1.012473347860360695e+00,-3.390281499740821491e+00
-1.651967699558338332e+00,2.470155110504654861e+00,-5.430648080408150280e-01,-2.027140624543056546e+00
-2.206412988927285435e-01,-7.022807511905129196e-01,-1.383149346585222705e+00,-5.161947220400248115e-01
6.839901968463738546e-01,-1.445396274762616562e+00,-1.063531037366225895e+00,-3.077502184461295087e+00
2.243640101959426314e+00,-3.194099046589715107e-01,-9.206601907756134517e-01,-2.796166644727547723e+00
-5.401531742079562770e-01,5.931670444786732999e-01,-5.862182211727875458e-01,-1.672794726728761505e+00
4.615257980519071324e-01,-1.586364617267304267e+00,1.547454604810939438e+00,-1.697565612364151377e+00
1.679494735266880312e+00,-8.060049189940267089e-01,3.374583663863219840e+00,4.911297132591829206e-01
-2.730129276681898531e-01,8.699798295595363440e-01,2.407709913173464500e+00,-2.906065773566679500e+00
6.681760358869022198e-01,2.988132291078958058e+00,-5.711716355262183020e-01,-1.977824090197473295e+00
-4.531181025968344378e-01,6.159219580672683353e-02,-1.834233656408724489e+00,1.288092186500362279e+00
3.819292902849485971e-01,-8.263923080855639647e-01,1.550978383066926147e+00,2.796791099653179735e+00
2.038547817799159390e+00,-2.049093688106847111e+00,1.682340399203357428e+00,-6.011382181608525554e-01
2.604033917417266863e+00,-1.317491798924502078e+00,-4.270437065879069682e-01,-2.397400778720848447e+00
5.997681959359764114e-01,-7.321240464996693342e-01,-2.225899218102263433e+00,1.347486319282074518e+00
9.365899224037190288e-03,2.849099722510498811e+00,1.956898388360440305e-02,-1.497913523174785044e-01
-1.986983639848170391e+00,7.282169132375737597e-01,2.160468783768945578e+00,-1.954917368891939677e+00
-1.419805171008433342e-01,5.750754974738256919e-01,3.446702024946894927e+00,-4.852228476083067510e-01
1.395656352843357650e+00,-4.599389395909875833e-01,-3.477579007659113763e+00,5.664627328755547087e-01
1.049393142151507030e+00,-2.207063767784889219e+00,1.625822779853315581e+00,1.268870295949832139e+00
-2.173426756601315457e+00,3.604863700550344774e-01,1.972138188249770163e+00,-2.510544969176272456e+00
-3.494881760860334974e-01,3.694385838378584364e-01,-9.418852061475265769e-01,2.272695570330354631e+00
3.334249229893336830e-01,-1.438171437748168857e-02,2.370910629939620318e+00,-1.641725449710099705e+00
-3.465333624561365067e+00,-1.249152063376028687e+00,1.626131085643305552e+00,-6.893176784775557620e-01
-2.150542473268636012e+00,-2.029074970965703884e+00,-2.325249249014939290e-02,-1.002606391962567400e+00
2.679262884537813694e+00,-2.303117553856457167e-01,2.448107017454358658e+00,-1.569819240751799905e+00
2.055636854709644024e-01,1.689686460505206211e+00,-1.046871601900759341e+00,3.314691332555718795e+00
2.809430672596017864e+00,1.106415227091379072e-01,3.048504229342397509e-01,-7.597115467670201294e-01
