9.121668652826123713e-01,-2.818020878022243214e-01,5.349264162209748541e+00
-1.158345254141915359e-02,-8.507738913321156726e-01,6.053577548494488703e+00
-4.396360082135640224e-01,-1.833141953847760297e-01,6.247058434913922653e+00
4.706035364204462113e+00,-3.771938109507873005e+00,2.329957229433035959e+00
4.209981653415395542e-01,2.819754492261834500e+00,8.542243357965441319e+00
3.061532857140942809e+00,-2.884207648665500390e+00,3.699774912562306284e+00
5.587276918828167460e+00,-5.386579728993172722e+00,1.270131530133841391e+00
3.735567283838782782e+00,-5.824469164106108821e+00,1.863020147435665796e+00
4.955858861178507269e+00,-6.104348918489414189e+00,8.325539461227576821e-01
1.769785932505875348e+00,-2.104897502729435654e+00,4.978630334784068801e+00
3.252513731106908557e-01,-2.293434082761356851e+00,6.604029769097340186e+00
-3.026996735696070306e+00,4.005845014576790319e+00,6.658096308550080167e+00
3.411498878302408500e+00,-6.158005175663141095e+00,3.529528232331390125e+00
-5.706190421342667296e-01,-5.713019295086555482e-01,8.306460222491894640e+00
4.136253027341855848e+00,-5.328929274431691177e+00,9.955082672593488224e-01
2.132587550384813735e+00,-4.390499057625966373e+00,5.169151205234241431e+00
4.085901048258336665e+00,-6.101367745954513921e+00,1.308488238855573638e+00
5.388006444403366402e+00,-5.181528406728229896e+00,5.559494671714745095e+00
4.069570480560515513e+00,-4.671041257740343511e+00,6.937516311448963968e+00
8.761881233442005978e-01,4.712430561142177954e-01,9.367915548251676938e+00
5.437101002987220433e+00,-5.325882218775153554e+00,9.993121387825127933e-01
-2.873036649805723819e+00,4.139072671818100346e+00,5.458375156204133383e+00
-2.198416477128918078e+00,1.497831642111248751e+00,7.097633920406246411e+00
4.947503069256732111e+00,-3.458084570100491195e+00,3.069819126386223118e+00
-1.203498291082193639e+00,3.100025983806546370e-01,7.283593410872896357e+00
-7.117487683120420350e-01,2.407255665819267421e+00,5.417722760917808245e+00
2.872883946658230325e+00,-5.369217301610765603e+00,4.495376027822954867e+00
4.662708512613572331e+00,-6.461990702276610321e+00,3.462770399896617946e+00
3.211130983093474001e+00,-1.965579677735376007e+00,4.180842326043437751e+00
4.864521673249814882e+00,-4.966098099098416263e+00,8.236113771146650331e-01
2.697717284743596178e+00,-4.869893147462017069e+00,3.552394239089797789e+00
-1.333288434185387894e-01,-1.368669827022832297e-02,5.975297919440488492e+00
3.183010192792877557e+00,6.043281233516545337e-01,6.205225713774055407e+00
-2.007873595956947810e+00,1.981117412621787199e+00,6.014816332537774812e+00
1.201980517943485594e-01,1.596267976279601264e+00,9.251406469723074011e+00
2.710439020865234028e+00,-3.337836693517874043e+00,3.882582682363199478e+00
5.430618815031265534e+00,-6.224874228171693780e+00,2.658132139058041687e+00
9.657783700074702438e-01,1.268165912218554237e+00,5.624102485272246987e+00
2.543236227833959973e+00,-4.678188560242358740e+00,4.129701045545481897e+00
1.875097475340872455e+00,-1.906467517211461127e+00,4.731926675402715610e+00
2.963123193834685587e+00,-3.916054047118893600e+00,3.130306079075793058e+00
2.565373358820216776e+00,-2.832957041805105103e+00,4.012792955499477898e+00
-3.145411086267075440e+00,3.857125124756249690e+00,5.789370286537458554e+00
-1.929246674541457152e+00,1.429078225067492935e+00,6.688247876096750311e+00
3.852191746206124368e+00,-6.233705993428142911e+00,2.147709230347785159e+00
4.834915383583902937e+00,-4.618247956310277402e+00,6.604221028326696441e+00
5.637772298710260976e+00,-2.996507569468518373e+00,4.401188251299899434e+00
-1.295938404798188559e+00,4.599766169717375952e+00,5.830776705595933862e+00
-2.888799520624429462e+00,4.296489569154277710e+00,5.390636786856658702e+00
6.801937467351123479e-01,3.379450998910138004e+00,7.678556897913881407e+00
-7.470788309693011664e-01,1.324187373660440814e+00,8.986789731602726761e+00
1.565828793747757741e-01,3.054782229638381974e+00,8.405510775882770957e+00
3.864713751200660852e+00,-4.724771397068129986e+00,1.606107959104622784e+00
1.601554006812732966e+00,-2.249415825744885300e+00,4.946187521248238461e+00
2.493257248008796889e+00,-7.866136322112705637e-01,5.011479664911203891e+00
5.802786134327525547e-01,3.267188000629595468e+00,8.299604429032168440e+00
6.110979123840813543e+00,-5.334745460924353644e+00,3.801128884862459145e+00
4.671678953423831437e+00,-2.519709105745325584e+00,7.723171434779473543e+00
5.732698077981492446e+00,-4.993876531637772231e+00,1.953440594381976814e+00
2.866266941420655190e+00,-2.631445199771108356e+00,3.806610769440421649e+00
1.764658116968599533e+00,-6.708710536720867701e-01,9.288926182803180609e+00
2.817081954907339369e+00,-1.401736483072432149e+00,4.496624255240035062e+00
-9.034441500205590003e-01,3.009811693985183556e+00,5.354551923102189193e+00
5.824112362704147117e+00,-5.525084190448484200e+00,4.580162458407850856e+00
6.069889868649698705e+00,-4.340961442068866916e+00,3.873862516337064132e+00
6.156319865465204044e-01,-1.501069345399483335e-01,9.276255420403147767e+00
-2.918868394899089669e+00,4.416378485504711904e+00,5.834127717676169667e+00
3.230640933991285380e+00,-5.554595922270344488e+00,5.422861949631859524e+00
3.639756329581880667e+00,-1.601105999674480973e+00,4.552482870000453374e+00
9.254516413518927287e-01,-8.113363712225644736e-04,5.372095264014451921e+00
-5.716635731650652197e-01,-1.432712093809329901e-01,6.126830037447605903e+00
4.039672496606384833e+00,-4.802344562606725376e+00,1.524103978967082940e+00
2.739477229680573611e+00,-7.979239872722169169e-01,4.894360303029565706e+00
5.095101228457362907e+00,-4.742194767081065798e+00,1.289728145534333015e+00
2.743703186816532913e+00,5.435844936389305770e-01,6.118779703554700689e+00
5.885409710070291234e-02,-2.058219293455814947e-01,5.765446034564720712e+00
-2.518372239517039368e+00,4.547031746640617378e+00,6.743965374981601535e+00
-1.529603186271587312e+00,2.873687186236920432e+00,5.352074368161255258e+00
4.934711371177606942e+00,-6.610816596153854974e+00,1.666920811328235885e+00
4.743946736393474417e+00,-3.455313683824987159e+00,2.681523696494930498e+00
5.151857616996787570e+00,-3.870360528565506275e+00,2.218466631646353271e+00
3.994034808744328924e+00,-6.420782465819634410e+00,3.833211035345708950e+00
3.611843698952371007e+00,-4.807898544434551447e+00,2.064859186078294329e+00
-7.133733353457539783e-01,3.319338016182312057e+00,5.358841902679719382e+00
1.979756991672744493e-01,8.603067106350895665e-01,5.619296154025466450e+00
2.854252966603634700e+00,-5.076969394335272945e+00,3.427056932661214805e+00
2.650741722235311904e-01,-1.570694447819654727e+00,6.394338531046098950e+00
7.809290882464474670e-01,-1.735177452368683593e+00,8.870085436309752325e+00
9.054346479477384246e-01,-2.684196551130325403e+00,7.762361122463869556e+00
1.934243561618455842e-01,-1.897588776086953644e+00,7.504122038158286934e+00
-1.683773432642532875e+00,4.966078600605254856e+00,5.955611283486689445e+00
-2.091930093346771713e+00,2.370380360542258646e+00,7.994540061930409891e+00
5.088582233280672718e+00,-2.048822948538901123e+00,6.203977270712613290e+00
-2.144049478596734559e+00,3.739801626189831474e+00,7.744251269326611897e+00
-2.357613839543366119e+00,2.938506393722001508e+00,5.601777492098462652e+00
-1.691879166153779757e+00,4.922433903218463414e+00,6.165578956866641036e+00
3.862861117111856313e+00,-4.132554698132836712e+00,2.392170842817181953e+00
8.608132520831540679e-01,-3.022617026869829804e+00,7.080413662780639328e+00
-1.958413590105675617e+00,1.661765093368520407e+00,6.134921367358868061e+00
4.573381376694219291e+00,-1.418491350872415957e+00,7.337198634403259589e+00
5.067485425864142634e+00,-3.205150852747643775e+00,3.385016878617906677e+00
5.302636136090532304e+00,-6.423357261390417072e+00,2.939252954258206874e+00
-1.445078273654517853e-01,-9.733707498663624058e-01,6.196637138039775117e+00
-2.776956914730083881e+00,2.954176611725875201e+00,6.386241162572783736e+00
-8.515421997575858271e-01,3.888685448839668268e+00,5.575961091726203023e+00
-1.336713756934268194e+00,4.253662297921048996e+00,7.595480077479034087e+00
3.683030678169906036e+00,-1.530649565555140645e+00,4.582970162936886638e+00
-1.889214933579746125e+00,1.745752027494272385e+00,8.044522909765408514e+00
-1.222681214854795861e+00,4.052943843519560829e+00,5.436982395981103444e+00
2.395712373632759462e+00,-4.587513589193894958e+00,4.147962440697320119e+00
4.480827337473556327e+00,-2.427965763507486940e+00,7.957343201027168966e+00
5.980868374603933724e+00,-4.989807874681702060e+00,2.585928611420554635e+00
1.284542811495820169e+00,-5.838506982628073605e-02,5.253580714638234284e+00
5.741552797605584679e+00,-3.982089669966751622e+00,5.869756690085422335e+00
4.977371663968845006e+00,-3.604474955651711277e+00,2.755444981259919768e+00
4.893556676339934519e+00,-2.822022363762640040e+00,7.302360369889881575e+00
1.222996012088280349e+00,2.665791232547071399e+00,8.383369918632428863e+00
-2.531404904985559146e+00,2.430021591068538100e+00,7.138697640914578812e+00
3.624176729843386457e+00,2.289662493964195883e-02,7.823484023004296795e+00
-3.037023787356189164e+00,3.932260347383867760e+00,5.584720721663429366e+00
2.684502942244046952e+00,-4.913733029026859711e+00,6.219083536648937205e+00
-4.784696222589405190e-01,-7.434011519654514233e-01,6.630647548274089864e+00
3.274367440938175999e+00,-5.722129626361257770e+00,4.800097711687358881e+00
5.988972485647646948e+00,-5.231076483189331050e+00,3.852367868122611227e+00
-1.150632552107582862e+00,4.804407148148059470e+00,6.044044062162693187e+00
1.966894070891038737e+00,2.502790812714009716e-01,5.461152973666733246e+00
5.007348280742963453e+00,-5.965921244646480659e+00,8.664497640847159676e-01
-5.057296334814290750e-01,4.095217165344016585e+00,7.730390096929751209e+00
-1.975517617871185294e+00,1.664341103951490153e+00,6.202085248238073945e+00
-1.298053811986936257e+00,1.947826386919745634e+00,5.715471299180311604e+00
-8.166675416456614656e-01,7.803039790246337759e-01,8.823831812261889951e+00
4.621940409657273818e+00,-5.266232311802383492e+00,9.179107543756738208e-01
2.263442557976815372e+00,-4.764830376984758864e+00,5.115197072913955090e+00
5.310214802919301924e+00,-2.233221437619967720e+00,6.765836409960903630e+00
-1.085764151111012765e+00,-6.633018029055415266e-02,7.518000544370278426e+00
-1.573069509826080736e+00,3.796092655343530797e+00,5.064158425736490443e+00
2.125830879253030936e+00,-3.555086873503433775e+00,7.877310779241006422e+00
3.556434708804698364e+00,-5.221937536333726371e+00,1.846587357908288540e+00
3.397626631546840414e+00,-5.833106886711226124e+00,3.158287958144885277e+00
1.340110707872439466e-01,3.397267263924248049e+00,5.922158213581612429e+00
1.993367575273388148e+00,-2.494318367724435603e+00,4.558451519398028395e+00
2.587093265909662154e+00,-4.269781864171428687e+00,7.187982823946684974e+00
5.643521234652106422e+00,-5.074134308883639477e+00,1.484553099358316475e+00
2.610766125476295940e+00,-4.780425680684061263e+00,4.014627105133711460e+00
3.135405824876962733e+00,-5.040674269956322284e+00,5.982550128556816560e+00
-2.043806808382720330e+00,4.416425695358658032e+00,7.196425693203537755e+00
2.122987146516727375e+00,-4.319131843442628238e+00,6.668184949244747806e+00
4.320731247992474877e+00,-4.601441962788404894e+00,1.489505273982146605e+00
-1.020251007079395311e+00,2.269250138970440922e+00,5.319040676512259758e+00
5.521079122899249292e+00,-3.500522572463741433e+00,3.296947617838362987e+00
3.477794686178643513e+00,-4.916232621455444374e+00,2.239141106981726637e+00
5.214869393029657019e+00,-3.234724514774502513e+00,3.682904900084670086e+00
6.078193438505969937e+00,-4.544584244742596368e+00,4.642718257825509731e+00
4.689538367858415990e-02,3.991097860026615152e+00,6.829820702717063874e+00
-1.599033758245337111e+00,4.531843830868492518e+00,7.167127508080375797e+00
-2.945107156407267279e+00,3.698287426023573854e+00,5.879829045863821158e+00
-2.960781246051597537e-01,-7.999757789170427458e-01,6.353580761965111456e+00
2.404203197033260686e+00,-9.921972284514503082e-01,4.845209790638533853e+00
2.971490395098391524e+00,2.867451371311428576e-01,5.905718595265751603e+00
4.316406188582708192e-01,3.710768908373312414e+00,6.784866082280945676e+00
4.253095161576854188e+00,-6.274483785946871173e+00,1.197714816851768393e+00
-5.739402688574076761e-01,1.306081105946480969e+00,5.571403265359214707e+00
-4.046461731440888498e-01,-1.009147365184628331e+00,7.810848900216107005e+00
9.385195206079325336e-01,2.841070256199636379e+00,8.163604501662353741e+00
4.042380275581439086e+00,-5.616296843035500252e+00,1.048362613428204915e+00
5.578150804223944270e+00,-4.651448975403453368e+00,1.992700716962313212e+00
1.149304692629309566e+00,3.197129541654504248e+00,7.531229326338107377e+00
-1.868225942021951136e+00,4.793542466546241165e+00,5.819107344453930963e+00
5.117755227483828939e+00,-6.227423882059082594e+00,9.474020948109901363e-01
3.280681183315074634e+00,-5.416784057949148412e+00,2.723081173684859912e+00
-1.422876826306362030e+00,1.331511583809697363e+00,8.506505583967280515e+00
-5.597629667322894242e-01,2.091020221913224120e+00,5.387730071547368382e+00
-2.762122022423232348e+00,3.654086393061723115e+00,6.895730694973851271e+00
-1.997331779121050088e+00,1.758543828792120456e+00,6.151225768071708622e+00
4.820954170739573996e+00,-4.859811512860995109e+00,9.582975973483996990e-01
1.283967783595280743e+00,2.821883743317775028e+00,7.830163519046086762e+00
1.854795752947397958e+00,1.590587998019366289e-01,9.305118536741563418e+00
2.044130178770777739e+00,-4.325120140558547099e+00,5.190177085757253117e+00
1.656015599120719051e+00,1.292952526982030559e+00,5.910998415186703880e+00
-5.760520325606302561e-02,-1.648107373150164978e+00,6.987331620336088456e+00
1.523352223947662232e+00,-3.582393863278848123e+00,5.765780198796739420e+00
1.229790765285518894e+00,-1.253185536125588584e+00,5.148055116803358366e+00
2.692757501324307690e+00,-4.743306383326236997e+00,3.737008283409740894e+00
1.721314293836152753e+00,-5.036684440547041230e-01,5.125663978772882601e+00
3.841106139455563007e+00,-5.953623293971803676e+00,1.355775098459073291e+00
1.235485121346186155e+00,-1.150533272236101912e+00,5.233785508421290977e+00
-1.986935819519830559e+00,4.028220298252175979e+00,7.280211642298503705e+00
2.021101632031636175e+00,-4.339214333555744929e+00,5.661143059682015810e+00
6.089445815928694605e-01,-1.319121135208508377e+00,5.712791311783522730e+00
-2.319266492958069303e+00,4.494902092449029496e+00,5.307203322555373859e+00
4.995295872473417553e+00,-5.827344447190921706e+00,7.861149175153518964e-01
3.837881868159995324e+00,-5.660689073041027086e+00,1.373755956745231543e+00
5.953346213524612018e+00,-4.421322542481042284e+00,3.034724837599645841e+00
4.339492643991716747e+00,-3.292775752141344547e+00,3.012608884483188643e+00
4.863110859675667363e+00,-6.395612668208639384e+00,3.821266106924695372e+00
1.877476471019567494e+00,-4.070472372035366604e+00,5.146459543857823782e+00
3.338619839043182491e+00,-3.028885621883565804e-01,5.466809963062335243e+00
4.878349190693602289e+00,-4.389462051078261595e+00,6.794311716510670784e+00
2.346168728028848349e+00,1.624095562622681843e+00,6.954001348389995840e+00
3.561099738099394951e+00,2.286275996975375979e-01,7.726025948339261262e+00
-2.449113660882505927e-01,-1.353847815113470521e+00,7.070697076471954112e+00
5.625167395454716335e+00,-4.971355282780556273e+00,1.322827673869292564e+00
3.911781444521604367e+00,-4.950682723372410443e+00,1.433471077416454298e+00
3.894768450514669134e+00,-3.561254634847092149e+00,2.721195244824006210e+00
5.997819684930013828e+00,-4.069351236010358974e+00,3.559806575833043940e+00
4.723442900939057054e+00,-6.046587372128469973e+00,4.729422937115611347e+00
3.516337684669454067e+00,-3.580263623837368847e+00,3.062813473630021210e+00
-2.717364818454520159e-01,4.003661112523842824e+00,6.968388591066729809e+00
4.038715764241254114e+00,-1.178728585669097662e+00,8.096669603278714433e+00
-1.121048112339816161e+00,5.933920453769045977e-01,6.207471576547137992e+00
5.720056422727738621e+00,-4.165609315475221841e+00,2.989954011678585655e+00
-2.339733257046185955e+00,4.242175399527252644e+00,5.221940133612451795e+00
-3.121478527026567140e-01,9.111018051427433040e-01,5.655918033527307820e+00
4.274944862132568524e+00,-5.791654289924328403e-01,6.483916670078054167e+00
-2.548345963736114328e+00,4.253714548628359182e+00,5.061490591318550614e+00
-1.583488928012599883e+00,2.601645369954418197e+00,8.236330754163242673e+00
8.175551489715309206e-01,-1.152716648134256117e+00,5.529836909314104432e+00
-2.460471996559152608e+00,4.917742321237433600e+00,5.693558833848807232e+00
7.017971368247037933e-01,2.977299204458825344e+00,8.430927298724208541e+00
5.955627266532992792e+00,-4.105814963277754082e+00,3.507933619910791556e+00
-1.863084340457059840e+00,3.577770168749787594e+00,5.216124014219303717e+00
5.026613742044617084e+00,-6.559435540054819214e+00,1.326210565436794830e+00
-2.530398531633470505e+00,3.078588311407628453e+00,7.513982443542357892e+00
3.678620727412300617e+00,-2.580159553027295161e+00,3.626086787199616968e+00
3.985854179931126673e+00,-2.589096868293002895e+00,3.697551955594361228e+00
-2.360389303755762391e+00,2.547775893546819770e+00,5.929388884566786366e+00
-1.983798650145141007e+00,3.712669308320855066e+00,5.176047671319904175e+00
9.768919320044668897e-01,3.152935883835723541e+00,7.631716780819576940e+00
4.805603628819928197e+00,-1.737930060921814013e+00,7.107285229289604267e+00
2.302054844760456909e-01,2.720564253206943839e+00,5.781894268258484182e+00
1.901000027564213823e+00,9.375037062736900628e-01,5.723720574544042705e+00
4.038528253259357825e+00,-4.017735358395329470e+00,2.245960169379120686e+00
3.968723861610271353e+00,-1.306972731459519421e+00,4.973992755192925053e+00
-2.552002826735601637e+00,2.814528453384266271e+00,6.363995036354851642e+00
-1.485060852989096292e+00,1.226679727947824317e+00,8.334170522539217529e+00
2.597543905474535730e+00,-5.313185305279686688e+00,4.782500142468652626e+00
2.525512578187054213e+00,-4.189458147949454841e-02,8.984018041779034291e+00
4.221423287726357998e+00,-4.919652340260090462e+00,6.599663662861027902e+00
-3.012339289963904543e-01,1.573462836884348182e+00,5.462246411028802484e+00
5.947759039571606232e-01,3.522489943322527850e+00,7.015219596699611593e+00
1.164711955720392655e+00,-3.147206335325648752e+00,6.478033106670391561e+00
2.821553653130288275e+00,2.175055925603868734e-01,5.742589974388723206e+00
9.294655283096849852e-01,-2.469348105712722674e+00,5.819859065483916183e+00
2.861636842874743514e-01,3.739701948830456146e+00,7.492681053395190638e+00
-2.853337617057297937e+00,3.872033599697391359e+00,5.479513703606749608e+00
-2.300895474306774158e-01,-1.257699019270817731e+00,7.861606132431347760e+00
-1.390185781429447154e+00,1.674102477846349579e+00,5.718957669272853650e+00
5.479755123016869511e+00,-3.114262606447025128e+00,4.044702718101818029e+00
2.100729911419957130e+00,-4.373441389575470239e+00,4.788443699482743732e+00
2.256803527211892924e+00,1.347140502313913357e+00,6.225116328083370121e+00
4.671011152869366079e+00,-2.621638983728802774e+00,3.688369065540832104e+00
6.242094881300614961e-01,3.474486030136283876e+00,7.065043446133544514e+00
5.409437478473051897e+00,-2.296506171037719479e+00,5.483282024552107892e+00
3.040542430829271225e+00,-5.585709304243839490e+00,4.712413980832378613e+00
9.100540712598754745e-01,-2.691334852050641935e+00,6.319813555871353294e+00
5.248524370221152147e+00,-6.366369168981464988e+00,3.245063401524483471e+00
1.889544331207532624e+00,-9.883776665024208707e-01,4.944126325089255758e+00
1.938450266780913589e+00,2.126045574616191036e+00,7.160508791378514815e+00
4.447577052266822761e+00,-4.759121567345069082e+00,1.355403744134728861e+00
3.853187144793311703e+00,-6.218379548677936519e+00,2.047423424668086245e+00
3.821816429753365885e+00,-6.157705820154281362e+00,1.821790207096036118e+00
3.646594547874713044e+00,-6.229080829831490362e+00,3.389599767540782072e+00
-2.324472427499994165e+00,4.741532242182404211e+00,6.461419471591115737e+00
-1.273965876518224460e+00,3.836689412788653275e+00,5.218794378762307673e+00
2.632527200549181767e+00,1.386524422010957158e+00,8.232752994938627111e+00
4.438014445778568628e+00,-4.480944625781288160e+00,6.958487148507110476e+00
-8.787133835009850458e-01,4.342386697738489509e+00,5.882807522152182500e+00
-4.583128924747231214e-01,1.462180170082650221e+00,9.018450998074236225e+00
2.188473491180318753e+00,-1.618426364924491434e+00,8.863330022894279736e+00
1.770813818147763674e-01,-1.055955249588409028e+00,6.046743819866136960e+00
2.549278062784392063e+00,-5.080841716145185316e+00,4.393871345501262127e+00
4.825341483044899071e+00,-6.058962212769261946e+00,8.725373039984332113e-01
5.703878972942181491e+00,-5.233240467540598573e+00,1.365679260939255846e+00
3.039053538548579958e+00,-1.052135218426601959e+00,8.916022148887698506e+00
7.890945464918920349e-01,-2.831472216907410910e+00,6.715847647049990599e+00
-2.604928255657546821e+00,3.563253794813658892e+00,7.348750386307325577e+00
-2.842737815180844119e-01,-4.133325863778852249e-01,6.195213289720134853e+00
5.468862535623340904e+00,-4.816131884792457463e+00,1.460845501466176977e+00
4.847205476628421161e-01,3.455925717773578931e+00,6.918253577270933263e+00
-1.417934202027403057e+00,1.186315269059047273e+00,8.285443955400799254e+00
6.040359764400491827e+00,-4.172189032136971676e+00,4.443361477297322892e+00
3.402498872076416880e+00,1.421267983054670392e-01,8.217038806816672647e+00
-2.216537360943892754e+00,2.360582436113745075e+00,6.042747619709504470e+00
3.155785328778521137e+00,-1.193339819898792786e+00,4.936308381098069908e+00
4.275700729011460588e+00,-6.441595068216080300e+00,3.949088293435742525e+00
-5.697038910547371771e-01,3.938970744209256747e+00,5.678420817157496359e+00
4.947811632763635892e+00,-2.208480908117577801e+00,4.708976348177610127e+00
-1.235636691243201968e+00,3.600219114453005798e+00,8.324416817728449658e+00
1.697867669329783169e+00,-3.816153793033783437e+00,6.896632170910302229e+00
5.043179358846542115e+00,-6.237873827699860207e+00,4.225554596435570964e+00
5.074352465764333076e+00,-2.288569974858682521e+00,7.138906403859805572e+00
7.985405028999292831e-02,-2.381596670270043070e-01,5.622055295473277425e+00
4.750833955220275406e+00,-6.195340829440887376e+00,7.726096997794555943e-01
2.451804134090636023e+00,1.622480908466926497e+00,6.500056319445215891e+00
5.528816854431227945e+00,-5.182561393368892766e+00,1.381402296084512482e+00
-1.394015508142815163e+00,4.621414836130043113e+00,5.632177343623516741e+00
-2.178419376759299197e+00,4.670274727862547159e+00,6.637617887475732559e+00
-6.588711132633265910e-01,-3.984344874203323283e-01,8.308186615833037081e+00
6.010380056929482961e-01,2.471377706574266142e+00,5.915358645309932051e+00
-1.265346124051753840e+00,4.596252732849165135e+00,6.892835541738867811e+00
-1.645818193421505704e+00,4.638707736182092312e+00,5.327775661640457017e+00
4.084402419657595651e+00,-6.296439276041211563e+00,4.357439595765755236e+00
5.640407480006673246e+00,-4.142262591886693990e+00,2.717435365505644906e+00
4.550239587914909123e+00,-6.337605704815826968e+00,1.004837318588950756e+00
2.271137323726489521e-01,3.320794726536172803e+00,5.967471385259762506e+00
-6.056845686462971612e-01,-7.873883403327324171e-01,7.777821286485610663e+00
3.765239591075157932e+00,-1.091623116923267217e-01,5.927070504240339766e+00
4.698983691604963653e+00,-1.193851457648305026e+00,5.685332449349348671e+00
-2.210895247983839962e+00,3.273186720410309558e+00,7.752408488799339636e+00
2.441820623942187574e+00,-1.962617216800236708e+00,4.616469489676250149e+00
1.342726405562074010e+00,-1.901280056285435283e+00,8.736692044087108755e+00
4.811797078250560133e+00,-6.134405006838795416e+00,9.417611349629648743e-01
4.421640280265318523e+00,-8.030927445530793296e-01,7.181188293479732643e+00
5.497673847703775429e+00,-4.599793463582678044e+00,1.709861008235192381e+00
2.388137609380182713e+00,-4.760070250541790671e+00,5.332468448989673426e+00
-2.098940185365362865e+00,1.824581291513301728e+00,6.407282056617860988e+00
5.372710175841286073e+00,-3.192502187054971241e+00,3.886497826884949269e+00
-9.947861115646112751e-01,1.670078302022099948e+00,5.575075234303670690e+00
4.184967569716610214e+00,-3.380771838677093744e+00,7.764693111256974589e+00
5.526258158224454098e-01,-1.720362972174636518e+00,5.862694774465982306e+00
2.831900560431541702e+00,2.959095224732795626e-01,5.662588356156626368e+00
-2.368974661191176168e+00,1.896068385508481891e+00,6.736310684679708949e+00
5.031396489499852187e+00,-6.266668020498686431e+00,1.109285659571582983e+00
2.458785836000281222e+00,1.638740465682228420e+00,7.125671691249038986e+00
2.446082349810668521e+00,-2.301283076762880686e+00,4.371265350193403343e+00
4.737753782635623523e+00,-6.624056790332051747e+00,2.605637541947294356e+00
1.616347984990167852e+00,-3.810792712789285108e+00,5.658377396792220182e+00
2.580470925337090549e+00,-2.796303076865823911e+00,4.070779047384825766e+00
4.042350389319143034e+00,-2.999382304557812962e+00,8.104606219710452919e+00
2.449471371791714258e+00,-2.582788802785287441e+00,8.727299840834001898e+00
2.135256957509072073e+00,-2.807684046655177124e+00,8.688626207508216126e+00
2.343853789534018350e+00,-8.030426664890879529e-01,4.947138428004755006e+00
3.497609831618214038e+00,-6.061895864834889736e+00,3.376441050548492750e+00
5.611412352571444329e-01,1.682004927219164836e+00,9.448801956034184713e+00
2.307448175042662863e-01,1.435825784110680070e+00,5.521135429830738239e+00
1.353485814947683163e+00,-1.485873925300144061e+00,5.150172211274900214e+00
1.922874758132220974e+00,-3.577242264935891924e+00,4.982407467923819055e+00
3.156863960303860406e+00,-4.028411997346731610e+00,7.632357990759865096e+00
-2.907492665566033807e+00,3.401237507348994882e+00,6.981586988906304470e+00
4.546734054024727634e+00,-3.105311020796003518e+00,3.094157675213052627e+00
-3.213694870758945665e+00,4.136895132101863659e+00,6.319090354441542878e+00
-2.025726758828249707e+00,2.739368577113133085e+00,5.672170932097526652e+00
5.870046833479327653e+00,-5.921200630045699853e+00,3.098506499297231542e+00
5.199688936970130904e+00,-4.570435654433226524e+00,1.813496174534357186e+00
1.125723838161525325e+00,2.310594140704617772e+00,8.689293475220086549e+00
5.838664012587447161e+00,-5.519662443949204800e+00,3.006577773673036802e+00
2.304057928044429548e-01,1.007890609365017731e+00,5.535981983739813650e+00
3.576087428391527823e+00,-4.172639228341478379e+00,7.404608979631762011e+00
2.830901462957290615e+00,-4.209764156100001209e+00,3.289248835133038895e+00
5.139475838411484254e+00,-3.137291704134649084e+00,7.018882717867485077e+00
5.965229465714856794e+00,-4.270658759194962961e+00,5.001502586429207753e+00
1.129471075112560063e+00,2.414118826714871435e+00,5.833786932839641892e+00
5.262316479295833460e+00,-5.805907006860474340e+00,4.644218354481608024e+00
3.909597614693447021e+00,-5.759831911042573971e+00,5.500826959909983493e+00
3.555488409273723227e-01,-2.063731176214260277e+00,7.787024414920444393e+00
-2.471160145732153257e+00,2.140140707762245409e+00,7.054837525319501701e+00
2.685097501162919009e+00,-5.225908727075085913e+00,4.444603924481913992e+00
5.053542615627297785e+00,-4.513326627028348526e+00,6.606857335971766609e+00
-5.792157047547555893e-01,-5.361397146849484763e-01,8.337662158119469424e+00
3.719087258511554750e-01,-1.918061321043271761e+00,6.131699363920949608e+00
1.099810024946415554e+00,3.049497631557198218e+00,7.593764472698595114e+00
3.864367806002928507e+00,-1.952575948110457427e+00,8.476834334498361656e+00
2.007232276968049067e+00,-4.392946850121937530e+00,5.202543597011287879e+00
-3.791955166538028138e-02,-8.096059138024449542e-01,8.595230581327921726e+00
5.506737899877627740e+00,-5.806013184754845291e+00,4.401347796848487093e+00
1.296468007295991098e+00,-2.184855076815025665e+00,8.603073241207606969e+00
-2.769968495629540617e-01,7.863606015034698693e-01,9.299952954808848204e+00
3.772339685828870692e+00,4.113987517796594690e-02,7.682855710060409571e+00
4.180061246893306048e+00,-6.378370306677502377e+00,1.354317225841207728e+00
4.799972348932830535e+00,-4.969111221096553344e+00,1.040034192399157842e+00
3.758027743569800183e+00,-6.176846340703072258e+00,3.002289026755446510e+00
6.120406623606762686e+00,-5.109912294786393971e+00,3.410794908479134246e+00
-1.571099259216463206e+00,4.777179789980505298e+00,6.128167228254361554e+00
6.048736403401434591e-01,8.269518479477249162e-01,5.446305923691377338e+00
1.562465365525509853e+00,-1.376441991644150820e+00,5.138610315161486142e+00
2.484813237350041337e+00,-1.086001808234733357e+00,4.803023760885380078e+00
4.766094304450090746e+00,-3.887201873675506736e+00,2.271431042445980264e+00
-5.349308396452437941e-01,1.447783776243654952e+00,5.502793179866820594e+00
-1.916428384453594091e+00,4.779252370310419273e+00,6.699667158666837707e+00
5.997989942240174344e+00,-5.218933234117550057e+00,2.715396508933312969e+00
-1.943450735031571064e+00,4.774566916162395813e+00,6.750239116025143815e+00
3.156694161263970511e+00,5.768633884526556121e-01,8.369404128168083545e+00
-1.882349013471610988e+00,1.967064755069919180e+00,8.115981413505855002e+00
5.225151517881061913e+00,-6.543514269072508327e+00,1.818333739685712214e+00
-2.534569875128202199e+00,4.983377102157182215e+00,5.713971124673018487e+00
5.626047381794672120e+00,-6.332022015628584910e+00,2.026288159179675752e+00
-6.816862090408528640e-01,-5.823605124811181977e-01,7.294083018891147852e+00
5.310002813282467038e+00,-2.752900814566595855e+00,4.523792337116603335e+00
3.333962048042724113e+00,-5.894665615705099171e+00,3.369802749610213422e+00
1.474304128152178761e-01,3.796351618447887599e+00,7.366260712609455474e+00
1.193671599965623331e+00,3.178009680854199104e+00,7.208196126404688542e+00
-1.327210583512706821e+00,3.814438804457643606e+00,5.244421113835274539e+00
1.640898855527521016e+00,-3.579173772296976974e+00,5.670485947639521740e+00
4.899684569982804661e+00,-3.685124351214430050e+00,2.481755552651271124e+00
-6.769262118613128543e-01,3.496613719913394647e+00,8.440206258551020468e+00
3.695765749851793291e+00,-6.019344779232045362e+00,2.495584394989057930e+00
4.694278411432574849e+00,-6.361504103844676905e+00,1.169441827151199043e+00
4.642428067097372768e+00,-5.517637303969308071e+00,5.898466145533586058e+00
5.219163129548668456e-01,-2.075736841372712416e+00,6.577575466029169426e+00
-9.947479488433008665e-01,2.503266748723619983e+00,8.897611166841128849e+00
4.013709771549693883e+00,-6.320327894424269566e+00,4.160078962216974929e+00
1.264568472950176048e+00,2.753622879613487839e+00,6.565134064020226035e+00
3.367403028144225208e-01,1.594278948024527298e-01,5.641873704966065439e+00
-1.906220357932085552e+00,3.337835190608549052e+00,5.236020944845426683e+00
1.761607835788807197e+00,2.195654686657356969e+00,7.806532356977915477e+00
3.836997855183430950e+00,-6.243082177352076378e+00,2.283719325949688184e+00
5.745805292646335438e+00,-3.196148030446046562e+00,4.467425318126216460e+00
2.789708704382712234e+00,-2.235541323260130664e+00,4.178549204703657871e+00
-1.074604059272552758e+00,3.394360992864729365e+00,5.385094807922952143e+00
3.379892138669429169e+00,4.744806097213179197e-02,5.912387747432283902e+00
-1.948192312368679735e+00,4.791506963607077729e+00,5.770374076104436867e+00
1.398164005557399170e+00,-3.310311877216808529e+00,7.108242670955304376e+00
2.344154694982825582e+00,-3.315472216283899431e+00,4.089005715064808477e+00
4.086367956722941841e+00,-3.329766629442975079e-01,6.247892298183254312e+00
1.668359080703514685e+00,1.770082709347956307e+00,6.063527345548259007e+00
2.149688144754341224e+00,1.364910001496564051e+00,5.928193673867922620e+00
3.368788170500959467e+00,-4.008118859905660969e+00,7.738806640085848620e+00
-4.406072954961376409e-01,2.121731627563715694e+00,5.500862768331495900e+00
-4.053956795113016764e-01,3.472655804785839351e+00,5.597824141529404329e+00
8.105715027161137787e-01,1.438920965119038886e+00,5.556705475665758343e+00
3.006559045713932399e+00,-3.048601783296372769e+00,3.661046602763703195e+00
1.375467458256952380e+00,-9.137838338623579526e-01,5.079257402796991450e+00
3.940246459114777444e+00,6.085787965779632797e-02,6.911706018018453967e+00
3.389653349999430354e+00,-4.648600323003244661e+00,6.995274587809522160e+00
1.069562634394042755e+00,-3.049514436956946462e+00,6.349186614525055283e+00
5.355137102331203991e+00,-6.222426096659732231e+00,3.645991418403278672e+00
3.593177590214771122e+00,-5.762276960434838280e+00,2.084592120582592134e+00
3.815494119828662711e+00,-1.365597683693998254e+00,8.538003041157807615e+00
3.239687273209714391e+00,-3.497707392432328088e+00,3.193799546530719180e+00
4.639169441597736032e+00,-6.282387295383895065e+00,1.121601698123452895e+00
7.426544503319125745e-01,3.074224502199110809e+00,6.191010275260791396e+00
1.257794999252985324e+00,-1.012707599928382995e-01,9.270605160197529671e+00
1.336255743512852756e-01,1.268670902778128884e+00,5.405778903583428274e+00
3.676727553522481928e-01,-1.715696454375815305e+00,6.365837020531709634e+00
-1.338989431532155328e+00,8.528194976834583274e-01,8.311689851020593878e+00
2.614074222409860759e+00,-3.030068995682370314e+00,3.987044324445276899e+00
8.416391221872011608e-01,2.758097485793024273e+00,8.506912529038185511e+00
-1.905575160735292872e+00,1.883261874699893923e+00,7.851462474900843702e+00
-9.100616774093931438e-01,2.345271096994016702e+00,8.858078454369453070e+00
4.318004984941089752e+00,-8.225078370325316079e-01,6.604725882287552530e+00
-1.441013278941715825e+00,2.997505503778170599e+00,5.303168815634162314e+00
3.696535399820437107e+00,-4.588248400691418816e+00,1.953464382188831783e+00
-9.632789593827393304e-01,1.693060709135919550e+00,8.901345868898749458e+00
4.158530599415684925e+00,-4.780440336247550270e+00,1.494906298528327460e+00
-5.429948776440497449e-01,4.226974429940707267e+00,7.202342205188341673e+00
-1.461480648124843240e+00,2.792229517312107223e+00,5.232473584847128656e+00
2.634360667503195863e+00,-7.454389844138414878e-01,4.976934485108114536e+00
2.394895938942307012e+00,-1.077898951495407598e+00,5.055451247445877705e+00
1.503955732653847965e+00,-3.297940676006393623e+00,7.519215657832631017e+00
1.977125656232193274e+00,9.291142570656102384e-01,9.045241941062641899e+00
5.884404825454122800e+00,-5.734122805171933734e+00,3.272296276008566984e+00
5.590618735482275170e+00,-4.639859365746959341e+00,1.811574297576425074e+00
5.059799572061618456e+00,-2.950537784051191714e+00,3.642567006519741302e+00
4.961622319022617411e+00,-6.007752855189780306e+00,9.071393317251854604e-01
6.485222152757653680e-01,3.492061641511926329e+00,7.043531134646515035e+00
3.881347772103109328e+00,-3.218499238568983678e-01,8.073855210034292185e+00
-2.254829317384776211e+00,4.248722511104062960e+00,7.082666923487713539e+00
-1.540322492843722912e+00,4.681518510085962426e+00,5.660470036246072922e+00
5.457211877688949997e+00,-5.571542191840258340e+00,1.127325682950183650e+00
4.601120777647013327e+00,-6.319092280404342787e+00,4.058309239828399306e+00
5.617601453532558686e+00,-4.451598341482667642e+00,2.217116495196576498e+00
1.655667520287356975e+00,-1.506942494248464604e+00,9.115467404734696188e+00
5.828744861570787528e+00,-3.643519567964689010e+00,3.617541333847091423e+00
5.174068622128777051e+00,-5.986584351169504714e+00,8.397226233813467333e-01
3.144284087654507509e-01,-2.069652175084557566e+00,7.253886204821674788e+00
-1.732457417448094672e+00,8.281548576376221993e-01,7.492841535020056121e+00
3.773598040580851354e+00,-5.949388577102906694e+00,1.877935630885668283e+00
6.084891306130558064e+00,-4.920695431019823651e+00,4.134096843298864066e+00
9.639162989929223047e-01,-2.395887751780626740e+00,5.678646734962011777e+00
1.706725844010610560e+00,-3.877750535457074932e+00,6.710643894300088341e+00
2.063969607738666667e+00,-1.252338677243071130e+00,4.907401672392018632e+00
-6.219240269157970402e-02,3.427357525571479435e+00,8.279808941020528223e+00
5.890290549471407289e+00,-5.037478356422100845e+00,2.033484043055466817e+00
5.594626679257824975e+00,-5.284608296584361042e+00,4.811173014007948723e+00
2.056550683872228891e-01,1.980469337793083318e+00,5.545459955156277765e+00
4.067517560130784027e+00,-1.198814488010583768e+00,8.214475156561698910e+00
-2.883736252917523224e+00,4.381217818257733043e+00,5.459459354726876157e+00
3.786939351183753466e-01,-2.181646641371664863e+00,6.770835976294259595e+00
-7.667335590963184622e-01,4.041388527195048042e+00,5.813282958338792383e+00
3.446436738870261696e+00,6.846496646920904317e-01,7.149674899941673267e+00
5.055254069627056701e+00,-6.425444522140096204e+00,2.458569728720447323e+00
2.653785223613293276e+00,-4.135441371859241322e+00,7.489358774009882147e+00
4.905531974489004021e+00,-4.420551958847576124e+00,6.556302751031116038e+00
-2.078179144672962497e+00,4.589644077702562441e+00,5.475045711386179015e+00
1.082990697510121531e-01,-1.014747159267506360e+00,6.341439852165366986e+00
-1.410850938138039190e+00,9.547298546959853693e-01,6.318207549727334893e+00
-1.376078065154844765e+00,6.412038284186366566e-01,7.782052468145191249e+00
3.721927585486125345e+00,-1.961838538451152747e+00,8.501554664177023213e+00
2.252600308788172967e+00,1.656708253438174960e+00,8.078837606788276560e+00
5.314399818423050093e+00,-2.502645532433779962e+00,4.471702436737291286e+00
3.344758212127980634e+00,-5.632656151333806704e+00,2.458362588646274993e+00
-5.761033763373231142e-01,3.636260153043647136e+00,5.495026375276470532e+00
3.622242155091646598e+00,-4.780797724923568026e+00,7.051747143203173529e+00
-2.267979136774892268e+00,4.698547781059423833e+00,5.268656867776461361e+00
5.578957467530473835e+00,-4.639972408069436227e+00,1.628735597711530980e+00
4.229343207525932513e+00,-3.514155174528235559e+00,2.618430871027515483e+00
5.168238667530042463e+00,-5.919991432435272927e+00,4.776315745982440575e+00
9.407667557211858711e-02,-1.264398705984363991e+00,6.336840369802108519e+00
4.822887740089728759e+00,-4.379666221988156138e+00,1.681919972783711303e+00
-8.377466385869055676e-01,1.165533837138022832e+00,5.772412741349870480e+00
