5.928173172203277108e-01,1.928023511780518451e+00,1.423555086049113350e-01
-2.521001547198025161e-01,-1.823973382733092619e+00,-1.093049254221902356e+00
-1.825755652748680680e+00,4.486096409213214398e-01,-5.998770971980019739e-01
-1.194041374308655090e+00,1.494110366701812076e+00,1.948155908872436726e+00
1.862495791034937564e+00,-8.676276063563029828e-01,5.610779951303748181e-01
8.678662553593069484e-01,2.013522001831697938e+00,-1.341683130088703990e+00
-1.960069647595774622e+00,1.236869916331360786e+00,1.864016623046207854e+00
-1.549534914538818864e+00,1.824041597326572894e+00,6.673979893586646783e-01
4.732796138151403875e-01,-1.991039171314500811e+00,1.324883742569608724e+00
-1.895576679309321833e+00,-1.917320695087293636e+00,2.687692968944809802e-01
-2.721655282390624264e-01,1.903317185640880149e+00,-1.784528734725110422e-01
1.722152176935268342e+00,-1.920367140144100038e+00,1.543621876553750993e-01
1.854836408605944786e+00,-1.504777095942610332e+00,3.001561195247920977e-01
-1.470168334843020341e+00,1.955037133070212318e+00,-1.086248143909897435e+00
5.303750271391383109e-01,1.986936121308211067e+00,-1.560674681178164214e+00
2.325425472812353012e-01,3.471095199214745963e-01,1.934731183396865895e+00
-1.458005773730268295e+00,-1.963809198654343113e+00,6.477412596607802220e-01
8.879610265173262795e-02,-4.924935128967687301e-03,-1.916337074464219636e+00
4.018723644985396359e-01,-1.514580597310419385e+00,1.825163271136665211e+00
-1.270697198216993673e+00,-1.784469445170445256e+00,-1.711169530937701744e+00
-1.925000143287916687e+00,-6.410132187970304374e-01,4.344624589738875220e-01
-6.793344146512859671e-01,1.919194940080350298e+00,-3.789440110714596410e-01
1.988044467157026762e+00,1.853040920649093870e+00,-1.441216696147306964e+00
1.486277798805614614e+00,1.379056930844846374e+00,2.102792999226740456e+00
9.846070272867535333e-01,-1.600488020664556421e+00,-1.960813279797123609e+00
1.932295531362752117e+00,-1.237816240695463588e+00,-4.043831487474197073e-01
-1.817164582305685672e+00,-1.411660712917268690e+00,-7.444052278102644138e-01
1.982002830292893369e+00,4.805972782391897818e-02,-9.390179134374958547e-01
-1.958936371618977379e+00,-6.596414114701540030e-03,1.034611571712958256e+00
1.970068081883116884e+00,1.057233103054190160e+00,-1.697930197014112741e+00
1.880838825977938278e+00,6.453249604207992318e-01,-2.583491809566251241e-01
1.542341436564629964e+00,1.806293874862312521e+00,1.561936703886540823e+00
-1.891706901688958720e+00,-1.488226879324427987e+00,-4.329068087173346124e-01
-1.904393520671728401e+00,1.096080758766155405e+00,-3.321073782755095127e-01
-4.880767740500908253e-02,2.042676947970387236e+00,-1.544087656710536605e+00
1.683035898630744098e+00,1.781922258473176202e+00,1.636580723890797229e+00
1.355668888828261975e+00,1.912675697837016298e+00,1.798388665524904284e-01
6.082842906131020744e-01,1.786730016657509079e+00,1.663281204401956259e+00
-5.083146409068067806e-01,1.776664158579889463e+00,1.547786003940879951e+00
-2.536518043001679268e-01,-1.931058350040121496e+00,5.186366794907319999e-01
1.033033503110734275e+00,1.454292351724523424e+00,-1.710875584062854005e+00
1.281795924928455843e+00,1.934581588474946656e+00,-4.206372214677684962e-01
-8.837198755435770048e-01,-1.853853689019516082e+00,-9.561065912370565467e-01
9.499991852458597452e-02,8.172658155758391052e-01,-1.844330403876654589e+00
1.879664454413471075e+00,-1.290750483968611029e+00,8.536278727258506116e-01
-1.593385668981101233e+00,-2.001235182477944630e+00,9.767194163004364604e-01
5.288538342938218229e-01,1.969239141020875827e+00,-7.661906576392431001e-01
1.824736035717312577e+00,-1.167191404934771581e+00,9.840099224875691331e-01
1.611772789438454145e+00,1.832233148542589118e+00,-1.650256164752061494e+00
1.944972439329893721e+00,-8.042275342905432778e-01,-6.838826764616868781e-01
1.754171113021046668e+00,1.035420086957576480e+00,1.708277708742046652e+00
-2.018915029409377837e+00,1.026609257444211387e+00,1.337463169161066112e+00
-2.275458886717370011e-01,-1.839654847029184692e+00,-7.902291730262859248e-01
-1.235832778957248967e+00,1.918917767364232585e+00,-2.412017232578341219e-01
-1.207053291963356090e+00,1.973480017115761154e+00,-1.044541748490451116e+00
-1.106396703837712270e+00,6.231075574347826329e-01,1.897551226201512842e+00
-1.909355274765186516e+00,-1.490265109698722723e+00,7.601860524008468012e-01
-9.538608288884021791e-01,1.783891314012667761e+00,1.418460923178454181e+00
-1.963123472134532754e+00,1.110510838613882001e+00,3.864660991462483541e-01
-3.308717209374654189e-01,1.788198528399319365e+00,1.304482278121785521e+00
-9.551828915626988659e-01,-2.028431680653243863e+00,1.451112559325598017e+00
1.997689649409136514e+00,1.647695660747338087e-01,-1.080845889164497864e+00
-1.477454337738006052e+00,1.724959460028621772e+00,-1.869647592107061662e+00
1.958111385900047852e+00,1.952045637060369820e+00,-1.217223153487747567e+00
-7.704850927599800059e-01,1.378691443979018105e+00,1.979852463590577427e+00
-1.840473493806696448e+00,-9.632268674040656009e-01,-9.280093767313772890e-01
-1.711726693556779422e+00,1.873287325230460265e+00,7.543382925431431352e-02
-1.895284968704860074e+00,1.778533748135263937e-01,-8.340249056048817597e-03
1.929621520854688299e+00,-9.853707041821527790e-01,-4.135409919276230584e-01
1.386011112613615204e+00,1.851355556827886550e+00,6.070822728867355522e-01
2.010898713925502346e+00,-5.456692138317075225e-01,-1.384670450984509804e+00
1.948841168934839496e+00,-1.163448207564796721e+00,-1.179818663584675936e-03
-9.732013623187447671e-01,-1.888539762181846049e+00,-5.707909142922974050e-02
-1.804551497396408521e+00,1.614415803576116470e+00,-1.551707535348986200e+00
4.089457829855355220e-01,-1.972599635200749546e+00,1.215186262587133914e+00
1.990117426374507392e+00,1.425008877883388925e+00,-1.534143654814564384e+00
1.966444805291047482e+00,1.573848925379822239e+00,-1.321959702112827095e+00
-1.779361544480791535e+00,1.018967802050158467e+00,-1.503830576571965949e+00
1.655983019235198306e+00,1.958167406112054365e-01,2.028815288651323101e+00
-1.767834251275551383e+00,-1.165869353710576650e+00,-2.092058715619885323e+00
-7.911792515393397673e-01,-2.015951811309811159e+00,1.156605324590709083e+00
-1.969055695502692771e+00,-1.376542839129380136e+00,1.558160294409031144e+00
1.353877230694693790e+00,1.990177007052649882e+00,-1.037181218411503680e+00
1.958060024100379382e+00,-1.073130749419586721e-01,-6.475241181439626015e-01
-1.835588659999520367e+00,1.874429982388333249e+00,-2.541046135551900398e-01
8.763453686918754038e-01,-1.185766846008268378e-02,2.010278607228966674e+00
-5.570023456650436966e-01,-2.191109328108294396e-01,-1.963557036389560251e+00
1.448612302628685677e+00,1.931142042742814091e+00,-1.675806959817618624e+00
1.870137922438306344e+00,-1.350718235359711639e-01,1.038217518099131764e+00
1.467948525558598449e+00,1.302192224120484410e+00,2.074896005297577783e+00
-5.027759650130850799e-01,8.043022881883915565e-01,1.916234156057297744e+00
1.875253547367266238e+00,-1.075102666678205754e+00,1.653250562328064388e-01
1.933891958003777889e+00,3.031728531065404075e-01,-5.386208676742904045e-01
-1.843535439088717531e+00,1.793230707436775928e-01,-1.244425874910834562e+00
1.058556100891461682e+00,-1.903353969160747949e+00,5.835878074750924238e-01
7.437720125047101449e-01,-1.810152136572442005e+00,-7.688432286119392112e-01
-5.825476043456921937e-01,-1.840707141238106415e+00,-6.331463640366566947e-01
-8.096267535012894312e-01,1.514614460008322450e+00,1.963421559974183994e+00
-1.260087191339645196e+00,-1.894691749967809535e+00,-3.192750294769617914e-01
3.531297973852830924e-02,1.754341096942096057e+00,1.945927996574757124e+00
-1.957217668351555750e-01,-1.755668842715447431e+00,-1.447896704081264918e+00
2.440812736721143239e-01,-1.834156706418555771e+00,-9.439246430267475008e-01
-1.985296807764534099e+00,1.941976963226862418e-01,1.385558078498075218e+00
4.645926098470418153e-01,-2.010578944381356425e+00,1.462771314676880374e+00
-1.484933839821503399e-01,-1.960217974547662889e+00,1.139393379097081604e+00
1.783865198980616684e+00,-1.993722788050482198e+00,1.553585189124096599e+00
1.416346587015164804e+00,1.832320522643174687e+00,1.252739240620238004e+00
-1.011942443908572908e+00,1.872226958599555680e+00,1.193877417366009247e-01
-1.901399052086200081e+00,3.191622513867328204e-01,2.177208024698533140e-01
-6.517922674927210946e-02,2.002815923817276911e+00,-1.719106547834559295e+00
-4.699583096446772190e-01,-2.015656830109567199e+00,1.177823336117857611e+00
1.767956317069341754e+00,2.042948509327088047e+00,-1.218403447323010980e+00
9.092753655280042535e-01,-7.245966408748392151e-01,1.907811770705728494e+00
9.294519248874631989e-01,-1.992440973809362914e+00,1.389715774341671928e+00
1.074394728933945276e+00,1.781392922457098793e+00,1.754388258429984138e+00
-2.467288542874274387e-03,-1.779705376457881627e+00,-1.794252409874829812e+00
1.172690127291595941e+00,1.857605391566973241e+00,5.805807691650501923e-01
1.418386508945262303e+00,4.370392228309466498e-01,-1.748896508986439891e+00
1.934038728462887935e+00,-7.258628539844308447e-01,-1.218731794769025850e-01
-1.992965660614347989e+00,-1.090240432821066863e+00,1.516591711344005944e+00
1.324173659089886712e-01,-7.404183980186139769e-01,-1.911899942005218067e+00
-1.927530775396728124e+00,1.377386155674799939e+00,-8.451711277429789851e-03
1.096628172864568151e+00,1.947745709290378935e+00,-3.189011529671808010e-01
1.799211897836025420e+00,-1.767383968623663870e+00,-1.024802811965742633e+00
-6.673937561422106368e-01,1.663622398691623872e+00,1.995577631791734419e+00
-1.314083734737003351e+00,4.810505998170355908e-03,1.841928538039961261e+00
-1.822124534791647932e+00,-5.230324194943422045e-01,-2.448631119319527594e-01
1.880619507038002958e+00,8.892702786037297302e-02,-2.318039966176933635e-03
1.918348799464707488e+00,-3.352465950721240096e-01,-3.456039217637840721e-01
1.829122963676785618e+00,-8.693304191189903385e-01,1.330959386926691579e+00
-1.956588900736484504e+00,1.722056730918617662e+00,1.136290987262251306e+00
1.962686244493140553e+00,-2.790104480986744240e-01,-1.005563496335095675e+00
5.306609569707464447e-01,-2.506318428240620344e-01,-1.905327869731252566e+00
-1.545737777102196953e+00,1.793663204332348382e+00,1.310461712780175425e+00
-2.953356143405995171e-01,-1.121358828701692067e-01,1.861701111340396286e+00
1.553905291124158206e+00,1.903939205163276194e+00,-2.487852812252945300e-01
1.767295739567102730e+00,1.297649382865618373e+00,2.019602178922772495e+00
-1.972378178283053174e+00,3.131458837694045538e-01,1.261360485381948671e+00
-1.861583551950432236e+00,-4.078141800855401150e-02,-4.418476940225204985e-01
5.200465595270239438e-01,9.754961129753846327e-01,1.984604906526285628e+00
1.858323975634929459e+00,-1.310078574748558378e+00,7.049818233482327834e-01
-1.006198124633896240e+00,1.791769816456184161e+00,1.641116122154315127e+00
-1.285764481503808954e+00,1.597327011637962535e+00,-1.890705449030958274e+00
1.607796781894523352e+00,1.836084605983035134e+00,1.045498216326022023e+00
1.182148541122259866e+00,1.917426281333736382e+00,1.741728582373034406e-01
1.774346520716666431e+00,-6.725538105211389395e-01,1.697993636371341264e+00
-1.177336929415281785e+00,-1.507448469674747882e+00,-2.117234592379509284e+00
1.773440258002731695e-01,1.988409621456316057e+00,-1.222183524329384596e+00
-1.866514011506622550e+00,-4.564051225881925467e-01,-7.796935340222267696e-02
-2.001499819291504334e+00,-9.660338322836474756e-01,1.311333095377064772e+00
1.087927199407152434e+00,-1.987273272109604250e+00,1.786888385707233518e+00
2.441388189209847681e-01,1.988929053356354837e+00,-1.006520249186664051e+00
1.924741476107550087e+00,-5.673597112967622147e-01,-5.761958286478291447e-01
-1.472169438777623185e+00,1.944092047407671275e+00,-7.745372884934955682e-01
1.739051697487183912e+00,-1.179884139201212045e+00,1.920079281427776063e+00
1.794457182971926246e+00,1.419011708312934106e+00,1.573651534406731001e+00
1.018733439808408719e-01,-5.057751051056936786e-01,-1.927129969614737259e+00
-1.685683806137903362e+00,-2.053807455008858529e+00,1.134688966392046972e+00
-8.465795712262066397e-01,-1.812613337767671418e+00,-1.217859247768753317e+00
1.968363931504039321e+00,7.493169865028800336e-01,-1.344602066136244334e+00
1.878190447423467413e+00,-3.075440603966153597e-01,1.848151090567427476e-02
9.128272305533441378e-01,2.016135452440348974e+00,-1.285950355628217023e+00
1.988418616247517479e+00,-6.943557505020121479e-01,-1.136026830862105985e+00
-1.993418171680968243e+00,4.433601716040656004e-01,1.826159473319512783e+00
7.205318649490560778e-01,-7.153937025972421093e-01,1.866118808106309812e+00
4.046981717245189958e-01,1.571247290758998272e+00,2.046039725024871192e+00
-6.543350271988134237e-01,2.060890476789100756e+00,-1.706127628413328434e+00
-1.533349671800181113e+00,1.432499542680979419e-02,-2.013919455467985120e+00
2.600285177889591348e-01,-2.021941443767057756e+00,1.667795572322041897e+00
-2.155914479703797404e-01,-1.244376691553710002e+00,-2.037212551253460902e+00
-3.295342246423833554e-01,1.043188055987867235e+00,1.954112639561014886e+00
1.722273475458860226e+00,1.809615859521065628e+00,8.365292001494780694e-01
-1.450606185407251836e+00,-1.987193776036982218e+00,5.994238503021133146e-01
-5.038345928349348135e-01,1.794807534067226262e+00,1.151243679899319750e+00
-5.963204657746907777e-01,-1.958478189390913116e+00,1.069178209542046787e+00
1.240283836963872011e+00,1.827455289300274011e+00,1.366155169214948284e+00
7.895999783214761036e-01,-1.228207472398304523e+00,-1.961877300367879329e+00
-1.697698891164708401e+00,1.373272752950642550e+00,1.913092808080140816e+00
-1.204215364210052375e+00,4.313350353699097611e-02,-1.986133125507582919e+00
1.801054591177160935e+00,2.055462155189768381e-01,1.505923300219827565e+00
-8.235342581513277471e-01,1.567152553998440778e+00,-1.846594602225192450e+00
1.901100532092942608e+00,7.414560457747381150e-01,2.319906187732185543e-01
-1.246995801272033466e+00,-6.259248714074595599e-01,-2.022373263772375473e+00
-6.118338555936890799e-01,-1.896789968931115622e+00,-2.255535648001124049e-01
-1.805424944563624567e+00,-2.029787355572131080e+00,1.334293693640862255e+00
1.973937196308155118e+00,1.040145142700464431e+00,-1.177702196283521907e+00
1.030814919287938114e+00,6.244120017078933493e-01,2.014507086727352902e+00
1.413299193708467572e+00,1.397883656480540582e+00,-1.726074544582897330e+00
1.823076439783567704e+00,9.076625843942906502e-02,6.562971340311435364e-01
-9.882401023953205632e-01,-3.150748192274155923e-01,1.777088844969817005e+00
3.018602276401705087e-01,-1.852702114421895585e+00,-7.244824502728532956e-01
-6.261118134093278664e-01,4.963723310885643780e-01,-1.913686616624727055e+00
1.800168032472543089e+00,2.487326012228766037e-02,1.290268364576359517e+00
-8.809993693151081384e-01,1.278862832247926073e+00,-1.858456352352596541e+00
-1.930530740385662858e+00,-2.425046132069313964e-01,-2.966952550670725053e-01
9.931194401507323910e-01,5.814048631473429651e-01,2.036047838310079516e+00
1.514383909967511599e-01,1.675045034043017855e+00,-1.764421320942990201e+00
1.791712268067305214e+00,2.430584198689692277e-01,1.661965502755737401e+00
-1.615601363871520979e+00,-1.575517351470830940e+00,-2.116279944679091862e+00
1.991378567647440923e+00,-1.743592337274303183e+00,-1.790056329010610847e+00
-1.955935817648308594e+00,-1.873780056081501000e+00,1.627132927510719362e+00
8.256701210349179920e-01,-7.938990165211448069e-01,-1.905101596628644867e+00
-6.849354531956035608e-01,-1.854245919253683761e+00,1.701081005146119818e+00
1.756432850428221615e+00,1.523420693332345310e+00,2.065999404804747641e+00
1.426746430215143802e+00,-3.288858167638898933e-01,-1.823131740117719390e+00
-7.301174558717150598e-01,-3.868852559041810468e-01,-1.971430760474509603e+00
-1.782171303655976091e+00,-1.216105033041233074e+00,-1.998280901668151310e+00
-5.869467763264192284e-01,-1.895859610219171154e+00,6.087329385318179797e-02
-1.876131444622129996e+00,-8.715460198597970720e-01,-5.450342502750732399e-01
8.464302451738042743e-01,-9.432748778975849069e-01,1.900039572633661411e+00
1.876696225082747693e+00,-1.819210295971861679e+00,2.044714048960007968e-01
3.647973108681282217e-01,1.712313734080162186e+00,-1.741975307053050148e+00
7.789626365216734127e-02,1.157848521990548107e+00,1.982923162774618664e+00
9.291028523668954930e-01,1.863507090238953223e+00,-1.705800799655011302e+00
-1.634027185514568270e+00,1.790497461217749775e+00,7.923886034833370617e-01
1.979473753231766109e+00,-7.914641853201465072e-02,-1.502306507148342130e+00
-1.375048119278379222e+00,1.898050444835082118e+00,-1.875467989626534993e-01
1.803525522618464993e+00,1.779431168881877134e+00,1.374924273302213340e+00
1.879540556617832925e+00,-7.235587214695416991e-01,2.456286053045474427e-01
1.791390298559219607e+00,-6.726097972264755143e-01,1.695533235556828222e+00
-5.088791408618237311e-01,-1.718654186487720725e+00,-2.060293364840847019e+00
-1.893974602240403815e+00,1.234132819548006799e+00,1.468967879044894564e-01
-6.714162155025149570e-01,-8.415401975643282961e-02,-1.933214572784259788e+00
1.795787708771223290e+00,-1.937965405024512533e+00,8.199867931602951021e-01
-1.669037923379993682e+00,1.964733625236520620e+00,-1.854834453118843429e+00
1.347425532008509563e+00,-1.841638451339386418e+00,-5.079482666741376162e-01
1.773721314761779855e+00,1.139296284651824566e-02,1.634274286045515723e+00
-1.118909426254921735e+00,1.425637534154825303e+00,1.954658318472588086e+00
-1.553631476614839579e+00,-1.618246563392460535e+00,1.657400278313230002e+00
-1.339474815718498135e+00,-1.718042374960406793e+00,-2.098043129008287266e+00
3.947088211643043354e-01,-2.040929089274742481e+00,1.606967958417546249e+00
-1.779072289912137395e+00,2.016277510476706336e+00,-1.330801965403537235e+00
-1.247506681364941861e-01,-3.486167010308513503e-01,1.893497102030352375e+00
1.743693940362339490e+00,1.182509417798507156e+00,2.125460645318733466e+00
1.103387616075367728e+00,-7.191218585909963101e-01,1.916356426412504810e+00
-1.826516703330970159e+00,-6.284208566266954454e-01,-1.011966981633003471e+00
6.065391103520101357e-01,-1.155165504938814980e+00,1.893841562615678820e+00
-1.437196895229067239e+00,5.120734685745710335e-01,1.865400076229119852e+00
1.778482254916859295e+00,-7.829099303905567853e-01,1.653500726119821351e+00
1.016613064630808916e+00,-1.743915676499560474e+00,-1.836131165148376709e+00
1.884584707225746669e+00,-1.726384261320386360e+00,4.468908930396792156e-01
-8.086728637427954558e-01,2.322221468060188254e-01,1.860895605770996664e+00
7.914721307825112184e-01,1.914544530487394702e+00,2.963113681218722609e-02
1.805394329123193753e+00,-2.971291112484679142e-01,1.163781370868348208e+00
7.552301258465823376e-03,-1.889653645787221281e+00,1.762763601802758151e+00
-4.661627894284720575e-01,-1.216097075088193646e+00,1.751729446806197243e+00
-7.201894379012291347e-01,-1.905130042682068758e+00,-8.862805643988760917e-02
1.839073467671673123e+00,-1.893511867289259687e+00,4.458204876586795984e-01
-2.098392059537267096e-02,1.937338843307496505e+00,-4.473725900306093628e-01
1.606441072212964505e+00,-1.996294971491021863e+00,1.710365493236889023e+00
1.876891789353509754e+00,1.958130623337950960e+00,-6.127902559448696884e-01
1.814395332537846572e+00,1.970774977678901196e+00,-3.392608729071671658e-01
-1.573430763524742426e+00,1.845374500230607895e+00,1.855718724763957828e-01
1.313136874119176678e+00,4.974484501977916029e-01,-1.776283635604593236e+00
2.177029843082518568e-01,1.988542646665856228e+00,-1.257112533777678953e+00
1.049765154420612134e+00,1.904122094795560827e+00,4.569003164369798697e-01
2.700400492664349894e-01,-9.304900512311878868e-01,1.862041126681824199e+00
1.096251260973453601e+00,-1.744143370236382662e+00,-1.765084356976655888e+00
-1.845358360117061558e+00,1.156853703730879701e+00,-5.691379149082940181e-01
1.866602443593928795e+00,-1.249513570464117596e+00,6.960691543526533742e-01
-4.724899028758430819e-02,1.361487705334862408e+00,-1.825535300166388541e+00
7.940237411590637950e-02,1.761408390759824805e+00,1.513207660192584569e+00
-1.518806718992484539e+00,1.403835349066598681e+00,1.902690326778996521e+00
1.814457326759070455e+00,-1.917195569704541303e+00,5.651723080089525730e-01
1.794926956604594892e+00,-1.619753853653927544e+00,-1.906327026992935991e+00
-2.745978713979603247e-01,1.851620116885657197e+00,7.027740715988710640e-01
-8.819742050232901587e-01,2.000919591232289463e+00,-1.195368265417396492e+00
6.675117118721189957e-01,1.943911152588237767e+00,-3.039002906807098947e-01
-1.837790229346803361e+00,1.460799507507858808e+00,-1.159663859104477668e+00
1.931726782445555513e+00,1.543075245453718880e+00,-1.003005829265267934e+00
-3.372090697805158466e-01,1.790152071495027863e+00,1.167835105994496248e+00
1.191156096985379609e+00,-1.318522105730884242e+00,-1.910699806195677031e+00
1.440159594320292058e+00,1.748993576904046277e-01,2.005414133784417796e+00
-3.554984460175691918e-01,1.109874522000041802e-01,1.883277617039114560e+00
1.763958220584257663e+00,1.911885693068608782e+00,1.692567754214615305e-01
-1.883818672004226036e+00,9.493230660777788321e-01,-2.513688106813247169e-01
1.817967341035232831e+00,2.000101267916430281e+00,-1.033075402170146484e+00
1.502318196400392436e+00,3.881070848880213697e-01,-1.803813147806643924e+00
1.569503581347062360e+00,1.863296145709863350e+00,9.177040479133034001e-01
3.588850911022175016e-01,-4.487072511722925983e-01,-1.940122505113085705e+00
-9.737673223053970872e-01,-4.087208752040025206e-01,1.793348239256205456e+00
-1.572951402263282672e+00,1.801306914483340904e+00,1.187121265606349008e+00
1.279795844014621764e+00,-1.874741533904085378e+00,1.692785856590102167e-01
-1.920231268658915802e+00,-1.532577975445137852e+00,1.009218031946722993e+00
-1.606423920605327904e+00,-1.845163514413199701e+00,-6.369982170248612574e-01
-1.934116414069303014e+00,-1.248116929849428347e+00,6.951718787329004279e-01
-1.560276674273309405e+00,-2.034305781502782295e+00,1.203582068588669562e+00
-1.755393707977511264e+00,-1.349744348036768793e+00,-1.873643884973257512e+00
4.589859695740038381e-01,1.994532760996869269e+00,-1.264547890107764916e+00
7.418924909933710676e-01,-1.769518177800221803e+00,-1.579943260868755583e+00
1.729954402725849549e+00,6.674619582661078798e-01,-1.765859018035560668e+00
-4.504451777072691065e-01,2.503809368842099814e-01,-1.924453723158331186e+00
-4.935068133625587494e-01,1.924878773015942013e+00,-4.128769293725504941e-01
-3.189348463871605199e-01,1.160892931779412995e+00,-1.820823961184522499e+00
1.381946501587683729e+00,1.939012818493182078e+00,-2.430589874475043433e-01
6.335109290504109536e-01,-1.887076884331012616e+00,1.826391807904028886e+00
2.363208983751830528e-01,-6.191672620935348981e-01,-1.959546440843588977e+00
1.242541681914945961e+00,-1.914960237067146576e+00,4.856062294957607661e-01
1.934760476126783368e+00,-1.695617709832407227e+00,-9.864773157161248474e-01
1.840626809613450598e+00,8.468954481092179354e-02,-1.781566682713451311e+00
-8.899310769893004069e-02,1.997849131124820321e+00,-1.311799397817812185e+00
-1.908245076941995078e-01,1.972798218549691285e+00,-1.603244929867832402e+00
-1.973419680011040844e+00,5.101752386365608904e-01,9.808072740299963455e-01
1.769936575086350272e+00,-2.012663129934163297e+00,1.832531361037281759e+00
-1.087035217798685061e+00,1.962111074262628430e+00,-1.826301740708007326e+00
-1.957243594527735553e+00,-4.730910825615441406e-01,1.068972805204852383e+00
2.589524369147762697e-02,-9.192767190065184169e-01,1.841669232062770556e+00
-4.305701407083311616e-01,-4.666896264727821708e-01,-1.935698559103177896e+00
1.914366202401611261e+00,1.066694712819876489e+00,-4.508071672416733566e-01
1.367460511411143775e+00,-1.962197546805863668e+00,8.638927848029176459e-01
1.805701999666260216e+00,4.172318944250201778e-01,1.332237070534729062e+00
8.402873518869714564e-01,-1.864060299903666840e+00,-4.929092111163785317e-01
-1.258807900308835936e+00,-1.830632532782686450e+00,-1.316751628542299546e+00
-1.552173923822423252e+00,-1.897720227211030730e+00,-4.245552249665036082e-01
-1.816750156172590058e+00,-7.044961649768127776e-01,-1.040255004610599610e+00
6.006360995954165283e-01,1.874042053907535976e+00,-8.048728765356667758e-02
-3.175770652086278845e-01,-1.922091524404877738e+00,3.802352962929007041e-01
4.870013000706546191e-01,-1.782872034600450739e+00,-1.452166178911542982e+00
-1.944910643266833050e+00,-1.640575134803298751e-01,4.677262673596329634e-01
1.162724517094394283e+00,-1.028626979247480699e+00,-1.889248724256923806e+00
1.916884523369303706e+00,-5.076425410294284069e-01,-9.554069487082597067e-01
-1.664359395582927448e+00,1.895661650748867277e+00,3.200880413760680970e-02
-1.377414724227827625e+00,1.575669717143395987e+00,-1.858350710616126999e+00
-7.794339590452243893e-01,1.972556413824545940e+00,-9.654220698339184281e-01
1.006427955237663818e+00,1.034645601197109910e+00,-1.762183818215476983e+00
1.813208548400072839e+00,-1.198696754280407895e+00,6.920207133661504528e-01
-8.039897305522561988e-01,-1.948792387409502114e+00,5.169834613296471204e-01
-1.621586654838161445e+00,1.968149526440338359e+00,-1.152244736610842146e+00
-1.156701528506647536e+00,1.784475865443912124e+00,1.133516737037393307e+00
-9.254040320465982683e-01,2.937807470074118577e-01,-1.962324725715970608e+00
1.887831346741310812e+00,-1.853528089666081513e+00,5.236877492779939969e-01
1.604769973958690699e+00,1.338541122401521566e+00,2.127647127458734300e+00
1.790225867304159113e+00,-1.867773921483904642e+00,2.685319901097710932e-02
-5.188894458306225754e-01,1.912316017266713075e+00,-1.108682114387594675e-01
1.227106780318295787e+00,1.963009106624757472e+00,-3.939296046192493628e-01
1.219641065540068237e+00,6.558657037442248150e-01,-1.766955180591547103e+00
1.099136467865058586e+00,-2.031588855644107294e+00,1.437559813658434216e+00
1.691617558982776881e+00,-3.405211774690894977e-01,-1.808302447168341098e+00
-1.943471192294252248e+00,1.173232641798668485e+00,9.676109782250060798e-01
-1.590386561972265689e+00,1.945498854708816339e+00,-5.051044642442910071e-01
-1.841527587611512251e+00,1.789756991678379761e+00,-1.089150651891136912e+00
-1.592881300597271954e-01,-1.818964801507775952e+00,-4.732352917424747507e-01
1.871866547062098984e+00,5.755936292714046720e-01,3.585099645876738128e-01
1.953356011771508083e+00,-1.630972928021099611e+00,-1.233640373657119538e+00
1.271760013583624449e+00,5.463285867611099578e-01,2.018151380401951300e+00
-4.331504972941855880e-01,1.304540479020101396e+00,1.977338453079986902e+00
1.883990386364327252e+00,-5.547605134126624149e-01,1.653351118242162854e-01
-1.250051579873111995e+00,9.915907814707078938e-01,-1.910783497255978514e+00
-7.280972178744308243e-01,1.966380171023186962e+00,-5.867602022783484639e-01
1.842073539745146871e+00,-6.232662687118199069e-02,8.708127265648089033e-01
7.480814608057335668e-01,-1.146341188181329240e+00,-1.948686715425580029e+00
-7.972044360275151176e-01,1.740443987096626843e+00,1.657156225896694313e+00
1.978579789349473428e+00,1.641569803992778631e+00,-1.619120050076226613e+00
-1.937681918164197992e+00,-3.662313017063748011e-02,4.889806687179560907e-01
-1.805076895371211299e+00,1.699212904876630681e+00,1.915896841568649034e+00
1.956066454876839611e+00,-2.666131847199644245e-01,-1.462238916467372807e+00
1.272427762715236499e+00,-1.382023479119465659e+00,-1.934871145892764099e+00
1.847328055228277144e+00,-6.013586425098409460e-01,9.284249804681499185e-01
-5.779548096352427056e-01,1.985019375282073728e+00,-1.050258847042226273e+00
4.199098570502975969e-01,1.690612062322497167e+00,-1.727462459796939021e+00
1.133923134331771276e+00,-1.741967465337900700e+00,-1.503573308514064344e+00
4.338466233710819853e-01,1.951766375506757578e+00,-5.528881850979585622e-01
6.035595056056348717e-01,-1.552399782820638396e+00,1.843818257782646963e+00
-1.861866162330764185e+00,1.536170157390024937e-01,-8.878720115279860048e-01
-1.891982893661003251e+00,1.077051424944102775e+00,3.064813749777696161e-01
-1.268964626774961246e+00,1.779421143922962134e+00,1.460123436836651134e+00
-1.443275201138691566e+00,6.281371326337148453e-01,1.863664169373591140e+00
1.847428719808627440e+00,-6.814781220601100475e-01,-1.830382231000094118e+00
-1.938790940996289569e+00,-6.149106204146772559e-01,1.021405689583010812e+00
-1.924541257878083833e+00,-1.715406915227462470e+00,5.702457204802893198e-01
1.814453203956772898e+00,-1.308091779093041307e+00,1.639979831473300509e+00
1.988569446851228939e+00,-1.290659679991501108e+00,-1.412678529660275295e+00
9.887909495949775973e-01,-2.387267403192743220e-01,-1.859017154540402839e+00
-4.004682636701629717e-01,1.811977650860363553e+00,-1.814556182192291534e+00
-1.756050168179803528e+00,-4.008440511478156970e-02,-2.002168099484681996e+00
-1.950731701598838352e+00,1.758732408142561265e+00,9.320389973768082870e-01
-1.908275324486895519e+00,1.506934650870822789e+00,3.477720932371134999e-01
-4.016316997221782148e-01,-1.753816061059942255e+00,-1.968188974634452970e+00
9.122192286386376914e-01,-1.955775558756413790e-01,1.942473468490089505e+00
-1.305982379873964483e+00,-1.994143617963107240e-01,1.769590477696904696e+00
1.969870791236631113e+00,-1.096509772684249207e+00,-1.179187146811457865e+00
3.220173163551780515e-01,-1.494441822231299399e+00,-2.012383121432538058e+00
1.772660131724529631e+00,-1.417205341471550417e+00,1.804574766104764416e+00
1.898900596211660075e+00,-3.416427067530593553e-01,6.166383069044191201e-01
-1.959960077083707342e+00,1.005478631230753317e+00,1.385686704256423596e+00
-1.494036336104437035e-01,-1.855396183056783777e+00,-6.008003788402532797e-01
1.506947340595917062e+00,1.978959812487586234e+00,-9.297441320714806556e-01
-6.172565215630037017e-01,-3.853006903633158786e-01,1.868385735262869218e+00
4.216936496415429891e-01,1.887133416452010382e+00,8.233628286456867729e-02
6.931539656360150570e-01,-1.562734669936262089e+00,1.794369255438559518e+00
-1.614063036296922604e+00,-8.078125956707111754e-01,-2.087903727543700239e+00
-1.460390467713349238e+00,-1.932278993550832435e+00,3.744840497383302713e-01
-6.033445909816487207e-01,2.041679701812074144e-02,-1.974527539347169736e+00
1.984249114152808025e+00,4.498725955559695344e-01,-1.736693468823214070e+00
-1.854079725381884147e+00,-9.485290760732070225e-01,-5.258368545526626026e-01
-7.250650778841514210e-01,1.864994721154843438e+00,2.375702241817611582e-01
1.327862416364316678e+00,-1.849864697957903203e+00,3.291424212259298071e-02
1.807756852283300741e+00,-3.755362751291250190e-01,1.549300946511974253e+00
1.100944042362319353e+00,1.938343695951453061e+00,-3.579515308291086328e-01
1.868926420945652200e+00,-8.501481349084851757e-01,6.633922144640527208e-01
1.991069791480277296e+00,4.980945665313286086e-01,-1.713534202739478651e+00
-1.804849955087860058e+00,1.673247903775192613e+00,-1.319451341400124988e+00
1.718042725427622708e+00,-2.008082883635571303e+00,1.822612352512788192e+00
1.863236221389597214e+00,-1.680218896830168340e+00,4.970395030925345847e-01
1.069341656175720523e+00,1.816042986478537236e+00,1.324869184087279272e+00
-1.384425071813483177e+00,-1.744661272774247873e+00,-1.958368797755245083e+00
-1.597005651922499991e+00,-1.898618099423375449e+00,-3.822618578774213405e-01
1.949366088085099369e+00,3.194740880136517913e-01,-1.764420076814581018e+00
1.374767139923139592e+00,1.818469740196925422e+00,1.392700874612942119e+00
2.000863112645820951e+00,-1.252734730354125636e+00,-1.492260739400252501e+00
-1.868333634918002195e+00,-8.483791765947786834e-01,2.128967562477613595e-01
1.961639964600659924e+00,-6.643256575325055813e-02,-1.071963034819970462e+00
2.031840331489552565e+00,-9.638182452424052249e-01,-1.665970405069871596e+00
-1.591520778182204277e+00,-1.890040619844667091e+00,3.746300339298887228e-02
-1.809576327824541142e+00,-5.572732194224082614e-01,-1.153797084118482363e+00
-1.603309799820223036e+00,4.134553266819488426e-01,1.836312218017163378e+00
-1.896353649780382344e+00,-7.709506051422146400e-02,-2.097756777550398299e-02
2.005492492878398370e+00,-6.341743303719225011e-01,-1.756344145319956640e+00
1.908688737872298979e+00,7.725626249224486486e-01,1.133354252096213793e-01
-1.835291455301245600e+00,3.398234705515906229e-01,-8.925350120952152411e-01
3.523440908655776638e-01,-1.925426503754525509e+00,1.792087812325163343e+00
9.875943349687632544e-01,1.415124171705827383e+00,-1.740965457035178243e+00
-8.940931201931855421e-01,1.946973146681379552e+00,-1.026092088446220352e+00
-2.020574281229744695e+00,-3.227733921606067424e-01,1.613799882579285638e+00
1.179719401413148017e+00,-1.724759445635005717e+00,-1.793582307496393025e+00
1.066084417263894357e+00,-1.685257298560253414e+00,-1.956605401280122170e+00
-1.289840572620248649e+00,-1.943643516391447612e+00,2.676197094039538538e-01
-1.327708027882526842e+00,-1.828709098684541345e+00,-1.185828446412509507e+00
1.810636539862501726e+00,-1.380904710922520984e+00,1.299006295843836867e+00
-7.976232078384701274e-02,-9.149702143614292515e-02,1.920203752952812426e+00
1.936029076906423452e+00,-3.736085064670110339e-02,-1.201557974797218042e+00
1.298085138257992543e+00,-1.125362868996789834e-01,2.001966574212118655e+00
1.393329159161434294e+00,2.031054750741537518e+00,-1.627339660081598804e+00
1.417256596015914472e-01,1.823757765791869989e+00,-1.766320177261549107e+00
1.958687981360845543e+00,7.723504073864078112e-01,-9.991758368762631015e-01
-8.531829371530412764e-01,1.999377189522752563e+00,-1.413786278391398588e+00
4.211040897709273367e-01,-8.901697590060732024e-01,1.861371536939332216e+00
-1.852654386617046400e+00,-1.324722650669716284e+00,-8.827702600960164458e-01
3.460525259352432159e-01,6.205230828608376825e-01,-1.827884386096971125e+00
-1.251777910899282586e+00,3.167435384315876457e-01,-1.982526521224538651e+00
-2.767300282502880848e-01,1.991299773112044313e+00,-1.508697029344693519e+00
1.284183943609483070e+00,-1.989624058908518123e+00,9.805377403981713202e-01
1.893537647030610671e+00,-1.823590872385774331e+00,-3.053686311456773605e-01
1.839397780923479164e+00,1.343266407528917183e-01,6.659279344769728493e-01
1.273710311254816263e+00,9.272122604554605685e-01,-1.757815775425403571e+00
2.438992791870702587e-02,-1.972392165208175285e+00,1.730844691586822082e+00
-1.934449968654969210e+00,-2.633587448490328775e-01,7.518792808976615394e-01
1.967511116061790633e+00,3.695597294644560327e-01,-1.559235555029208076e+00
1.997946225946734211e+00,-1.208704336794119927e+00,-1.861539760978722535e+00
7.197770154020772804e-01,-1.055469689140825063e+00,-1.938842803175013341e+00
3.641285622019730939e-01,-1.247707113511482113e+00,-2.007528541504662201e+00
-1.972561907559013505e+00,-8.113777989378408995e-01,1.704335394699681316e+00
1.821145511792137572e+00,-1.605453407750502937e+00,7.077764544709941319e-01
-1.920320928696194265e-02,-1.849131441227386485e+00,-8.369614477527106411e-01
-1.784464050443192118e+00,-1.959316899699896419e+00,4.555472485543468619e-01
1.398426019629799011e-01,1.999698113713397118e+00,-6.893386660201482607e-01
1.427391953229922406e+00,-6.471531414612511357e-01,1.928298465550937202e+00
-1.914639288698460007e+00,-1.063473375275777455e+00,7.554607134179934791e-01
-1.249931154346472395e+00,-1.776635973436939464e+00,-1.691128488803059771e+00
2.558986557108244297e-01,-2.990303694329721762e-01,1.867348385450886772e+00
1.432916850199990488e+00,2.019962646875759216e+00,-1.650209469310792487e+00
1.523186588489157112e+00,-1.547942121881704214e+00,1.918748053917887830e+00
-1.463981684672496231e+00,-1.927478811957121119e+00,8.277078253345064585e-02
-4.985935874024417513e-01,1.565539705436786333e+00,-1.804342124360161170e+00
1.957956543758132772e+00,1.097340232477776789e+00,-1.671372490510417474e+00
-1.312560052776113040e-01,1.817622103891668450e+00,1.012143844106711654e+00
4.199575757398660292e-02,-1.823239262432480023e+00,-1.028619832527748246e+00
1.840640133323836691e+00,-1.854832751175783390e+00,-3.673908013904473302e-01
1.127736971373274333e+00,1.532352127867787628e+00,2.098141773779810926e+00
-2.337201201112557580e-01,1.735783121462687095e+00,-1.775001253014117486e+00
1.963454201014556810e+00,-4.062675367797919379e-01,-9.801172782407159279e-01
-9.899267464360255175e-01,-2.042482036764298403e+00,1.556787924558121317e+00
8.540062105126754455e-01,2.043680757444215956e+00,-1.554864855709374716e+00
-7.455698799530328935e-02,-1.093529263905304250e+00,-2.005232138132597708e+00
-1.140274293503968916e+00,-3.918544933441072686e-01,-2.009225135529911110e+00
1.801734621617340215e+00,-4.356106121867007741e-01,1.157740427528521687e+00
-1.998729382502736573e+00,-7.173479815132215442e-01,1.305222981962157691e+00
-1.442322438653271366e+00,-1.952016350098858100e+00,6.898504000598322250e-01
1.937782357523824883e+00,1.274795991934384753e+00,-9.693017034366779860e-01
9.908060788213310932e-01,1.767693621033530338e+00,1.651256231987488610e+00
1.339591236897995641e+00,-1.905238511623974784e-01,1.966259560214514979e+00
-1.952963862783677840e+00,-1.986932717914675850e+00,1.553883284510803930e+00
-1.868463248591826442e+00,1.793000680493027410e+00,1.136960498465906744e+00
-1.911566999845422110e+00,-1.207763468236234150e+00,2.852443167809921021e-01
-9.557804288320114194e-01,-1.776732851382727629e+00,-1.511143981658143343e+00
1.499691025262758881e+00,-1.454761057123563073e-01,-1.820526864756529584e+00
6.165245018345478778e-01,-1.512189037043567996e+00,1.827166868850374382e+00
1.861125666884863694e+00,5.961837104428310274e-01,1.048355459881102680e+00
-1.762347508698765886e+00,6.871653076272196681e-02,-2.032509524928955091e+00
1.781948811822144485e+00,1.341004281675456156e+00,1.973302655789293869e+00
-8.762433150572779272e-01,1.949951663091139098e+00,-5.685385725717646555e-01
-1.645554283224616998e-01,1.144248703562413816e+00,2.015520873183759498e+00
-6.454840924122710044e-01,4.375091380724595580e-01,-1.909327725247778273e+00
1.879038593606932039e+00,-1.404126847424305158e+00,4.491647132364655626e-01
-5.615193901021773293e-01,1.966430946722864892e+00,-7.453115252147191061e-01
-2.014207719835953814e+00,1.176393282998049461e+00,1.887305935178776650e+00
7.434423885306084001e-01,2.009158656055046510e+00,-1.465767509316558304e+00
1.844843377073557278e+00,1.742184140383505442e+00,7.953987366168846496e-01
1.949720290645517995e+00,-1.942339336843362241e-01,-8.268108757462790948e-01
1.876352780493398154e+00,-6.265321372233038921e-02,-1.739018881455003593e-02
