-6.346655282413862231e-01,-2.988382803816265199e-01,2.643107049232113273e-02
-5.011872295828012636e-01,6.173338015910088128e-01,9.969134012222651275e-01
7.263767853289992971e-02,2.825904103780463306e-01,1.003704921821345186e+00
5.161938886643927527e-01,8.602644119193770811e-01,4.184314686813180861e-01
-5.183659197311301092e-01,-2.981976772564187694e-01,3.303249866816714182e-03
-3.128290413586511942e-01,-2.836935959951474295e-01,1.007615737133886968e+00
2.314041387486570067e-01,9.662023482127805041e-01,7.929331480747808802e-02
9.954172373780492133e-01,-6.682923765519827031e-02,4.283555904457013175e-01
6.132650743244487668e-01,6.513511829284801546e-01,-1.642823166002345750e-02
9.698709050077608529e-01,2.737948631295967217e-01,8.470215845798336751e-01
7.653551825612061599e-01,-4.699682187436577951e-01,-2.192171961158658269e-02
3.201041670436233222e-01,-4.752204366339392028e-01,8.886119926196122884e-03
-5.047119627886814675e-01,8.456492471833725322e-01,7.355869777470743776e-01
7.299177624338324399e-01,-3.555127204234418414e-01,1.046319943237786730e-02
-3.656014533385159027e-01,-4.169722056822460221e-01,9.940845078319032746e-01
9.894802810611277311e-01,-2.030103508700008275e-02,4.981605111532236840e-01
4.950241604351060531e-01,8.706822573924211106e-01,5.534609010652771222e-01
-2.420716043276474050e-01,-1.854279110824199606e-01,-1.843581480769507057e-03
-4.335288502863066107e-01,-3.790938923927953397e-01,1.002605925213321925e+00
6.848668580217974755e-01,7.119164891978274623e-01,6.401002199448604379e-01
-9.993427918634806284e-01,-5.810103828225705869e-02,9.712423198634414501e-01
-7.019400818466471348e-01,-7.152969816487753096e-01,3.614353580352835382e-01
-2.629132150965911574e-01,-3.148036084853860217e-01,9.919085256124993144e-01
-2.627861210433194428e-01,-9.478309752511616670e-01,6.252021427361204031e-01
3.679225904091398269e-01,9.211922577661173506e-01,4.430845748198442013e-01
6.489923750047865703e-01,4.587326883530917776e-02,-3.695028483502473676e-03
2.996211630494854394e-01,9.387458438905899039e-01,5.284262411351414723e-01
-2.949855323992074396e-01,-3.676016601126517180e-01,9.977369523912585914e-01
6.556495829117876539e-01,4.131975729175167977e-01,9.989247168361874429e-01
-4.134585258597911483e-01,9.184181059342384490e-01,9.646928508310242956e-01
8.083654798130723851e-01,-4.960664017056100050e-01,8.695859112451917797e-03
-9.062358564798843608e-01,4.306944908789333004e-01,6.084185929707063289e-01
7.060038749143222603e-01,-3.192732155086153156e-01,9.978641019104691479e-01
1.018625177243709518e-01,-1.011899049105790427e+00,4.605206084686501167e-01
9.184647015752929189e-01,-3.887890010164385957e-01,9.727166429359754840e-01
-4.365771169424206288e-01,3.685533915601026944e-01,9.951985336464902465e-01
-8.749166333861329026e-01,4.444482964428916327e-01,5.429987905119467578e-02
-7.055869413039379534e-01,7.246174265824224525e-01,7.784808506514833137e-01
7.919060443689944773e-01,2.207360480431361793e-01,-1.374235742135751503e-02
-7.688294527513206411e-01,6.455511004337097791e-01,5.173954918640258915e-01
6.848925860446053449e-02,8.948564928181139688e-01,1.363010904813271966e-02
-7.420273934898791168e-02,-9.539243622671755851e-01,-9.990147331391261223e-03
-3.875040106021798714e-02,-9.971990530859575763e-01,1.132074145014005939e-02
2.659734842753995743e-01,6.855944798650037697e-01,-3.754641407754524991e-03
-9.252505860859969733e-01,-1.765118477675136077e-01,-5.911097186617737462e-03
-7.223497728743133450e-02,-2.611907028810782627e-01,-8.918778775935103098e-03
-4.954033948144715982e-01,6.894848929520973613e-01,1.007224329195872903e+00
-2.923453368602977331e-01,-8.226379038268007982e-01,-1.387038582039531315e-02
1.873942703316423541e-01,-9.900772810653845069e-01,5.102026667249884850e-01
-9.196534033332590674e-01,4.214577755228733902e-01,1.504425316556210271e-02
1.000381034994584972e+00,-2.562665962544885545e-02,3.087836155020320383e-01
7.118392661930545984e-01,-1.387073127766584868e-01,9.921030229748217799e-01
1.005680811301945310e+00,5.174716095899876966e-02,9.120550883660151209e-01
-4.989526659575709844e-01,8.536724800611850128e-01,8.865453922417794175e-01
-6.661423688107451779e-01,7.787161958955900465e-01,8.236837072975512486e-01
-3.994406181317895488e-01,6.949255659396487150e-01,9.863429665800221846e-01
6.431463354223507789e-01,-2.546302216411731045e-01,1.002415507471503542e+00
-3.672668595412857950e-01,5.348533655427074596e-01,1.025703465153856783e-02
9.853727144737928212e-01,1.617432924087245649e-01,5.618091950585620831e-01
9.375854518274756577e-01,-3.420949858901199958e-01,8.734247259306247013e-01
-2.346700150510148131e-01,-7.270721002379203490e-01,9.799579450172571926e-01
-7.915245866184497103e-01,2.340013923895911674e-02,1.000631214697388582e+00
-9.092517503771343490e-01,-3.860034179018547729e-01,6.078898438269817461e-01
5.894166297767683416e-02,-9.907691309942994184e-01,7.539801408613135969e-01
-3.873808742386476989e-01,9.130039024175594653e-01,4.373487029074832333e-01
-9.682442812398489584e-01,2.564340619683811440e-01,6.933925758739759582e-01
1.274512267584734238e-01,1.000754684876466349e+00,4.496113291209684060e-01
-3.228542423423341745e-01,8.814667397227058387e-01,5.891618914682421326e-03
-1.747847773708873301e-02,9.940247201577518954e-01,7.920142483597063521e-01
-9.322776540027883918e-01,3.106088087005058895e-01,1.392690201661257818e-03
8.816354618462312054e-01,4.577509302335589503e-01,1.015171150998864347e+00
-4.910027251116648728e-01,-8.915473098867136015e-01,4.060263325573201798e-01
6.230173767572910748e-02,2.104192328479859153e-01,-2.637031160155119385e-03
-9.756025062797435421e-01,-1.751609132147913250e-02,1.958630561369669766e-03
-9.318166404676502257e-01,2.839428039383767866e-01,3.449644641469336581e-01
3.479011883281788453e-01,-2.092033589715418529e-01,1.840226805341826227e-02
5.826605102181950935e-01,-8.216250708401382497e-01,1.814695561612797992e-01
-2.783159979809679552e-01,1.802556063685880616e-01,9.905717287755576583e-01
-5.999908721929060329e-01,7.829134285988563757e-01,6.463178885451431599e-01
4.151916916363356247e-01,-5.061582501587564842e-01,9.947583077762929271e-01
9.510871025756229002e-02,1.906897040959376621e-01,-1.892694221974853055e-02
-9.426167948580380651e-01,-3.276975762378919188e-01,6.755647091906891166e-01
-3.950824319475887414e-01,-7.421353459832633614e-01,-2.816890780989563664e-02
3.360887972370107946e-04,-3.901188980325447364e-01,-8.041876486915259950e-04
5.329576567676215237e-01,-4.483329515913152541e-01,9.891722215073585067e-01
6.539247120602340591e-01,1.402100696165842209e-02,-3.497706419449353454e-03
1.244857231472255854e-01,-9.878431524585449264e-01,3.537899708147988487e-01
-7.655533943526438012e-01,5.430503706924192375e-01,9.970967915170436680e-01
-9.755162270892181464e-01,-2.151784664127927571e-01,9.026317752283863349e-01
8.632209871806940660e-01,-5.277134599415618244e-01,8.452699210093500559e-01
-1.315298873576649097e-01,6.997669852496051224e-01,-5.944716168991853560e-03
-5.088712055420683278e-01,8.572526162103073499e-01,9.341976338993688289e-01
8.773234261354396768e-01,4.861328619704058385e-01,8.320081294781005443e-01
1.002933713457996978e+00,1.721977889856666222e-01,9.860411013135520486e-01
8.925595391617976437e-01,-4.590990551064770275e-01,8.475290568758517828e-01
9.536680976331897153e-01,2.809902901932663788e-01,8.544113814167866305e-01
-6.066242615670660587e-01,1.664099194014767580e-01,1.016868663234143488e+00
9.209866983647788663e-01,-3.245572871095094292e-01,5.215957685029139201e-02
3.941362801962834395e-01,9.276916505958073822e-01,6.639890959766325818e-01
-6.603304764798301196e-01,-5.254688118694690324e-01,-6.455410741862990277e-03
8.965215919652069765e-01,-3.534113001766416851e-01,9.955641779153543425e-01
-9.323363254217698071e-02,7.325689180067824768e-01,1.735584538228182941e-02
2.903188391480460151e-01,7.992756621364121017e-01,1.002721554571416762e+00
6.725411905856859551e-01,1.962429261505167499e-01,-7.249672404991754082e-03
5.900038473464646049e-01,-4.758754582522950471e-02,-6.009392036981943234e-03
1.362674180394061185e-01,7.961444254760461359e-01,-1.294120731623176618e-02
4.697871676921128170e-02,-2.036435691534299597e-01,9.810957002533082782e-01
-6.733667400307133954e-01,7.347767570464308617e-01,2.247652445700270007e-01
-2.379887131973774661e-01,-5.326839605387372334e-01,-9.196738826609228423e-03
9.716122857314475336e-01,1.994245206529861869e-01,9.251893367375693678e-02
-9.602267680883775913e-01,2.200280680639872533e-01,4.836592666592999801e-01
9.421805963795538696e-01,3.047573915049120452e-01,3.896452697528435816e-01
7.205436893047001412e-02,-8.278478945612131046e-01,-9.967897667139413460e-04
-2.256658313852941689e-01,7.422914080872011766e-01,1.002955105533769098e+00
1.997440542035513467e-01,-4.774790585128119158e-01,9.783523244923689535e-03
-1.688362754141390365e-01,1.562134588926673562e-01,9.971316441292071842e-01
-5.549036069673602967e-01,-2.447481045290740287e-01,1.000522577793838019e+00
9.415801142093704890e-01,3.642699724706728315e-01,1.629036923172435813e-01
5.253002699359397010e-01,2.337206733391772318e-03,9.804982859047001176e-01
-9.385758990618272568e-01,-3.466490950934904558e-01,8.889352159691965571e-01
1.870037661922441252e-01,8.600817823819049135e-01,1.004381126831523474e+00
-6.485268576374851879e-01,7.393334020954502872e-01,8.439381818511692002e-01
-1.001936649874040297e+00,-9.671542962414417244e-03,2.518498231584987423e-01
2.406099714583164462e-01,9.436064663338072922e-01,5.780518333292115063e-01
5.547217798254971965e-01,-8.370307715999084630e-01,4.713740646728414863e-01
-8.103329922087046944e-01,-5.911464594983890652e-01,9.037282770797130382e-01
-7.609877529141857444e-01,-7.686724914464337921e-02,1.005028888250512897e-02
-2.465240255263119185e-01,-9.625863784683122981e-01,2.980844547179767323e-01
1.020431811548888845e+00,1.352738778855317944e-02,3.468299446582655543e-01
-6.410681921206786704e-01,-6.669478364448151453e-01,1.013406719577568005e+00
5.954767880608891062e-02,2.306135410625307358e-01,9.989131207798835899e-01
-3.482962147625148219e-01,6.699605412300901897e-01,9.995033347890923681e-01
-6.711219007439710449e-01,-1.254544163571986726e-01,5.043504759228859338e-03
-9.193003390546473641e-01,3.970684111883261980e-01,9.584681326562327630e-01
-8.734518387997614042e-01,-1.150755222718220505e-01,9.906057792807514417e-01
-7.964003703725428540e-01,5.963628253198437479e-01,7.490404078867167748e-01
1.005143389685039246e+00,3.497635569425694424e-02,7.755730819308529478e-01
-9.014287539760916790e-01,5.080748360422471244e-02,6.634691658431932093e-03
-9.259197163124415209e-01,-2.910129940761374545e-01,9.912281348729468089e-01
8.541490870197768759e-01,-4.879304957749104332e-01,3.676953713126804302e-01
-9.356330696490460230e-01,3.754088679790569816e-01,3.490878893438167929e-01
-6.969303351411757497e-01,6.947436911321177577e-01,7.909803921987837994e-01
-7.251722896689718478e-01,5.050343324441772808e-01,-4.914210196740263423e-03
-1.677692284179181648e-03,-1.027539614393987000e+00,7.236269495840089716e-01
-1.505147845838743503e-01,-2.300756940491217595e-01,1.000933059250602941e+00
-9.727440330816579106e-01,2.332905919369987480e-02,9.903724154246567046e-01
6.632816862998532903e-01,7.669310136750673301e-01,2.056862580984405997e-01
-1.087535144871925874e-01,-9.991428336878037664e-01,6.785501354373448812e-01
-9.556874771328230933e-01,-3.465847477970904200e-01,8.311787442388531011e-02
-9.204550623959587563e-01,4.035005364074576995e-01,9.031990137261487750e-02
1.605683046710072379e-02,1.000491175651247122e+00,8.314300738735848073e-01
1.266945113252455624e-01,-5.071243346119920226e-01,9.878269511537385306e-01
5.441252424015561306e-01,3.856666923725109442e-01,-6.738961195660674204e-03
-1.790390283653646719e-01,9.699898257197060447e-01,1.210850529223401612e-01
5.992795691636749744e-01,-6.654418028500770355e-01,1.017359766277952771e+00
7.613899533561325761e-01,1.822173093155343704e-01,-3.133845818814761340e-03
6.888980092189234128e-01,-3.915330895690953827e-01,9.972717487341643539e-01
2.056569723977164088e-02,3.510988187848753661e-01,2.703524765193354978e-03
-8.553861456537332764e-01,-3.006471259923948480e-01,-2.853422976000653658e-04
-9.323810674933145082e-01,-3.924515946566706215e-01,2.299172693273209001e-02
1.483304940955578743e-01,9.191042763363814760e-01,1.077909346680600011e-02
3.461462888194521414e-01,-9.221757029961690222e-01,2.190479775422974340e-01
4.316315249476581073e-01,-9.170598535360504622e-01,6.632662046742405781e-01
-2.769151614559479668e-01,-5.120955842568175598e-01,8.995746738863776362e-03
8.783801357565607093e-01,4.715062150131061891e-01,8.909834321464361606e-01
-9.110857333049544593e-01,1.197586124974869826e-01,-7.530482053477342147e-03
-5.687498328903273226e-01,3.067539559837333396e-01,1.013719131339972490e+00
9.875131984345234537e-01,9.872095420781830388e-02,2.321014706064292166e-01
-6.888803473074176509e-01,-7.250468957442784967e-01,3.365747651573396393e-01
1.415196864036261104e-02,-6.357691403372125460e-01,-1.174072461312243056e-02
5.964457756615575423e-01,-1.631075613892387643e-01,-1.150005856810988950e-02
-1.833976253263922551e-01,-8.372757741269079013e-01,1.625198829706343828e-02
4.056384695849604149e-01,4.047982187207652682e-01,1.762182872323419603e-03
4.901588425810204930e-02,-9.969567784593501569e-01,7.220084232699920390e-01
-6.013388074043672926e-01,-3.305534118987227821e-01,9.960647919361113045e-01
-4.197830411047649424e-01,2.569376725471239631e-01,-6.457850564387186514e-03
-8.570250413679586510e-01,4.665525697602753707e-01,6.393035865876768309e-01
6.225624634009774283e-01,-4.319185218210317423e-01,2.799856603633357147e-03
-7.762748255281008980e-01,5.755022752558311971e-01,1.009299230115570989e+00
5.395674639438075015e-01,-5.968580747032508071e-01,4.748746473566032612e-03
-4.592474981134295753e-01,-5.204064507480676838e-03,-5.071709478033760779e-04
5.426199590612301726e-01,7.029207636323839825e-01,-5.096155941783042827e-03
-4.951857232006763865e-01,8.684816752497827030e-01,6.944042957065003074e-01
-5.821371433799982231e-01,-4.670022138716451998e-01,-9.358831435119060321e-03
-9.508560944962017869e-01,3.010181410710797145e-01,9.394581487698981936e-01
-1.000113420709762613e+00,2.381220278487097136e-02,7.405701753513114216e-01
-8.164609078605734593e-01,5.754381842750387888e-01,6.436392085079346570e-01
-8.009064872970830251e-01,5.889928505562862515e-01,5.283177950957661517e-01
-4.439723670911799869e-01,-8.828019759397740529e-01,4.160092837302046265e-01
5.523688323321285232e-02,4.865827161873073070e-01,3.957375603775456453e-04
2.509472355109452352e-02,-9.980811661292972037e-01,7.172778984944129244e-01
8.183589504834052342e-01,3.532809779163932351e-01,1.514770316244698663e-02
1.657116321999446140e-01,9.883518128654279478e-01,6.797855506774301837e-01
6.029836439620972488e-01,4.225265039158072611e-01,1.011574336121032092e+00
-3.053952383870677245e-01,-5.465667797082729429e-02,1.014200944280916339e+00
-7.226393086799889343e-01,-1.612608432340123521e-02,9.861237946434000534e-01
-8.568776171651684148e-01,5.001073753726151816e-01,1.330737607135568101e-01
2.413695981645011257e-01,9.751911659484863160e-01,1.292598458782578952e-01
-2.675347914605101796e-01,-5.530419884367805405e-01,1.006982747999133343e+00
9.708449664330598416e-01,2.200276988249784960e-01,8.780200962146427202e-01
-1.732103357297181123e-01,2.267292746129045966e-01,1.003420603151293555e+00
-8.074203900835090764e-01,5.746125928807511718e-01,7.192998554969074476e-01
-6.158545617310240416e-01,4.469797460358806429e-01,9.946951340779118800e-01
9.155308419629653027e-01,-3.291878809700647945e-01,9.994953331517795192e-01
2.076304896042409087e-01,1.369206180608488754e-01,1.001631516892128815e+00
-8.882795160528488276e-01,-4.469543364579199318e-01,4.710909041377831508e-01
-2.229511546594793447e-01,-1.520247259076856761e-01,-1.348462217909547102e-02
8.189896149457229768e-01,-4.885791471627900506e-01,5.024275545737004987e-03
9.322720599780542905e-02,-1.006093207669956469e+00,4.349395101888014481e-01
-9.850412188317345663e-01,1.491439810834888080e-01,8.216803212544513402e-01
-4.376091464001933828e-01,8.968236078230504837e-01,5.679661916641532970e-01
7.962235329736060407e-01,-3.947042355879530895e-01,9.906542750405680220e-01
2.383640444669501424e-01,-2.079714417472655619e-01,1.008769242974104863e+00
-6.561636405759412316e-01,7.590360718944909602e-01,2.999324375128745723e-01
6.915792106336329237e-01,-1.816865682372461599e-01,4.463793948048543070e-03
3.980684561344887129e-01,8.902334461668366394e-01,1.000944627898387118e+00
-4.463600712560782391e-01,-5.396309436182782360e-01,-5.144610186576932705e-03
8.590913435010971710e-02,8.287075612370982114e-01,9.931774037075222772e-01
8.296181415123937697e-01,1.771944979806905351e-02,1.844373377939639153e-02
9.998198343607747063e-01,1.047539583107349737e-01,6.879918329020462409e-01
7.027150212541299901e-01,5.618746491567179202e-01,1.037570448428750021e-02
6.790354069799382497e-01,-5.843886666985875777e-01,1.001045690747185191e+00
-7.871695985767381831e-01,-5.813602054105966310e-01,1.627677751180585733e-02
5.321253402437091662e-01,8.460475089272877502e-01,5.442249244396577534e-01
1.718176794794246121e-02,-7.992639512364958509e-01,-7.621543055007321335e-03
3.075531799574959813e-02,6.380418271068637459e-01,-1.118870276616613186e-03
6.524604880879488755e-01,-7.620766256086480839e-01,9.655854348248705810e-01
-5.272158570949827538e-01,-1.389562550350655901e-01,5.456912144698451532e-03
2.515319629106413934e-01,1.657978185121300463e-01,6.572072854247920648e-03
3.555212179909002512e-01,-9.351762018306679636e-01,4.112782206958448539e-01
-6.778045981379674512e-01,-3.727689015398174543e-01,1.004726216451315324e+00
-8.367612898300313962e-01,-2.253173879405894198e-01,1.003219511059404878e+00
-5.355957125118333551e-01,8.358802131711167149e-01,1.576361240436921773e-01
6.794994343815474735e-03,1.451686371028957367e-01,-5.512000314986529453e-03
-9.217565074468978548e-01,4.153182986420552725e-01,7.151823367164025225e-01
-5.483405476847562632e-01,-2.079566301982753718e-01,1.805344799619487120e-03
3.477322190189768847e-01,4.012871171706189344e-01,1.207481384881223252e-02
1.681416720415220833e-01,-4.696062255767108340e-01,-8.066239060084160958e-03
9.242012410207655071e-01,-4.054935349598314809e-01,1.012417668483456934e+00
3.198657231279215529e-01,-9.523570626841377784e-01,4.899982486165528339e-01
-9.941207901868547303e-01,-1.296235820062618394e-01,7.990847541133160314e-01
4.077028096223651588e-01,6.324679806246618075e-01,-2.581176265824933896e-02
-8.984023279876213186e-01,-4.441582971584758233e-01,1.504808802683549052e-01
2.142387197941828525e-01,-3.609948304035714983e-02,1.010944175455311678e+00
-2.271758881055835691e-02,9.966926951688178660e-01,2.790587695058552309e-01
7.267779939668299605e-01,-3.522512993408424276e-01,1.578885911445742588e-03
-3.171587736718934902e-01,-1.636519425137008543e-01,1.009050254728351304e+00
3.521812067147132019e-01,9.125170733497560693e-01,-2.124882895545872081e-03
-8.922572020035559603e-01,-2.961510909407485403e-01,1.001953294436201958e+00
-2.375106918581093574e-02,-9.366245652473093042e-01,2.248144885920309432e-03
1.209059580643660758e-01,9.827345832243497004e-01,1.909131230907044063e-01
-5.756758218141719841e-01,4.550319320629703235e-01,9.913743293295186332e-01
-7.412461497839729629e-01,-6.809543014186834053e-01,6.570326960026255936e-01
8.086431219324810016e-01,4.925732512209684000e-01,1.820767030991811810e-03
-7.052823096771507760e-01,-7.182325919589607199e-01,5.969659419329943484e-01
-9.464714863207157602e-01,2.752900269805825251e-01,9.028101682438732789e-01
4.561160232384237623e-01,8.990585629274820967e-01,4.009319316859827897e-01
6.779497534647271895e-01,7.667310416969971287e-01,8.972484364737663975e-01
3.257434854831675608e-01,9.236489684510125198e-01,3.716843786362643461e-03
-4.765944868094280640e-01,-7.669593365585469780e-01,1.001761114712041767e+00
-8.964596909286705051e-01,-4.597217531555909953e-01,8.438769176632385793e-01
9.201421438454894242e-01,3.847796691745163922e-01,6.582478079860554221e-01
7.980287478017816793e-01,6.169804312998187212e-01,2.998659525566383377e-01
8.498589967421099622e-01,-4.970707684002018123e-01,9.903051581904102063e-01
-2.450880908002943392e-01,9.519076834206509075e-01,2.061490623735694194e-01
-3.786445916333509576e-01,-4.623082974325942729e-02,9.973205155026894086e-01
-4.471369367187909560e-01,-7.238897831854986809e-01,-7.093313609176730289e-03
-5.665513668327462060e-01,5.066003104206784347e-01,6.380963230787332517e-04
5.963867615882885165e-01,-6.619669337696909572e-02,-2.844729824151805337e-04
-4.763242297546852466e-01,3.884103276097454760e-01,-6.744946434143447899e-04
-5.699392315395379605e-01,-8.280478267836706152e-01,1.082258510286698422e-01
4.134601641266453242e-01,8.984746156669531914e-01,6.202437155562560978e-03
-6.171443188825946891e-01,-7.846124455982608215e-01,7.011640201184429211e-01
-1.667056374233717442e-01,-2.451721940536493172e-01,1.000871890073126380e+00
-6.353669936139318963e-01,-7.369024056874338147e-01,6.577938130163427100e-03
9.155827454959297729e-01,-2.348570210483449383e-01,1.099872421245154906e-02
9.941134456624708404e-01,3.970870073574241793e-02,3.516065703688804889e-01
3.763820124490226959e-01,7.023008564432235978e-01,1.006978700854187059e+00
1.682852069453277810e-01,8.723598836456669670e-01,9.863977646446652203e-01
-8.046689385074289325e-01,-5.946990327070473814e-01,7.279481679241355252e-01
-8.935708977142876597e-01,4.683658272197378514e-01,6.576708266889857990e-01
1.810219123634970728e-01,-4.674277238574171545e-01,-1.380124991144805573e-02
-3.950710059202096058e-01,-9.251567842266488206e-01,7.508662961758350018e-01
1.791851650875371516e-01,9.970349796203987758e-01,2.194333332606586973e-01
2.248245704595326355e-01,-4.456346706703651073e-02,1.004489708440833517e+00
9.266610791557774451e-01,-1.360080716250109401e-01,1.003961853187333553e+00
-1.525091691210386513e-01,-9.790565377179472062e-01,7.631677433455043014e-01
2.491505337879428572e-01,-9.776866400905412924e-01,9.178127160319082822e-01
-3.747095855722826219e-01,-5.554408278687348322e-01,6.787920139573320154e-03
-2.659494856533888285e-01,-4.942525593642572712e-01,5.115678079131986793e-03
1.051379970147983123e-01,6.766495403446306511e-01,-3.621519601593859924e-03
-8.337661719804622118e-01,5.264005066116809184e-01,6.734491902131439778e-01
-2.622275307584307491e-01,-2.749416733321290440e-01,-8.188103539533836406e-04
7.779104598338544285e-01,-5.938086425653936740e-01,3.646161586616625955e-02
8.483701586806853268e-01,-5.267742563272936884e-01,4.076915447698957751e-01
9.830930558230177585e-01,-1.125863749595528707e-01,4.283103370779686725e-01
-9.252256506137708225e-01,-3.745368733948326589e-01,6.522584794813612863e-01
-9.841297221709498499e-01,1.148200746753147705e-01,1.770086257089426018e-02
6.851503827702282168e-01,7.559336702503143268e-01,1.206664025539275348e-01
-3.052099765684970767e-01,-9.520934404668398576e-01,8.517242049289995842e-01
-4.960440621866979427e-02,8.472821960715191114e-01,-4.446185518699492280e-03
-8.757660106802751532e-01,-4.586570733035283398e-01,8.391280023162446255e-01
-6.253203786532623987e-01,-2.871793938170001947e-01,-4.626966069827261963e-04
8.602746178783022835e-01,-5.048051185734783175e-01,1.376050577326942692e-01
3.742965646698311333e-01,9.325140637913174047e-01,4.413717907367990800e-02
1.791351545168128889e-01,-9.765398296799061573e-01,2.051053473897076762e-01
6.204428198948724882e-01,-8.001735514688548268e-01,9.091006589687459227e-01
-1.472154692262896969e-01,-6.267304191380465017e-01,1.005789899832277179e+00
1.610917913351322672e-01,-1.017547443066991297e+00,8.637974002546688901e-01
-9.288797833604989229e-02,-5.227618075933573305e-01,9.905273340603151233e-01
-9.618268425261824461e-01,2.752643960972982473e-01,9.866817944945430741e-01
3.181336876172911055e-01,6.335545545319121175e-03,7.695895101176023628e-03
6.852124964079997493e-01,2.927259633872469902e-01,9.905039427324304757e-01
3.561359353726318844e-01,2.530887413451246015e-01,9.964362743190029459e-01
-6.372375017771857442e-01,-7.672443171801305306e-01,3.844634578859733587e-01
6.461002851160968508e-01,-1.626697628575595189e-01,9.970330327776200097e-01
-2.045197533170486359e-01,-8.397396814325630565e-01,-2.547809088154321354e-03
-7.876224750577384692e-02,9.773704725335158328e-01,4.769132580600626836e-01
-4.663057310391103272e-01,-5.875782927498478525e-01,9.907262827115007608e-01
-9.661087372399702611e-01,-2.513791798436373903e-01,4.596851139518499663e-01
3.967656950928810100e-01,9.179558498835794778e-01,2.223610242390230973e-01
-9.879870987086785128e-01,1.536891387760633554e-01,2.917491344248948071e-01
-9.715961175791520965e-01,-1.658649669431890294e-01,7.978813558802192452e-01
4.572272007693471974e-01,-3.489003012412672522e-01,1.017655584845344796e+00
9.573988688800244562e-01,2.843296318742056794e-01,3.471142324336933260e-01
8.751830514734633137e-01,-4.722927343528900423e-01,3.538690011711542738e-01
-6.034302953588285279e-01,-7.911090641767756226e-01,5.777600433068417196e-01
2.978806923646471969e-02,1.007006253677566132e+00,7.440063699451721080e-02
6.284772972567349569e-01,7.813457687342874047e-01,2.074039781949436612e-01
-8.009478250978575575e-01,6.160671065783258626e-01,8.418857071897701827e-01
-4.307000463619810038e-01,-6.220143004483627003e-01,9.977679388376334835e-01
7.029171958447526514e-01,-6.973543723041106812e-01,9.160770413250403088e-01
-8.407277228581749862e-01,-5.397060951062319090e-01,3.904947340515541598e-01
3.437537202889624499e-01,4.537832181271637122e-01,1.004896338474590367e+00
-6.881549045125594510e-01,6.483089440101803547e-01,9.845214842726112137e-01
9.789622968675235626e-01,-2.062683372493324951e-01,3.627840323299504899e-01
-5.326554906586649096e-01,-1.014251203980807148e-01,4.164022582710272258e-03
9.512825641288191747e-03,2.544210279404170993e-01,9.934447007120468243e-01
-5.821382695479815350e-01,1.338847847251332102e-01,-3.109174996671055288e-03
-1.987376992070659376e-01,-9.766038746234088075e-01,7.537197010446704537e-01
-2.483343988929773705e-01,1.921224724488868052e-01,-1.318192050141526149e-02
-4.946833833099262279e-01,-8.445298897118416193e-01,9.988364610920544839e-01
-3.826038522827013288e-02,-2.474984075656907478e-01,-1.465291567415429215e-02
2.939456023869557733e-02,4.639457459230480474e-01,1.003953856368691167e+00
4.097760646325530054e-01,3.183642618551183467e-01,-5.312021274701114390e-03
-1.001458269743952467e+00,9.227481753853457314e-02,4.988947850391318717e-01
1.003416439242798663e+00,9.234640487202304404e-02,2.519634928114664052e-01
-4.943975758866800962e-01,-5.926444385885842880e-01,1.019388027719799528e+00
-9.315499262117143964e-01,-2.810780897908253806e-01,1.503573711390372714e-01
7.052530274160684343e-02,4.854591182211476230e-01,1.476622437776162547e-02
6.414004108827409123e-01,-7.541749351367885712e-01,6.081490619798652492e-02
-9.674067280216885889e-01,2.798478593796674962e-01,1.656975938516501157e-01
-4.438022393683480615e-01,-5.926975740221629430e-01,9.993565274614517602e-01
5.743117150827030670e-01,2.693537578157649826e-01,-1.030627899717079937e-02
7.634343287561655700e-01,2.979197353581213292e-01,9.851551850064291793e-01
-5.380815142775734541e-03,-1.015071216563026013e+00,9.408429138251547252e-01
6.853946700511014400e-01,-7.148544321173752047e-01,1.118065766777834591e-01
-1.570480560342246701e-01,-2.213826422281772732e-01,3.570216567271394977e-03
6.857240629272176591e-03,-4.697793428714183150e-01,9.975841707676281755e-01
-1.226333960143515256e-01,8.046825626262450459e-01,1.352658355230720866e-02
-9.714463210948216521e-01,-2.290746535346297463e-01,4.268903587265523991e-01
4.197082559968257076e-01,4.838716902327544478e-01,-9.665817314993014470e-03
-3.300575915155523621e-01,9.342803404073174445e-01,4.611556415125021013e-01
5.533992590100440534e-01,-8.307667759985501998e-01,7.094328680809114385e-01
-7.365237820253824896e-01,-6.985165905166504929e-01,1.665548400239685589e-01
-3.571568269774965110e-01,-9.327859233911951486e-01,6.371267536256504105e-01
2.352870393227269874e-01,9.886799334406366491e-01,9.279798799985822244e-01
6.796245106198924857e-01,-7.338726284749749196e-01,5.281094063165292507e-02
-1.815465862156442900e-01,-1.002787486434900011e+00,8.028384710991606221e-01
4.248599825228989157e-01,-3.523399556305826241e-01,2.800433871119298399e-03
3.458467439545760413e-01,8.747901908190440778e-01,1.006632556867170569e+00
-6.664983290950651229e-01,7.520061795904644519e-01,7.216770616380513426e-01
4.995698397802276758e-01,-8.860066653230621592e-01,7.639705033499952225e-02
2.269699440323146578e-01,-9.688069424896895709e-01,5.359863022331287086e-01
-5.817895410965236991e-01,5.247275653015024410e-01,-2.034975260250619644e-02
-7.946236256571546086e-01,-5.487376956687328722e-01,1.186411169478833114e-02
8.772505879542120688e-01,3.430486962126557682e-01,9.979788266685161169e-01
-7.085808898093893804e-01,6.875566965143892206e-01,1.568019562909558906e-02
-4.433170067420319493e-01,-8.946698495158936781e-01,9.032863451558891255e-01
-3.984762628510576388e-01,-8.291304233226777232e-01,9.992780694087559645e-01
1.142176367461318343e-01,-7.052489265071832936e-01,-3.389463008093478256e-04
9.655806556267833018e-01,-1.967245049592512562e-01,7.686399844039564222e-01
8.513846772264370422e-02,9.944042632436443929e-01,8.356884411463453774e-03
-1.228510656915139942e-01,9.756441144305909585e-01,5.436973088875298732e-01
-4.452305406993926074e-01,-6.576463740062108432e-01,9.961962584287905598e-01
2.293365735386077020e-02,1.298570489799089067e-02,1.003351643456235953e+00
-4.920464223364741652e-01,8.759593614841130194e-01,5.718505356853658128e-01
4.452087084283462559e-01,-2.000047704487066813e-01,-3.329095192953951659e-03
6.286011184865331058e-02,1.014538800812432751e+00,2.898626724411371147e-01
7.498727434526619717e-03,8.585850087480302317e-01,1.056064390412003035e-02
9.441895666855680824e-01,3.111340827608850557e-01,3.808064469739126379e-01
-2.064242906034383651e-01,7.961828988456143286e-01,-8.414815344480970627e-03
3.015679853068947702e-01,-9.593103409173644458e-01,1.018336413827254372e+00
9.582458893273458900e-01,3.204061737756399020e-01,9.901208541577506406e-01
-7.929817907943343958e-01,4.230365864955294430e-01,1.000528092191886653e+00
-5.538781868720230595e-01,4.625815805118538293e-01,1.010817592384002817e+00
6.267839544627744619e-01,-5.224881182924800971e-01,1.000250794331699611e+00
-1.827058349272621118e-01,-6.245812487654611722e-01,2.320531947895990155e-02
-6.985059766770221890e-01,-7.275162360218380142e-01,3.959867864069859800e-01
-4.273513040914395655e-01,8.893913089013157913e-01,9.348027062821587796e-01
-8.333333857271534306e-01,-5.720204904613046537e-01,8.876016967429466442e-01
-2.552623186969062985e-01,6.552423022970756961e-01,1.000283739669036498e+00
2.468734467590971704e-01,2.291572165757347346e-01,1.007804756839660421e+00
-2.411475659214499245e-01,8.145107363872254869e-01,-2.638204951530771433e-02
8.030045809206158847e-01,3.498505391961341804e-01,4.796388928786344229e-03
9.207897274327494497e-01,4.369906284680264985e-01,6.551560753172386287e-01
6.470605987692668037e-01,5.853353030011247959e-01,2.868763001297537901e-03
7.294644254151048113e-01,5.108956856390129975e-01,-2.175899088674611726e-03
9.850655212471447486e-01,1.066915869128736150e-01,6.759945203791363211e-01
9.935433482827980001e-01,-9.362701655323414640e-02,3.433600112761268919e-02
7.186047265894964786e-01,-6.826648894934017608e-01,8.631797575594023497e-01
6.607838469920368496e-02,6.077363274086486911e-01,1.314593266613174778e-02
9.143282400801117094e-01,-3.636102231093286119e-01,6.440667561825350607e-01
3.407718531764158953e-01,4.591991711058662773e-02,9.773040197134881257e-01
7.121287099860876824e-01,-6.783614282575662902e-01,1.778077019116950375e-01
9.287860256340539633e-02,1.012186536635844680e+00,9.535032992118144257e-01
-2.464457582940025038e-01,4.347822054297327821e-01,-1.624952030073874634e-02
3.501307274855859353e-01,9.427699012510276644e-01,5.612758864377459522e-01
8.429850614572287348e-01,-3.574943636040150974e-01,-1.126256954645918698e-03
-3.169670701643356736e-01,-9.881365647479412040e-02,9.963804944047167655e-01
-8.521560946688633287e-02,-6.574713847905842012e-01,-1.528692790350149808e-02
9.338884922341723627e-01,-3.732322349361928415e-01,7.542160909107551436e-01
6.622148282440121214e-01,7.479833987367049408e-01,4.974272703360907988e-01
3.747221304861898528e-01,-8.187803849250641086e-02,1.007648285465146731e+00
8.701835537666571252e-01,-4.608262925885973083e-01,-9.593626567629411420e-03
3.544614802649534990e-01,9.306941264187216234e-01,5.941915133387820624e-01
-4.832474233220218629e-02,3.777659333040583878e-01,9.978468545338813334e-01
9.190127277929944771e-01,-8.487030833490738502e-02,-6.828490745986043331e-03
9.727484915423532108e-01,-2.156533912683477605e-01,6.660155224472540381e-01
-3.245713746348475315e-01,-8.437626471555543795e-01,1.334040650430635445e-03
5.181870517895049710e-01,-8.454452323927399426e-01,5.260731097943995849e-01
3.148609113072928789e-01,1.769924433412009002e-01,1.665076749358601962e-02
7.625383881125816776e-01,6.332909603843298596e-01,7.303045254718485424e-01
7.415828692928894128e-02,-5.133069131553928965e-01,9.942524596389464842e-01
-3.632250150257991805e-01,-8.702732408672222419e-01,1.001112793802664269e+00
-2.203099630631681904e-01,3.582918239726946563e-01,1.067672990659343686e-02
-3.194767174873295867e-01,-9.355171530624234455e-01,1.285890648289897131e-01
9.588395987985791624e-01,-2.664177435599153210e-01,2.791307482623566205e-01
2.119412336888331083e-01,-8.853175033932445537e-01,9.977885563312863804e-01
7.858546811808844179e-01,-1.490809619872599523e-01,4.112899952116389141e-04
-2.814076728797093585e-01,-9.716554141277168322e-01,6.072743816053334520e-03
6.771967764579399640e-01,-7.506745665795634403e-01,8.253812880768630622e-01
5.971443492980121892e-01,-5.882574562625686454e-01,9.956968366842294804e-01
4.389538963675645999e-01,-8.692804060309178293e-01,9.558523390473037118e-01
-9.124474229092108812e-01,-3.935820162331666872e-01,3.646030974613093112e-01
-5.645432694289476139e-01,1.220240043761748883e-01,-5.190500550351814270e-03
-4.684933813805197134e-01,8.831707880048067505e-01,1.164428277312239690e-01
-1.360560186540391570e-01,-7.709370677128046800e-01,1.003495581103906131e+00
-8.134925852928357459e-01,-5.693168752813068112e-01,1.837225108022751408e-01
8.916847724193958102e-01,-4.673252595621981142e-01,9.010598110449576925e-01
9.031591914664424681e-02,1.012668006297509304e+00,3.275278124451135309e-01
6.967014918670267898e-01,-6.922921943506712417e-01,9.814115209037495013e-01
-3.427562994815889774e-01,9.534779532601673768e-01,9.396044406234940194e-01
4.599852054456541328e-01,-6.110939972302387169e-02,9.964530209656434767e-01
1.632462745116913805e-01,5.929224901416629834e-02,9.891264356321260998e-01
-8.558637485276274770e-01,5.184203936011442249e-01,1.265229843875472771e-01
2.237678915875667141e-01,-7.302858183046878615e-02,9.940130333242623850e-01
8.362501345185093804e-01,-2.750480989294636913e-01,-5.502610254729221884e-03
3.581041334462669590e-01,-9.309755627739118022e-01,3.138278209765860138e-01
-4.556361410497533626e-02,-1.122922498984464390e-01,1.639129955912652439e-02
-3.735950431317802689e-01,-7.774217494955060204e-02,5.008878099395032597e-03
-8.925394744432102456e-01,1.132441740250720308e-01,1.001743805585501690e+00
-6.082686380067658938e-01,7.918319850014616801e-01,5.526288338737523897e-01
5.493549200774023866e-01,4.433796477327984764e-01,-1.909880535098845006e-02
-6.330826640235021063e-01,7.712650924324513380e-01,6.986123698252671987e-01
-2.742235989311961331e-01,9.552160782241706505e-01,6.365858254887184486e-01
-5.713937625102136764e-01,-6.103428739941683112e-01,-6.730402657314935901e-03
5.750348366260856769e-01,8.216991364680583665e-01,1.651206959409023678e-01
5.891377205394894290e-01,-4.553423273046945940e-01,1.691754049957607886e-03
7.916307549547230149e-01,-6.122922577129569222e-01,5.716966273024240985e-01
2.780669340940294387e-01,9.654022648072031476e-01,3.748461088784110218e-01
-8.401743102055497792e-01,-5.697917412197767151e-01,3.968883619464953771e-02
-4.758602171050901886e-01,8.780258891120369391e-01,7.556218770264016005e-01
9.175995925631559302e-01,-1.600084592343717915e-01,-1.073682242562275062e-02
2.194951830057554343e-01,3.123108900460274118e-01,1.267040068444650822e-02
8.177024791653035862e-01,5.846564260255145973e-01,3.384569457844324725e-01
3.557135265243021038e-01,3.923304479771461128e-01,1.003960683454525604e+00
-2.286822017599801082e-01,8.177917935016356665e-01,1.008522812399355706e+00
3.785057951122130504e-01,-4.391249571511712801e-03,9.903515070701311984e-01
-5.521302161205172698e-01,3.270580671309222254e-01,1.002096679545749325e+00
-8.322011796245589732e-01,5.688270070560478286e-01,1.790328687977308930e-01
-9.427122671587799818e-01,-2.695042686466389559e-01,6.370300747163328836e-01
8.103113541621688176e-01,5.808352385552638664e-01,5.173005626280556823e-01
-8.510957601738367018e-03,-2.831244330355293659e-01,1.008564482489412883e+00
-5.675630004575454857e-01,-8.203467404982346389e-01,4.394538737108388271e-01
9.311158633819464070e-01,3.465086266026822237e-01,9.697185695790648818e-01
-3.618434013914731961e-01,9.056221480785077160e-01,7.562680047068674749e-02
-9.036334586096296251e-01,3.991840463051225529e-01,7.555750269937799857e-01
-6.062281637041184723e-01,-8.166604833737246549e-01,6.841578864020340101e-01
7.780490279325480429e-02,1.190122851519164193e-01,-1.010940433073564959e-02
-8.681809687524217889e-01,4.738971735568606181e-01,3.410913790375727506e-01
-2.414516399634605015e-01,9.762533958154607783e-01,7.791677251795010584e-01
-8.429535405592738506e-01,5.275038338236569535e-01,1.528003145864615941e-01
9.103160292300316314e-01,8.230723973912401625e-02,6.341436633415440532e-03
-9.807566750811775869e-01,-1.480594780138186906e-01,-8.039875091713262131e-03
9.910835172692673556e-01,-1.836139298544732235e-01,4.043661147420097857e-01
8.671868949987223685e-01,-4.812694663280816521e-01,1.040572111920952530e-01
1.216115555881436272e-01,5.531618593849199073e-01,-1.162447746041132823e-02
2.824241792123007855e-01,4.068237616078103080e-01,9.492732381311945813e-03
-6.199473575918352797e-01,-7.668174065436822451e-01,2.392810015117036171e-01
