7.286909895594369246e-02,7.100871385620876053e-01,2.488562411869814639e+00
1.177826717061458695e+00,3.490467756221794282e+00,-1.344420053824071815e+00
8.732146463427330474e+00,2.905116486296706046e+00,-1.826727519262630883e+00
3.470595721729828664e+00,-3.961503676253193440e+00,-8.549565487098136352e-01
7.317857459107685258e+00,5.154449258942952916e+00,8.700711026203601650e-02
5.001270325269789652e+00,4.528216124302789858e+00,1.458045879611670204e+00
4.103181340332657356e+00,-3.702573687796942181e+00,-1.099519904401050852e+00
5.742813123626014260e+00,1.817386843387112094e+00,6.957218764658861243e-01
3.750079331161108254e+00,-2.343498095872587506e+00,2.134526376351854673e-02
-1.513846400837315809e+00,-2.837368478122889837e+00,-2.483268936919625691e+00
4.403593732249481363e+00,-5.751990825773256599e-01,5.662934233293228647e-01
6.318295671546770187e+00,7.391517123152998581e-01,-3.145317896258263524e+00
-4.748999792683736842e+00,-6.652077299945436728e+00,-2.190058071376450033e-01
-3.424632780216859906e+00,-2.361995309627752615e+00,-1.829455395430587439e+00
-4.703716270543193190e+00,-1.604863951804580191e+00,2.794589166937546665e+00
-5.016283642199325321e+00,3.320173152201476352e+00,3.241282270272058508e+00
-5.614324727542283178e+00,-5.272272351213229236e+00,1.259080120397924718e+00
-3.287948404682026204e-01,-6.482340102550785410e+00,-1.960278050298465802e+00
-8.266389743839811288e+00,-3.907091098583497235e+00,1.860562907558589441e+00
9.728889675035442552e-01,-1.314192755812525704e+00,1.592700807992398104e+00
3.198856357451507648e+00,-5.003655958207572141e+00,-2.812701243151481290e+00
4.266683533506779646e+00,-2.645210519836219021e+00,-4.380219125949504355e-01
1.724060900768325189e+00,1.165455793061436429e+00,2.134982709804307266e+00
2.422322090770341774e+00,-5.019479932552665780e+00,-1.192194801604786525e+00
8.710276941644893967e+00,3.159076750466141448e+00,-1.455663693075444742e+00
4.971132771974848374e+00,5.101890032252984319e+00,-1.316528683158650903e+00
-5.033893352693348255e+00,3.682524188574006097e+00,1.868642567500268470e+00
-4.256000081857179929e+00,-3.661795399262188333e+00,1.998894025174373867e+00
-6.921187512804317876e+00,-3.550720192797108155e+00,-4.421318783775900485e-01
-1.914056532374683206e+00,-5.637778403611586775e+00,3.100921418573098221e-01
-5.830231346074032039e+00,-4.247398931064473970e+00,1.920797171970892947e+00
-2.357253280966141951e+00,-5.127901131696427584e+00,7.526308120331143270e-01
-2.155014580507868871e+00,-5.029695189177340708e+00,7.798194944141260132e-01
6.945907829283630264e+00,-1.802577191427339853e+00,-1.811105819558121555e+00
9.659648714936530656e-01,-2.824254674832212597e+00,9.794228592415897827e-01
-3.715878589372457075e+00,-3.763852468669573792e+00,1.813963182816031861e+00
1.971871396798838605e+00,1.897951303916549648e+00,2.199343989848107750e+00
-3.016148413082888613e+00,-6.063154379902109703e+00,2.613711799524396917e-01
-1.201977545282407744e-01,1.072088553091407048e+00,-1.964147178439831665e+00
6.667595937592504463e+00,6.123462939038954111e+00,-1.810966168668841636e-01
-2.645473996502300196e+00,-5.443489082903615106e+00,6.428477353612326306e-01
-3.986387964563952835e+00,4.616628686752704880e+00,2.158706155410782923e+00
1.801911911656592924e+00,6.662613812994342410e+00,9.545873963189311917e-01
5.375557486601270973e+00,4.628035590093083407e+00,1.318415706399524101e+00
-4.459737750229781916e+00,1.593123047870439735e-01,3.190838236000882677e+00
7.325272214472168031e+00,1.868235670291423095e-02,-3.099095885961936414e+00
4.967343527716579388e+00,-5.172245734036972076e-01,2.683490885607787702e-01
-2.326540965231836289e+00,-5.523646158544955220e+00,-2.264152092733054733e+00
6.887779178505366140e+00,-7.095952327303030049e-01,-3.223138159479910225e+00
4.510955383764867044e+00,-8.013482706091142049e-02,-3.193874446033448500e+00
-4.992091131780430402e+00,3.530623786767186356e+00,1.685539677465678343e+00
-8.302314848785352197e+00,-4.226996772011530901e+00,1.376376398496634623e+00
-3.230970724552644224e+00,-6.593900273814747415e+00,-1.579692402937632689e+00
6.161794724845668370e+00,5.646048608249122580e+00,-1.046453766592097434e+00
3.085982630264172411e+00,5.092102750691167579e+00,2.139928858826957825e+00
4.327587245018247764e+00,2.952972805942867929e+00,1.592072289897718651e+00
-4.697064074932787214e+00,2.563719674762455547e+00,5.894701169823109987e-01
2.638406465084720764e+00,6.345519348203558785e+00,1.903984956228709446e+00
2.897527576836595120e+00,6.227890715781003728e+00,1.991602820362883053e+00
-7.159591520942283793e+00,1.364751657800408857e+00,1.676395591189798528e+00
2.910364197373640938e+00,-1.477000031488985066e+00,-3.232961761824022506e+00
-2.776100902060701703e+00,-5.931987483857873222e+00,2.697444366031703789e-01
6.298788825484046505e+00,6.073057967962200543e+00,5.556190462888885850e-01
-5.768602409311058388e+00,-6.523087603068810303e+00,-5.214522909469200274e-01
-4.870290173921663524e+00,-6.783115465392023147e+00,-4.475464643427451428e-01
5.424083099421858067e-01,1.443504355531207040e+00,2.542212658385002211e+00
-3.199026393460805640e+00,-5.879044808520965226e+00,4.374039502453624939e-01
-6.010624660577200018e+00,-1.302919269904365240e+00,-4.155148021008946424e-01
-8.079407224494497441e+00,-1.464582432271120283e+00,8.736342300012391870e-01
2.130309831877294613e+00,-2.197000673592818032e+00,-3.200400476681887429e+00
-4.208188333915333423e+00,4.334247793456124320e+00,1.955525700445618353e+00
5.132018125794099106e+00,2.478282224898673558e+00,1.148023984847730494e+00
7.650220618030265207e+00,1.949265201787198087e+00,-2.722200873366002583e+00
7.330022589042528125e+00,-6.362712103975450839e-01,-1.363701265954087249e+00
4.465822582881070701e+00,-3.062276957376147468e+00,-8.509308220505731324e-01
3.655028745396596168e+00,-4.856522060555846565e+00,-2.661831078686896390e+00
-8.805184015076756410e+00,-2.946938232057712437e+00,1.671773083147983341e+00
-5.035505497863209889e+00,-6.672991607246933299e+00,-7.638492363785451822e-01
-2.333643884997690154e+00,9.215793960355112002e-01,-1.258263966182048943e+00
6.317694540504440681e+00,2.208121461947672171e-01,-1.096412998908390252e-01
-7.023569277359780649e+00,-4.325121258652074197e+00,-4.263223671096793566e-01
-3.119988985021355798e+00,4.712902444845076921e+00,1.361774234668298833e+00
-7.756999663680968382e+00,-7.748690259998648466e-01,9.342252682086903404e-01
3.734981633523685840e+00,5.938311421866094619e+00,1.813154938149769135e+00
4.358761482007690313e-01,6.498017850104172766e+00,1.348432540294708604e+00
1.109184660285333468e+00,1.341158559293549324e+00,2.325274606454981186e+00
2.567277051839590207e+00,2.850914615366957339e+00,2.189012836268460216e+00
-7.176715909223291279e-01,-6.627450652049199142e+00,-1.467557520470684329e+00
3.776815272037897131e+00,4.358657498797466334e-01,-2.999889280597320074e+00
-2.829958094984758699e+00,3.287920691349636826e+00,3.362147106195985113e+00
-1.663322482798240243e+00,4.373045799324236427e+00,3.172361282378052927e+00
5.406801957987602769e+00,7.591346008912671639e-01,5.289426570162704122e-01
2.642964547225230998e+00,4.675943622801370658e-01,-2.806186437820413548e+00
1.134301181839147743e+00,2.858843062829353743e-01,2.066119821279296165e+00
1.337450983599875576e+00,2.661475861450562697e+00,-1.783773050535272908e+00
8.170730960372276641e+00,4.116414145100353750e+00,-5.470154590504708869e-01
4.632996898351511739e+00,-4.043004229976343566e+00,-2.953023842112681319e+00
8.741574849831366123e+00,3.389650501206384003e+00,-1.237550220481084651e+00
-6.544390221995466383e+00,-1.070952037119097700e+00,3.063643278114776436e+00
-8.879660774022997138e-01,-6.580353329768325210e+00,-2.022096339729858805e+00
-3.736263304888387982e+00,1.463086054266434566e+00,3.366726895136883613e+00
-2.160423400349395159e-02,6.160443996714377590e+00,1.107431401769056079e+00
-4.315882540885359830e+00,-2.989257305738477033e+00,2.298707266289949036e+00
-6.266679187832582265e+00,1.066282734585008329e+00,3.279499452606439824e+00
-9.305714857341121915e-01,6.197135786544734515e+00,2.027843186901014061e+00
-3.011336833584103978e+00,-1.038580688981200373e+00,-1.659961834166848504e+00
-8.307136974995483314e+00,-3.169355114665862061e+00,2.071888971243017519e+00
1.037754379281374373e+00,5.566385161222672906e+00,2.616003475782966436e+00
-5.967113546771203758e+00,-4.493516580678098116e+00,-1.006514557802397292e+00
-7.972341367231379650e+00,-4.624290841258133611e+00,4.254853135545611509e-01
2.713699078352407756e+00,2.535686672253139928e+00,-2.147555241492243194e+00
5.661122276905330430e+00,-3.221608611448254500e+00,-2.048714470327861470e+00
-6.927068346535849130e+00,7.004522336073498723e-01,1.017233925063603772e+00
-1.046137695429392833e+00,5.747095011958888833e+00,2.720002111199975037e+00
-1.752989644238190925e+00,4.537373134489645743e+00,3.588332202617078859e-01
5.023886442618239911e+00,5.091495202968827627e+00,1.381919204290997349e+00
-2.402688692204897336e+00,-6.173489790332593152e+00,2.317758169413184927e-03
6.474409410076151228e-02,1.632753471781163812e+00,2.688286607153484997e+00
5.805206720370412299e+00,5.688423797996930098e+00,9.624202347156037840e-01
-6.470581990593980315e+00,2.662159646196314178e+00,2.479928603159514022e+00
1.443565836478888142e+00,-5.989252443916898372e+00,-2.124435089848789371e+00
-4.586137440224997697e+00,-6.120292340596259706e+00,-1.448325947158842553e+00
-1.550871904706277449e-02,-4.182435713973175595e+00,-2.907673291613853905e+00
-2.368718315317059897e+00,-4.061822281868586515e+00,-2.381922385698232336e+00
8.445868913610672379e+00,6.493660520211792520e-01,-2.223342228207486393e+00
6.782602594229199866e+00,4.751308255519237633e+00,5.897085258675610620e-01
8.387572840945241026e+00,1.134415547889504827e+00,-2.577813292052995475e+00
3.157002675960542959e+00,-7.035455052236947449e-01,1.010143174973483493e+00
-1.216516294651784458e+00,5.626213855653980467e+00,2.679553455201174827e+00
7.332698472352271679e+00,5.105781710902571824e+00,5.367630921225344243e-02
-1.869102334655389441e+00,4.688358717055460367e+00,5.656600685373254223e-01
8.831061582650404418e+00,1.825638238075170339e+00,-1.729069603869171745e+00
5.610404560670387113e-03,-4.136156402013985378e+00,6.239563219850182696e-01
-6.032841652260988674e+00,-3.684627197661479170e-01,3.159451512927736072e+00
-5.273354336695902589e+00,1.711653629850651281e+00,4.788752950573038070e-01
-2.122731716305659155e+00,1.505355154708801990e+00,-1.106009466915688577e+00
-3.223823541955377348e+00,1.995860774374429658e+00,3.331812643370465565e+00
-6.806907659403421462e+00,2.288069870736704647e+00,2.699906379104970444e+00
7.199487582880980341e+00,4.231764283935175897e+00,-1.929402280809340731e+00
-3.087710995311774731e+00,4.088649909388927028e+00,3.202244729472993878e+00
-6.923432272569187695e+00,-4.245327169567972625e+00,-4.978037419345309189e-01
8.651106168047739686e+00,3.678280215629755379e+00,-1.160958322663813824e+00
-8.241214710893512319e+00,-3.583217870974614971e+00,5.816193388309351953e-01
-4.279854135102148405e+00,-1.199210139832159960e+00,-1.177109217640661898e+00
1.850859619877231799e+00,5.471096583862469664e+00,2.429302162805142995e+00
-5.883853050189125078e+00,2.225157157376658201e+00,1.209831662465795210e+00
-6.790036758936022210e+00,-5.454738527345422305e+00,-4.351296447341746476e-01
7.359259239895400206e+00,-6.280500611693644597e-01,-1.330809111096033615e+00
-6.017754662114766617e+00,2.100570707609540122e+00,3.244654157971270880e+00
-3.459114063733263578e+00,4.117373423366905705e+00,1.021407054017735794e+00
2.133539990053546109e+00,-9.909874806683187654e-01,1.331928067283661754e+00
2.644117266787060050e+00,2.790828133806820155e+00,-2.041592732706408508e+00
-5.098967518370606022e+00,-2.521370042451422377e-01,3.157220989534764488e+00
-6.268377018652224741e+00,-6.189654622086155911e+00,-3.670794530196104799e-01
-4.013735241619116323e+00,1.778604019921480539e+00,3.373203914457960639e+00
-6.222286797517672774e+00,-6.315842553737951448e+00,-2.115548653823402514e-01
-5.329388305709241713e+00,-6.347886607847507356e+00,-8.407458350142439363e-01
-4.489760764452212172e+00,2.835230156173126126e+00,6.433450370631315085e-01
-3.347744246238324450e+00,4.813241159234070921e+00,2.838872322911404567e+00
5.452908206154030601e+00,-4.481498019605531513e-01,-3.333630989066288297e+00
-7.358745818237188097e+00,1.693472364306592426e-01,1.063093482326436190e+00
7.079922527324851167e+00,1.797438703361050383e+00,-2.803777682235596647e+00
6.102398606410064374e+00,4.104839592937772785e+00,-1.973536991233193927e+00
8.186620453547879706e+00,4.794454018482126045e+00,-1.024145051676396578e+00
-4.923720372557451874e+00,2.494050316921712529e+00,7.471986129757118844e-01
-5.943952184051974008e+00,-5.609431310548308458e-01,-1.731099736395388944e-01
1.487391059936850057e+00,3.245685271457469323e+00,2.567874628428604478e+00
-2.214827824637394915e+00,5.076213897892597693e+00,2.959599904758372979e+00
7.026729256402678203e+00,5.141096027033214000e+00,3.958685004800335805e-01
-5.311954514769364977e+00,-2.868378618766087573e+00,-1.143067417231977689e+00
9.380937041482004246e-02,3.805224558872451812e+00,2.913624009821790484e+00
-8.500388062019023749e+00,-3.618871578677168799e+00,9.410678797501464965e-01
-5.460291389883318441e-02,-3.523844592927344976e+00,9.562928243121300298e-01
-4.097189366867293181e+00,1.865641609643755583e+00,-1.151844717916181982e-01
-1.866514952359221047e+00,5.397682763644713333e+00,2.831290542348719352e+00
-8.129416393321875489e+00,-1.499763538279192954e+00,2.722582441562636291e+00
-7.247943753454917371e+00,-5.413871484544904078e+00,3.092196909081199735e-02
-4.461478935637727794e+00,-4.203302736563245823e+00,-1.637896210750712234e+00
-6.449556533784552848e+00,-6.045195865926435097e+00,6.030635408945922427e-01
-8.263210293729972733e+00,-4.124061240291987396e+00,6.770019480602696982e-01
-8.021307987182055399e+00,-2.366439693727103055e+00,5.735956908652996011e-01
-1.336143209871968551e+00,-1.624555355019893454e+00,2.177164454171032659e+00
5.201455175888987092e-01,1.364705817046607761e+00,2.527744702020935375e+00
5.387174904924209251e+00,-9.595664668852581514e-01,-1.608367562093103442e-01
4.816362076607231479e+00,1.984907750098138246e+00,-2.729457697684577244e+00
-5.382238162462572362e+00,1.886247027555222111e+00,3.409394206690878892e+00
7.276584189133183500e+00,2.750397064275282411e+00,-2.524439091847407557e+00
-8.006028855729027782e+00,-4.921375176434147569e+00,1.043850368972010001e+00
-5.688474101694446894e+00,-4.225093902469922114e+00,-1.097195512169917730e+00
6.371101649659467903e+00,-2.484075482721583850e+00,-2.860425556000107061e+00
-5.724480966941249527e+00,-3.395115551098144113e+00,-9.981305074365000030e-01
-4.086724651163723188e+00,-6.469002700710815290e+00,1.123671678478402880e-01
-2.644556948444158895e+00,-5.771006867558016395e+00,-2.180129466499150404e+00
-5.354221551092586573e+00,-6.628935368975786169e+00,-8.601418641392505338e-02
-6.880141204328219295e+00,-1.300742205394804119e+00,7.396334879864374656e-02
-6.674539665546418421e-01,-3.045211314335079855e+00,1.412330204550910517e+00
-4.882702926616624417e+00,-5.307777837890431449e+00,1.206608347618701949e+00
-4.684597901011510857e+00,4.034233642164382516e+00,2.772377515405539672e+00
-3.547353259826238503e+00,-6.439373536125737374e+00,-6.112131810032313955e-02
1.068305581970133256e+00,-2.217296752720207653e+00,-3.053258164293791044e+00
8.646959591342955775e+00,3.696635753213463271e+00,-1.345178843576309236e+00
-1.725450991808738843e+00,3.732722128530633565e+00,-1.930914342308547582e-01
-5.916676857793592426e+00,-5.615229071821289608e+00,-9.191493438580145003e-01
7.121944185058964649e+00,7.093590830466947605e-02,-3.124365073100827228e+00
1.794393459849654260e+00,2.028380114831058290e+00,-2.140651279353812164e+00
4.004037795415265499e+00,-3.866997430736829333e-01,8.059390028722783761e-01
-7.103133060574609914e+00,-5.771721793873880735e+00,6.245320177635665937e-01
3.027826808710461837e+00,-1.593623323047935747e+00,7.257748783044926100e-01
-1.038670155550915242e+00,-3.332396353372953701e+00,1.393962999525874213e+00
7.096377577915791157e+00,2.777343010764901532e+00,-2.520337884097170633e+00
8.076872161251399618e+00,7.163403526974886359e-01,-2.773947208341804416e+00
5.219020787475722400e+00,3.711240023959804901e+00,1.284971417734018129e+00
3.235632136124357405e+00,-4.548185389801084888e+00,-3.057647444990536645e+00
6.356853711618772884e+00,4.406597698327171742e+00,-1.845008368840999724e+00
6.776190186656483316e-01,-4.014643551936146970e+00,-3.036268621582209004e+00
-8.547204342167338709e+00,-3.660408010730598960e+00,8.721919655556988893e-01
6.841400409281384931e+00,4.108665844396593769e+00,5.120144509008274225e-01
6.778876634545626167e+00,-1.188119229723790804e+00,-1.155515039739470229e+00
-6.516021146399314290e+00,-2.106047786560180324e+00,2.745809768778692650e+00
-5.221264761135607557e+00,-8.825112333022533395e-01,3.079347709988133897e+00
1.049562702427196959e+00,2.964482766794439339e+00,2.650115382215950444e+00
5.697973955135259061e+00,3.479363324140936076e+00,-2.235385521952744980e+00
9.229207585337169117e-01,-2.557470854214850320e+00,-3.074919965810800626e+00
8.435514655245905047e+00,4.123557556844351657e-01,-2.401883070747395710e+00
-2.496502612167347812e-01,-3.808828774891453328e+00,8.894674845044807654e-01
-2.252287024458981435e+00,-2.980935778140284542e-01,2.780174776414058524e+00
7.689143035215179722e+00,-1.058296105431503431e+00,-2.266977185330243838e+00
8.161114870742519400e+00,5.909144493420905864e-01,-2.761860003150620635e+00
-3.510970345405015625e+00,2.310306447126101670e+00,-1.853856557388518789e-01
-8.295035155238080549e+00,-1.160232399211492460e+00,1.248397490176389235e+00
-3.378933270306965220e+00,-4.997192829976897954e+00,-2.036493446099601368e+00
5.834712399441907671e+00,6.016338903083353173e+00,-5.907538749953898938e-01
3.839067774042013159e+00,7.944525455117334989e-01,-2.912542986034148296e+00
1.021064754156425725e+00,-1.307427029839612009e+00,-2.884376212973530418e+00
-1.448196386068212993e+00,4.492637183621475572e+00,3.144364281161647234e+00
2.251094476561198210e+00,3.472329656243556828e-01,1.709153098967746809e+00
6.157416836800676307e+00,-2.831132644233714579e+00,-2.310291713604272879e+00
-7.121778780611820459e+00,-2.264322253758483505e+00,-7.256858766771993874e-02
-5.989569824412710908e+00,-5.575502907802781571e+00,-9.401398809591259287e-01
8.386727071201233841e+00,9.253450269777673265e-01,-1.483036084613784666e+00
7.572987066763706920e+00,4.035764280835530293e+00,-1.938501574883766621e+00
1.900439503064615288e+00,4.672685142001038461e-01,-2.676678088379639053e+00
6.262915155819575475e+00,4.255080899386448401e+00,-1.895490193379704147e+00
4.510044380545338072e+00,6.377507117388614866e+00,1.272450862262408222e+00
2.262432060065698636e+00,5.732809753520246687e+00,2.270400818059620462e+00
7.524854753438131816e+00,-8.030374294183163508e-01,-3.002405659985725173e+00
-3.941129429628466685e+00,-4.943627705922855498e+00,-1.863593323525155832e+00
6.566649357269358056e+00,-1.589777544970781831e+00,-1.303914817685638550e+00
-5.679718611505379933e+00,-2.614494522452160297e+00,-9.384160052152634712e-01
8.073790744726059287e+00,2.157934222877948283e-01,-1.551837096047589126e+00
8.467859587150517342e+00,1.234654236700749586e+00,-2.565841049886126157e+00
-6.582932815101934843e+00,2.278619716276495399e+00,1.915921744490437506e+00
-4.836874009969427846e+00,2.521690554345348279e+00,6.989801332196183825e-01
9.554440643281567613e-01,-4.003370420266466390e+00,3.677208987020574305e-01
-7.867690833653814053e+00,-9.553629174368803989e-01,9.256734851914808493e-01
-7.886412811519789123e+00,-4.780863349590863898e+00,1.332831930959665234e+00
5.195267421354825110e+00,-3.279518364817274545e+00,-3.127533450229945444e+00
-6.496513004640388722e+00,2.562885588366241585e+00,2.767675272288945720e+00
-6.735777043966789890e+00,8.203366910496623365e-01,8.881357076090121705e-01
-2.725451946495186295e+00,4.024494020801708594e+00,3.244638711227090244e+00
-4.355448246295743897e-01,-6.334700121295943731e+00,-1.038195569843614940e+00
-8.747457027524809803e+00,-3.224217798532555523e+00,1.900679845002205770e+00
5.980043270723832682e-01,6.605788493138685880e+00,1.774416778906160674e+00
-7.604212660653586475e+00,-1.041737235362881764e+00,2.902611191731077067e+00
-3.797050999471018429e+00,-3.772139643045431256e+00,-1.867069490306491497e+00
-2.591628091365246522e+00,-5.703068744540610524e+00,-2.222257490570570759e+00
-3.762466750623681300e+00,4.742448601611668479e+00,2.371321120195463816e+00
-1.684015986885260885e+00,-6.012269592512892835e+00,-7.013590951697255826e-02
9.923388255111803558e-01,3.096696141591579257e-02,-2.580403781320625978e+00
-6.712765876027273038e+00,-5.765719189094038466e-01,2.481263571961157266e-01
-2.475316394588205071e+00,-5.478696708017357864e+00,5.740261468550993396e-01
7.530318076774975999e+00,-1.178441063468908423e+00,-2.554215045882139545e+00
2.172342312203827674e+00,-1.352100703552297500e-01,1.587464445576544758e+00
7.382657035109552623e+00,1.186983519790947295e-01,-3.086956866778859609e+00
-2.433409691210968173e+00,-6.018720087254513906e+00,1.621275050381587590e-01
7.092436935183014768e+00,-1.513588676546652856e+00,-2.949742665828298360e+00
-4.714831065956876621e+00,-6.682273066398662031e+00,-4.261143947148549604e-01
-8.124451057407229726e+00,-2.826935293524993842e+00,2.383398213165980994e+00
4.884895481378139337e+00,5.795631572368331597e+00,-8.075665037038913807e-01
1.951028099227317014e+00,-9.887485572735044137e-01,-3.027427220240947126e+00
8.448488099486759495e+00,2.600588765182867856e+00,-9.479570434797861544e-01
-2.580809315137527982e+00,5.269571514430182901e+00,2.706919997164862313e+00
-5.098702471639819933e+00,-6.596550172681845403e+00,-4.545408605628141474e-02
3.558761451686454969e+00,-3.467473100970462685e+00,-3.372363533644750611e+00
4.791004589927950086e+00,1.792013934893208482e+00,-2.780466127964596801e+00
-4.146099144213576615e+00,-5.546498715383065381e+00,9.064919427466110458e-01
5.829178775680131430e+00,9.012968564397003668e-01,-3.079344092305449365e+00
-6.331586452674775600e+00,-5.761669385173455282e+00,-6.146706729284544535e-01
2.095252433361646460e+00,-4.908457785649387617e+00,-3.038539865028683007e+00
-1.403965325725932356e+00,-1.178650769242132412e+00,-2.247425708168090175e+00
-1.976574844222045657e+00,2.178963171348823558e+00,3.190849768075171511e+00
-7.183347045053304569e+00,-1.933662635752182224e+00,2.801494993934545263e+00
7.860267587005077772e+00,1.061832507365946476e+00,-2.824039444181638103e+00
-3.889691591108998203e+00,4.394156605961130779e+00,3.045064138114325303e+00
-8.162506006082844934e+00,-2.523946132891051519e+00,6.061922951465500420e-01
2.995616196162328437e-01,1.279065405860331683e+00,2.564789871053756443e+00
-7.100527815757621042e+00,-2.596963479065816038e+00,2.576471070580877321e+00
-5.777006675377320377e+00,1.822608495713931687e+00,8.162232763691369408e-01
-4.616908702633620187e+00,4.815579954135176255e-01,3.301054956075572644e+00
-6.255595874757482022e+00,-3.182820021873186800e+00,2.366110944089976353e+00
-8.632759561469660170e+00,-3.168816698024386369e+00,2.001839421022334697e+00
1.724473356052599549e+00,6.881035187908658424e-01,-2.541660205621407265e+00
4.475640604034896164e+00,6.076383792293680308e+00,1.491963919635867830e+00
6.238887118130675979e+00,5.460345632951436379e+00,7.391051403664368191e-01
-8.484312163190311784e-01,-6.225915073525296606e+00,-6.660521092816933386e-01
7.404999733595615474e+00,3.243978404195078991e+00,9.232834570809583807e-02
2.642512153313276269e+00,-4.779043235806549994e+00,-3.043447183118839217e+00
-3.041043021404373992e+00,-6.561547824670426188e+00,-1.672974426865487141e+00
4.756888164469668112e+00,-3.794369314456309095e+00,-3.037715519550427512e+00
5.902449347672217961e+00,4.157069349709899164e+00,-1.931626579500789864e+00
-8.643883653108705545e+00,-1.327491264947257221e+00,1.928249404257053490e+00
-1.929255831928443854e+00,4.733296863754884676e+00,3.055266067115712580e+00
2.087957692067675008e+00,6.066714656725627819e+00,2.231057773999046479e+00
-6.007994905612682679e+00,6.329912781599330573e-01,3.058104899474864968e-01
-4.752586404820742239e+00,-5.751659366573221854e-01,-8.165554518479714030e-01
2.614949860473255949e+00,5.288872025550437783e+00,-7.325444804719888348e-01
-5.119964668927114992e+00,3.867796741065101962e+00,2.709883905250006553e+00
7.017736693282267346e+00,3.369760295034463837e+00,3.731325939852996321e-01
1.169785436552476243e+00,6.564169663535833976e+00,1.083061557993551416e+00
-4.971261241435586342e+00,-5.246927510542171547e+00,1.253442376826240823e+00
6.544208398665124271e+00,-1.024145628010510567e+00,-9.035732011977192224e-01
-6.469350730149998618e+00,-1.746093565985592955e+00,2.859092490890853266e+00
-8.039138584188425085e+00,3.929421351796191786e-01,2.422836873680174641e+00
9.143193747148558037e-01,-5.655751686411945478e+00,-2.761613194477918309e+00
-3.662848463755445483e+00,-2.386137963342477519e+00,2.402018818629074737e+00
-5.792035257029622741e+00,-6.242999394850827777e+00,-6.261843930393650171e-01
5.723719315130367136e+00,5.920989647481029294e+00,8.755518574759884043e-01
2.397296270489960524e+00,6.816671336828794558e+00,1.084460405108714331e+00
7.691474220828546038e+00,6.451701458323573224e-01,-9.400155934326244189e-01
5.574250304172687187e+00,-5.450782563920673063e-01,-5.256051520658194809e-02
4.491968178312585103e+00,-7.375810294077075335e-01,-3.316617193687862564e+00
-5.611683408216080693e+00,-4.838337081170720033e+00,1.577045011273643604e+00
8.760377593300312071e+00,2.490117402199711449e+00,-1.590365479797611004e+00
-2.364329551764714488e+00,-3.840141562314923984e+00,-2.327678739747354175e+00
8.334418899073725129e+00,1.691819752222884776e-01,-2.461980450467307957e+00
3.673720920687855607e+00,-2.798981823877212616e+00,-2.134000586965310031e-01
5.632496425408623608e+00,6.407204179977751046e+00,6.713733079059478470e-01
-7.587859776991880523e+00,-3.553245938447486374e+00,2.169681970691639261e+00
2.741604697562216142e+00,5.102359151924762415e-01,-2.834549072604833686e+00
8.696089422978413808e+00,2.674848565311851445e+00,-2.088375343074617252e+00
-3.384877793853074746e+00,-3.546487022089096719e+00,1.861493514569605656e+00
-4.469672206797259406e+00,-6.801539525538828623e-02,3.190169175377635113e+00
8.756701668135088212e+00,3.022705547226169465e+00,-1.374312087075286293e+00
-8.245058947653625125e+00,7.043705082084067426e-02,2.446389522646104986e+00
-8.567636013578939114e+00,-2.437780650017680628e+00,1.142827949035651658e+00
1.948520270252452447e+00,1.852813862968652137e+00,-2.252518893586317628e+00
-9.169734631803893032e-01,1.600699331770855993e+00,-1.492519592301540410e+00
-8.263350085625663866e+00,-2.802794296574577237e-01,2.548111078508096039e+00
-2.342140321399877045e+00,2.037347108332503876e+00,-7.964507515558397754e-01
-4.664191998613666179e+00,-5.107837697747191541e+00,-1.557250874389664030e+00
5.296879869128199303e-01,3.231474226307600617e+00,2.776275862725376076e+00
2.118380927871179153e+00,6.582345817450600656e+00,5.619713870518162624e-01
-4.286954700759376125e-01,-2.404101085877748734e+00,1.614860596606988885e+00
4.045820814462448567e+00,1.556545732232246237e+00,-2.716649337466422676e+00
-2.035857572794089521e+00,-5.432606841930586405e+00,-2.416564953607181820e+00
-4.743027989058240301e+00,3.466143515323675928e+00,3.226994459405232440e+00
-2.154373559590818665e+00,5.205585801904390131e+00,2.836870071314594899e+00
1.939237185605487301e+00,5.345705900718974668e+00,-4.827510418696693839e-01
-1.244676887857700587e+00,-3.110273549889409406e+00,-2.581814224104598043e+00
-8.368086729181007044e+00,-2.805048947617863941e+00,2.220233939784468369e+00
1.312891819495498380e+00,3.672046831628239971e+00,-1.313544247246355878e+00
-7.907269206443120702e+00,-3.040183138503949500e+00,2.285442317341434659e+00
-1.410482159089497145e+00,-5.731436888467190016e+00,5.534495735106473302e-02
-4.782457962448921407e+00,-6.149641392938303142e+00,4.507420719103232831e-01
-4.498016029932061066e+00,-6.793183703286453934e+00,-3.644642769771279656e-01
6.990780450947643665e+00,-3.533444464953191394e-02,-3.143818147422865472e+00
-4.798130992121542704e+00,-6.419872530877662520e+00,1.641262175527291312e-01
-8.227965776790870933e+00,-3.089135979679394239e+00,2.177799498892921903e+00
8.217518645533813171e+00,1.604754819038030356e-01,-1.802453610246466775e+00
-5.346783795508124548e+00,1.265498080415840221e+00,2.432827231758704079e-01
-7.988287926875098144e+00,-1.793325221967144723e+00,7.063427378381050836e-01
-7.399169946297049272e+00,-4.625453611186094882e+00,-1.495017064469230106e-01
2.220528507867644663e+00,-1.844513438390415594e+00,-3.185295579633052654e+00
7.330706723696504001e-01,-6.074640919330644095e+00,-1.343763674400498376e+00
7.990984230153106438e+00,3.895848927545862317e+00,-1.946620134609693409e+00
6.552388800466419028e+00,5.439487836924717712e+00,-1.175555708159857771e+00
4.947496174067506081e-02,6.432281501253176437e+00,1.643729690737310678e+00
2.164670142265335606e+00,6.630340836014961603e+00,5.849997155691779582e-01
1.019624414890855757e+00,6.602283633887714664e+00,1.885957828515890222e+00
4.210973179799352373e+00,6.782299094344871548e+00,3.175344255736680665e-01
-7.939953015227903421e+00,2.294422968475512137e-01,2.764571625509144592e+00
-4.979908821097891014e+00,-4.681607691753605138e+00,1.540269851848388605e+00
7.700557306634937760e+00,-9.553735155431000159e-01,-2.520957288044814337e+00
-1.340156966361619073e+00,-2.853433010872484132e+00,1.673007283857678162e+00
-6.499549107341612952e+00,-6.914371546871922458e-02,3.195940406812358692e+00
-2.405794370276463923e+00,-6.814825518654812342e+00,-1.322810177936163178e+00
4.381348372085619225e+00,6.142746611983323390e+00,1.529594369048306479e+00
-4.018779287974324710e+00,-1.495133439445537338e+00,-1.394224768522306812e+00
1.010172987086471297e+00,-6.052274083873136590e+00,-1.863995468792169596e+00
-6.537156176402722174e+00,1.794037816511026007e+00,1.438883656653747956e+00
5.079825460105349855e+00,-3.358797026788607365e+00,-3.095193557700624876e+00
-2.529332971956611331e+00,-4.386129306579680254e+00,-2.351939333852291814e+00
-6.703899277351786701e+00,-4.653832799577672041e+00,-5.748950330262271313e-01
7.426853495298829877e+00,-5.609458970788555598e-01,-3.101714458241022321e+00
6.020050811028750282e+00,5.662985705082997256e+00,-9.479826772975129545e-01
-8.727537099395945575e+00,-1.524117792954958750e+00,2.294515543832758464e+00
8.622659898444609894e+00,1.209814557648165589e+00,-2.270912067121205524e+00
-8.674014485936691443e+00,-2.021304255267772909e+00,1.503926242714206829e+00
-6.788079876962214598e+00,-3.782996433670617442e+00,2.157254863831120417e+00
-5.708885151505521449e+00,-1.736606210682167140e+00,2.866189971880922283e+00
3.881921465224011936e+00,2.906346248961616752e+00,-2.238437696364468099e+00
-3.922006352886478808e+00,2.343253345570141200e+00,3.284899201829717674e-02
1.256736363046067340e-01,-1.896673984663923784e+00,1.651978655367746907e+00
5.506146211527781276e+00,6.564380283923152426e+00,4.018216150438881917e-01
-7.118039630346875590e+00,-5.787470977986117759e+00,2.030382669771659820e-01
8.032871844843085807e-01,-4.425428659412988353e+00,1.347449082239015050e-01
6.498352653688623803e+00,-5.145187817241192452e-01,-5.794204987995964506e-01
7.859034634669543884e+00,6.026531023157994937e-01,-2.877892657537180821e+00
3.574806872164054461e+00,-3.207168954823160778e-01,1.009711323542764383e+00
7.473791708146704238e+00,1.529140774374570411e+00,-2.862970504956745099e+00
-8.634818814441755919e+00,-1.013996020156951117e+00,1.822202182628333444e+00
2.397030167754518271e+00,1.147279104381070836e+00,1.900178114872740132e+00
5.824361244967674267e+00,5.410618241194942613e+00,-1.206501344421731181e+00
-5.789720708013352812e+00,-6.374543480178336274e+00,-5.413097911169491017e-01
6.740885215451948298e+00,3.884318347759048606e+00,-2.111996723228172446e+00
8.755639898095424201e+00,2.962280874755528703e+00,-2.019855401281369645e+00
6.813862658881557621e+00,3.084913377541035562e+00,-2.461664370912179489e+00
-5.954353650472471671e+00,1.538072274003945694e-01,3.270851855575281686e+00
6.423237758375595519e+00,5.036556204834718997e+00,-1.413946534317567449e+00
6.598696072058184647e+00,4.697040285458956355e+00,6.495755408239211048e-01
6.379084019159268593e+00,3.474106139140295202e+00,-2.311557578881578756e+00
3.215418996041215838e+00,6.565267170333664914e+00,1.724831664792389807e+00
2.283042830205886276e+00,-3.829769656509822706e+00,-1.180479117197732603e-01
-2.675378969298406684e+00,4.976403899965663236e+00,1.339739177230373723e+00
-3.514561005452921716e+00,-6.810712818131978707e+00,-1.225421825989023938e+00
-4.779319214066148347e-01,-3.969132426106528833e+00,8.910543075977052085e-01
5.528584065629596367e+00,-1.509857265357794631e+00,-5.013264715148924022e-01
2.793455014619349974e+00,-5.221032651074543729e+00,-2.536821998426013636e+00
6.091827047933222161e+00,2.056702909906866328e+00,-2.754906465501484547e+00
-1.403124030699913205e-01,-5.725572592498302527e+00,-2.658422262123172342e+00
-2.642125685705073668e+00,5.448146316990510662e+00,2.103668196639545851e+00
-1.163054613309853158e+00,-2.749221732624069769e+00,-2.607338538018820540e+00
7.911723548202580503e+00,-1.511929328177154530e-01,-2.795163032708360085e+00
3.323600019476439460e+00,4.372623444968426476e+00,-1.428930748790515626e+00
6.727149259804791726e+00,-6.434449432761095433e-02,-3.235914935827505889e+00
-5.683142009266394235e-01,1.779619689756702705e+00,2.847632462545000021e+00
5.858207090736127221e+00,-2.880417989500433151e+00,-2.981048542889505715e+00
-7.310121059816689915e+00,-5.019783243807689921e+00,1.295675338162449952e+00
-1.030184496523639082e+00,6.101172023537161593e+00,2.313883357298038845e+00
-6.449489330075532045e+00,2.052004736619993164e+00,3.127981020305618642e+00
-6.184362347217377653e+00,2.586234510586545188e+00,3.070085672310485680e+00
7.557390276912271609e+00,-2.637155800323535623e-02,-1.175423926692812149e+00
6.390965789223965743e+00,1.895560621172256210e+00,-2.803948484494751980e+00
1.162402009974916384e+00,-9.910313230810909035e-02,-2.665588904520066915e+00
-5.920109482418344449e+00,-4.441581646963753904e+00,1.776882658578038177e+00
-3.388712860530060489e+00,-5.912754010091091139e+00,5.063728467459613913e-01
-8.351368197026415530e+00,-4.455606028350452164e+00,1.105242061991033475e+00
3.539789539487861791e+00,-1.312991601442420109e+00,-3.286928056768112061e+00
5.372607961821304623e-02,4.817955389897206508e+00,2.855514573158164371e+00
5.882784145578728641e+00,5.336301272271801288e+00,1.034751729362787920e+00
8.845254359112885822e+00,2.032755458575457475e+00,-1.654171610573838436e+00
1.404860957484084683e+00,-4.555707454147991164e+00,-3.088628464154667075e+00
-8.403146960330838411e+00,-1.909803663537289697e+00,1.113384641997166025e+00
6.540350700684451013e+00,-2.000261289476142235e+00,-3.071850061050651615e+00
4.362917385345188137e+00,-4.422411736041039987e+00,-2.274970994793728440e+00
-5.088922129804909211e+00,3.596306325632576684e+00,3.083059997802988672e+00
5.800593781989994646e+00,-1.057775507414987715e+00,-4.260852020894333458e-01
8.746921691949189892e+00,1.998047441001148838e+00,-1.940986665286403845e+00
1.418677247314990231e+00,-3.310770306355587334e+00,-3.186916225397369740e+00
6.470285426855089561e+00,-2.561701191123186394e+00,-2.834158096893454548e+00
1.878614565023369876e+00,-4.130562610529529444e+00,-3.218608850989052694e+00
1.800969747637373608e+00,-1.374902313547464283e+00,-3.067518841371902560e+00
3.612038676937034953e+00,5.340745732790634470e+00,1.904452734824085391e+00
-5.584778025385011446e+00,2.918829240632842215e+00,3.116621035253133609e+00
-6.808615206594620162e+00,1.006597823700898092e-01,5.795634677619149189e-01
7.871832828654102832e-01,3.750748154559251812e+00,2.777931626734599035e+00
1.687851945821803756e+00,6.014286683389520327e+00,2.298818200809592760e+00
7.522104841752652149e+00,5.550872220672407487e+00,-3.963072647566722728e-01
6.833744382084570468e+00,-1.272916874384397046e+00,-1.341670874899953958e+00
7.311363769349604524e+00,-1.470151779154993399e+00,-2.062546781753991532e+00
8.255054646412965269e+00,1.980738495062551063e+00,-2.550639932933696397e+00
7.470634978135393123e-01,4.348768512454423973e-01,-2.394310925521062838e+00
4.193855469364297761e+00,-3.672578808605917899e+00,-3.229746240961234527e+00
-4.680570028545629313e+00,-4.924891026199257560e+00,-1.590141800374305081e+00
-4.868915700098074062e+00,3.636457849514463270e+00,1.617732413190948959e+00
-6.127182399346220443e+00,-5.287127933179238681e+00,-8.490082428188326924e-01
-6.514689949001850167e+00,-5.155835910125470711e+00,1.376563843161638490e+00
-2.240359231884855085e+00,-3.296480582117706337e+00,-2.358185386106841808e+00
6.790944746692978429e-01,2.953657834663990123e+00,2.747389412788570517e+00
-8.543115388017247014e+00,-3.982533245504245922e+00,1.175528385377024421e+00
-3.490657294013760570e+00,-5.650709546886643508e+00,-1.929296938879606627e+00
-7.951567194236865532e+00,-4.735651379533339700e+00,1.293805721469476477e+00
2.824259483008701554e+00,-2.984166312068625260e+00,-3.318369671628791817e+00
6.504354630494090905e+00,6.151724224800461549e+00,-4.252595773859907946e-01
4.389261713830647782e-01,3.299976044031215583e+00,-1.195887697562226570e+00
-4.496441167111630222e+00,-4.835373662128981564e+00,1.445760122307117923e+00
8.123226687333241713e+00,1.104932200434418865e+00,-1.141962599757504027e+00
3.074735411062440527e+00,6.173069201166145881e+00,-1.873740246978704560e-01
3.520430608263665495e-01,-3.927814012046703773e+00,-2.998064129850620763e+00
1.163786759594918063e+00,3.297126254662319678e+00,2.628378749701989925e+00
-7.315937207976161538e+00,1.534386303633179294e+00,2.699261924197540186e+00
7.836720961503194971e+00,-9.469912841084731081e-01,-2.333033801519973860e+00
3.685834123955342712e+00,-3.965723494040059194e+00,-3.273409134543644239e+00
-6.863488588870398921e+00,-2.842837339350097192e+00,2.534817343757302499e+00
6.027448557413229935e+00,-1.996966326363317279e+00,-1.159277652110589640e+00
8.270823397565795432e+00,8.420226145893511260e-01,-1.316146462277363316e+00
-1.169011800424946568e+00,3.063811558738998020e+00,3.112733445013933231e+00
-6.784484764482333397e+00,-1.776494771878619705e+00,-1.377755131875551264e-01
-6.549210674326272574e+00,-5.267536616053031473e+00,1.323353874372201977e+00
-1.728392864101953696e+00,1.585691374691736488e+00,3.061154484307280654e+00
