1.392511488604287750e+00,-5.167326554987455189e+00,1.196771921222330448e+00
-4.524524251878851544e+00,-2.125439681393517688e+00,-1.002702166061835154e+00
-3.675383054457444398e+00,4.453910556479043770e-01,1.534616171614414881e+00
-8.433351110807388307e-02,-2.448914040626644917e-01,4.811066588055923354e+00
7.694700104380963745e-01,4.036464842740855374e+00,8.883865929443375276e-01
-9.551677473091212400e-01,2.321284802906846689e+00,-4.913299496304883718e+00
9.333735433946536153e-01,5.331596601774693411e+00,2.684659262174010408e+00
-3.382710107710114933e+00,9.657628679014080841e-01,3.971107050503133618e+00
-1.874463237081953393e+00,-1.410875813483285723e+00,-3.846519580157574669e+00
9.957334487394358113e-01,-9.326181630764347474e-01,5.283599974828935286e-01
1.003052116946003158e+00,2.033825438676153841e+00,5.270573614992594136e-01
3.081559376767010860e+00,-3.665542640895879334e+00,-1.469672121442381796e+00
5.687965605390274959e+00,-5.088893112571113431e-01,-5.560065780422348780e+00
-4.854868898187488568e+00,1.310253452999362134e+00,5.547989457549982184e+00
1.240668994403673953e+00,3.368280841525876923e+00,-3.568302675795986811e+00
-5.331719510603527556e-01,4.729288824399870528e+00,-3.135811243175301577e+00
-5.373133730973208344e+00,-1.856438317126271276e+00,-2.235589504655160376e+00
2.480389221201669603e+00,1.114169951372719236e+00,-1.461925823928644341e+00
-1.830543346625306933e+00,4.826721282703437588e+00,-2.671087124796289292e+00
7.989336331017619086e-01,-4.286748052982108703e+00,3.364941564545147923e+00
-5.350401959624818460e+00,8.821919525224614089e-01,3.041809272488601223e+00
-1.540016109662262211e+00,2.721462690375239024e+00,3.601411277220341045e-01
9.569629774448206172e-01,5.662145600418491576e+00,2.546381599431792431e+00
-5.111528304002265211e-01,-1.994382735001023699e+00,-4.238043139780707236e+00
2.149058216034370083e+00,-3.485267437716982108e+00,2.076555162282873734e+00
4.404802519899234881e+00,-1.696256281953035794e+00,-2.761278378528546185e+00
5.045245805464789512e+00,9.725706944859607850e-01,-9.744331935508619980e-01
-5.678385828337664809e-02,2.166533508272223241e+00,3.825067913877675085e+00
-9.533121671136059183e-02,8.259376960118982591e-01,4.608665500885797961e+00
-1.067383429339090029e+00,-2.672792734708119844e-01,1.526972412280796387e+00
-2.982618332828081531e+00,6.184252528366867008e-01,-3.031536584352941266e-01
8.810645046552493254e-01,-4.824232653095298140e+00,1.782486698376268164e+00
-1.384668217852265792e+00,5.308833730576492549e+00,3.041217831812866201e+00
-1.617389108135325104e+00,-1.781082218476432111e+00,6.201399752761531659e+00
4.601791439192823852e+00,-1.058748367828628467e+00,-4.815325928816874823e-01
-4.948725756939212239e+00,-1.381391513921919278e+00,3.033768362905010729e+00
-2.622437754046123448e+00,-4.278057532199223800e+00,-9.656685318250725070e-01
5.668782999725167748e+00,1.117114473115280671e+00,2.604499764819815599e+00
-2.031261345298708831e-01,2.282593363687074106e+00,-4.018439678214735800e+00
7.249624654845373550e-01,1.335849502271464928e+00,-4.042195841843382986e+00
1.638612894124233499e+00,-4.142410942841764587e+00,6.334725193613661709e-01
1.709737366737415165e+00,2.587064893414339206e+00,-4.337872366721001072e+00
-3.408644890255668081e+00,3.310301118015151811e+00,9.799292877327859808e-01
2.894499508396202625e+00,3.578081624416007411e+00,2.023420751665165884e+00
5.620902277662519708e+00,-2.044311352313715191e-01,-4.887235854558747761e+00
5.164427498596744215e-01,-4.414450507617127428e+00,3.570647573680936215e+00
-2.512648170093129352e+00,-2.059707186419271752e-01,5.540165973968070645e+00
4.071361591383607426e+00,2.622181328284675761e+00,2.788647127026267825e+00
-3.696729796854569816e-01,-2.157815089586246238e+00,4.370718325384095770e+00
-2.944340936868035108e+00,-8.287933360827808293e-01,-1.068511416697152994e+00
-5.684265488301156743e-01,-1.130613353517705866e+00,1.213157360779400396e+00
-5.136628465670440846e+00,9.909784009016970874e-01,3.485344895529663756e+00
2.526069434921805801e+00,1.833327994224212665e+00,-3.905048492389516790e-01
4.570999732021382655e+00,4.577647114062677325e-01,9.950448787672330209e-01
-1.118007304475379521e-01,-4.203184696045931257e-01,-3.239838277565528113e+00
-3.548214400968555116e-01,1.021181953380171148e+00,-9.689238961780612946e-01
-3.147482359096200888e+00,2.575140307134195172e+00,3.325576740969216960e+00
4.638667621601874735e+00,1.459763795692674782e+00,-2.875212772367990777e+00
-5.078753882865744806e+00,-1.388540929497926069e+00,-2.360067400454735509e+00
-2.794705687639085778e-01,5.802067237352434681e+00,-3.745772574698582047e-01
5.553470431890588088e-01,4.227055711953391359e-01,-4.536962009852592292e-02
-2.863736977788162719e+00,3.968568050080767851e+00,3.449041574293282508e+00
-2.057028423608165540e-02,1.079665604052846506e+00,3.532897051426165280e+00
4.226948353953624782e+00,4.609254411300122811e+00,2.244406098352985879e+00
-5.510359809700237504e-02,4.984767578191060977e+00,5.209888668653986921e-01
-1.772021198261439556e+00,3.552315764473940263e+00,-1.599207691265829512e+00
-2.004921176448248410e+00,-3.993721079649116490e+00,-1.211495377605725343e+00
-4.953746205556058158e+00,5.658695701937819234e-01,-1.280470045042838123e+00
3.401543499997910835e+00,2.572691667279753958e+00,-8.606331868552558051e-01
-2.387239734225817145e+00,3.222457423011309885e+00,-4.922397319709541641e+00
4.868929017749428212e+00,1.950408479687170571e+00,1.061777836252749463e+00
1.725928624327968341e+00,2.956892406390978945e+00,1.139218943864195310e+00
1.980401672346646658e+00,-4.906940493859234032e+00,-2.455953561888564618e+00
8.071703922333727244e-01,-2.402134045090685177e+00,-3.929573383921018959e+00
3.666134875884887290e+00,1.680246381706153924e+00,-4.062914840676334904e+00
-1.179694100114012434e+00,6.246175014335324960e+00,3.311919988149811811e-01
-2.990329940298898648e-01,6.154597622637899335e+00,1.343693582241475726e+00
4.190632182683279972e+00,-2.600320991303924689e+00,-3.662497031389381874e+00
2.737641554427988844e+00,-3.841732735972226198e+00,3.614215961263592902e+00
3.508284982933562168e-01,-4.291039397050774085e+00,-2.714213399492544365e+00
2.967324918999955319e+00,3.195053976424964692e-01,-4.562970782475878728e+00
1.545111876506042106e-02,-3.089805448905305618e-01,5.132045943207674377e+00
-6.447412440439174997e-02,1.075363820455307540e+00,4.786600284503479408e+00
-2.306972179586757044e+00,-6.818172201814820532e-01,4.815931553844620794e+00
9.679314290820627623e-03,3.335366702951917173e+00,2.771494016572639274e-01
7.954597101070498555e-01,1.406650533639489886e+00,-4.971917724660078974e+00
3.735553289097155893e+00,-2.866300929692443766e+00,-4.668382770163445272e+00
-4.781012446373111402e+00,8.679829343679505982e-01,-1.463401448995525822e+00
2.039515934709722700e+00,-5.622315389044711509e+00,-2.421348353589868330e-01
1.295717014102424069e-01,5.172684199559796775e-02,5.122340527200551996e+00
-3.941728829674356227e+00,-1.919113850649775133e-01,4.231219554068394118e+00
9.774689814338469729e-01,4.619108846371602795e+00,3.145196034502272919e+00
7.251306094705298744e-01,-3.931784611984125544e+00,-3.143883951362652418e+00
-3.879143670417168011e+00,-2.918626156379502401e+00,1.371991077293493122e+00
3.167953802746856340e+00,-3.289145534445711672e+00,-3.191004304345476772e+00
1.452569106998072845e+00,2.365859368535865759e+00,-2.903194044813216301e+00
-1.434614556848460287e+00,1.672172076724177225e+00,2.158318114854769210e+00
-2.967230603097504638e+00,-6.378055328724046014e-01,5.428965181564074927e-01
3.058535966077857271e+00,-2.430963281384246777e+00,-3.178076943529099113e-02
-2.231499096101666080e+00,2.833375503461457612e+00,-1.760651769476165418e+00
1.973940209552216940e+00,8.684188412122644252e-01,1.465343551174164149e+00
7.122437164675706756e-01,2.316627762398211221e+00,8.558549188552505571e-01
6.755794013480873605e-01,-3.408881144999476476e+00,5.377194665216574521e+00
-2.997007524709424331e+00,1.991648892780407409e-01,1.082738973612234146e+00
3.837043979196072652e+00,-1.311299848076098451e+00,4.653675017426027516e+00
-1.793642868818361436e+00,2.253169037930294050e-01,2.342989262941543416e+00
-7.141550537879624017e-01,-5.498305611470079235e+00,-2.479342779320792278e+00
3.960760827808178064e+00,-9.833730885515722386e-01,-1.732102632326537162e+00
-4.915197302212848562e+00,5.471747001018787415e-01,3.567820830951477173e+00
2.349241696533173496e+00,-5.266449777221350992e+00,-3.421250276363036580e+00
-2.208210775547065019e+00,2.561445184048646073e+00,-3.399256564418010829e+00
-3.650822091888010323e+00,-2.119413525584526781e+00,-2.665533036345430595e+00
3.853515690712803199e-01,-3.142667388890229674e+00,-4.289686376216444441e-01
-5.234153554590197821e+00,5.758254978556560238e-02,-2.832712208128985942e+00
-3.110860238516503617e+00,4.011460619705880859e+00,3.997970762999679906e+00
-1.338359656782045937e+00,-5.154607542481122628e+00,-2.481237298397731550e+00
-3.961196518897697860e+00,1.822991285465602518e+00,3.485865655028272947e+00
1.292793671240779763e-01,2.789372811004620090e+00,9.653277265206828828e-01
-3.576678428151746747e+00,-2.234371357782753975e+00,-1.158236712081158082e+00
3.355082486747807735e+00,-2.491921034660415923e+00,4.738562843006364211e-01
4.399908843380725965e-01,-2.967555133783813748e+00,-3.684394970002041525e+00
-2.359063280817179198e+00,1.781381077864180318e+00,-1.399532537906831964e+00
3.980636098960279590e-01,-4.269947157466230436e+00,6.954216596316531440e-01
-3.603260320684000817e+00,2.382989415677767564e+00,-3.789454457838391299e+00
-2.102123260494281887e+00,-3.254555961753671678e+00,-3.443315175845165221e+00
-1.180163415328966403e+00,5.061865646497449411e+00,4.301915560267778327e-01
-4.386454005165320580e-01,-3.953710600994013724e+00,7.983005198103027000e-01
4.949426961435277050e-02,-9.115768424314087959e-01,3.939781056338579557e+00
-4.776954253255092375e-01,-3.634331816152550410e+00,-1.721915363130815280e+00
-3.680779881233771089e-01,-2.163778285561569259e+00,-3.561609649897389041e+00
-2.012267172298964457e+00,-1.491916835144874165e+00,1.314488911486906719e+00
7.790908318901887952e-01,4.119787812555899542e+00,2.028218293149896656e+00
-2.276493216288845711e-01,-2.920939007175333835e+00,-3.033510169030009695e+00
-6.195685567775932157e+00,-1.056935904693053097e+00,1.437372254415028916e+00
-8.690912615675763231e-01,5.157354567522657085e+00,-2.815786127405364603e+00
3.502406356814031341e+00,4.335759997758029449e+00,1.203722140758697323e+00
-3.477305603658430666e+00,8.639716620934299041e-01,2.916488232179320406e+00
-4.069003672058403964e+00,1.166094229331426924e+00,3.517590954039837570e+00
-1.823439849784243449e+00,4.593252900947907946e+00,3.706437259527659567e+00
6.115626833192567835e-01,-6.071885198269808548e+00,-1.864732103081920167e+00
3.995165717167705743e+00,-1.122114569052776067e+00,-2.019594417701406464e+00
-1.602601232231055661e+00,-8.198210420989257008e-01,-9.364103266264773850e-01
4.117146289164862694e+00,3.499530062389129892e+00,1.723216166862280962e+00
4.365670974170881458e+00,2.972043038180921748e+00,-7.378778719591175816e-01
-5.106570294218651718e+00,-1.611941531231176672e+00,1.595757897923545832e+00
4.210390343342138575e-01,1.276613507223826272e+00,-1.179402887557581936e+00
2.579471333465017668e+00,8.777233021252328626e-01,-5.779156306438694379e+00
-4.762915360765600070e+00,5.575030487045112837e-01,-8.848741606548428118e-01
2.345311099136471178e+00,-1.738288287179334590e+00,1.024948281441398823e+00
-5.449940650441233159e-02,1.516913685059058770e+00,3.006451075850667398e-01
-6.425027627039442413e-01,-3.432627650926562968e+00,1.416487544410853561e+00
-2.249927022227998230e-01,-5.993675636528789319e+00,-4.540391366545448726e-01
-2.453933849193660865e+00,-1.814260411382702387e-02,1.688474125493087674e-01
4.359469469812283116e+00,-1.637781445426066851e+00,-5.479710564683150764e+00
-7.247291553033627376e-02,3.766014958113339084e+00,9.305400627984118378e-01
4.751692639366715376e+00,2.651572469236231910e+00,-5.175750269581933516e-01
4.669487619308122284e+00,-1.133128369474682540e+00,-3.760030948223790137e+00
-2.227057660591963764e-02,4.294482154800932427e+00,-1.290302305018670825e+00
1.557184921047901627e+00,2.578962458964722537e-01,-3.504842892568063473e+00
-5.221573649460879984e+00,-1.081327271170080762e+00,1.831051016137143161e+00
-3.662123841847386263e+00,3.542598874034911471e+00,3.089578204933833394e+00
1.725474984730995809e+00,1.825702536856069536e+00,-2.279985516022786207e+00
-3.264894470601970689e+00,2.621335136877363414e+00,-1.707254187412068136e+00
-4.053584688771185718e-01,-1.059005125831172123e+00,2.000327958643362436e+00
3.312872141073138543e+00,2.467900989024906178e+00,-2.483178491081795780e+00
-4.673524702530598707e-01,1.416808109289017903e+00,1.822933374436692011e+00
1.994870493327469907e+00,4.861395746837911425e+00,2.808821985054947401e+00
-1.796842065949194156e+00,1.408195966538915878e+00,-3.628187064872221868e+00
5.674076847772577814e+00,-3.830040818620896598e-02,-1.044709869295539807e-02
5.531735854011766707e-01,-5.266102592172428043e-01,1.678923103321632970e+00
2.700520683693187873e+00,7.013955970478384927e-01,4.778287275326723038e-01
-2.011878837344447835e+00,-2.067218226659476965e+00,3.795114162842128103e+00
-3.477670550160583129e+00,-3.089691091180667648e+00,-2.236445556305380666e+00
3.022327375557053664e+00,-1.877793731359403084e+00,-1.525032938959241857e+00
-4.667664681863325171e+00,7.041819531886777117e-01,-1.214500513836693080e-01
-1.249768172683655587e+00,-4.266114033871370559e+00,1.841013538339046018e+00
-6.296457868160637572e-01,-5.539457087674461988e+00,-2.823112824288640965e+00
-3.120946762822899956e+00,1.056093911655995976e+00,8.925494063493575325e-01
-1.731872983505261976e+00,-4.879685232538730766e+00,-2.679283086428208005e+00
1.848494171224742688e+00,-4.082070548901316265e+00,-2.092346376890335424e+00
-4.312188768966145780e+00,4.637360222651099040e-01,4.521614347586023541e+00
-1.306602984683942426e+00,-1.730192737786442336e+00,-2.174405236327425772e+00
8.545758365273655732e-01,4.845189990343309994e+00,2.216446961476282507e+00
-1.954310126105398338e+00,-1.036308311309920960e+00,2.085766979939066790e+00
-1.679316609043486119e+00,4.966426525638232725e+00,-2.197990682237211058e+00
-4.683538706819572184e+00,-9.118555058365046539e-01,-3.296050077068173767e+00
3.201950040675384468e+00,-3.132950360348897956e+00,2.783160523194344371e+00
2.158914491308194350e+00,2.829885917687864794e+00,-1.855608908533979529e+00
-5.214657841154107798e-01,-6.820812894092342926e-01,-2.380328120122199298e+00
5.473415544705599878e+00,1.157991835014637427e+00,-2.136739519750315175e+00
-2.194323268645625546e+00,3.811770890265702594e+00,-3.400555461361830734e+00
1.824418742749870370e+00,-5.451405002398201916e-01,1.070000580040525895e+00
-1.166911548126714493e+00,7.797564919469622824e-01,4.049635380263004736e-01
-5.191439694642756564e+00,-2.570966139019356334e+00,6.268240881612023585e-02
-2.999939185487883631e+00,6.225061657861505338e-02,5.643734923357447419e-01
-3.291052992562579771e+00,1.576389938695054393e+00,2.596230172439982109e+00
-2.650469494472046161e+00,3.693224849554900491e+00,-2.174766540453632491e+00
-4.915839650969753727e+00,-1.011453275163106902e+00,-2.937300573009058891e+00
6.403050862708833391e-01,4.809726413279640789e-01,2.991107563651392187e+00
-3.007754386323484130e+00,3.470491697766243250e-02,4.751081790697310181e-01
-6.249807874636681859e+00,-1.481800199279476926e+00,-3.455704336106052210e+00
-2.407239094048724048e+00,-2.561623914302975979e+00,-1.541494582781987699e+00
2.666458708081813178e+00,-1.719359782679810433e-01,2.588945122837793988e+00
5.977585858586323964e-01,-2.888699754070153336e+00,2.785585921645348684e+00
-1.446230808690008418e+00,1.599839109200135612e+00,-1.310711127321975145e+00
-2.075780408171880698e+00,3.479724849746447246e-01,4.494091280844743963e+00
-2.291022131900094294e+00,-1.008202336753663969e-01,-4.351717933776671821e+00
-1.343654970865000076e+00,2.800122018502577248e+00,-3.028849729113297862e+00
-3.162752840858774395e+00,-2.951976954489301086e+00,-1.908150237676150773e+00
3.533011301349541444e+00,4.829658733569135998e-01,2.610859666964795434e+00
-1.307504914262305862e+00,1.207342397804361367e+00,-1.461194173361090032e+00
1.687954996784661044e-01,1.208464650211464209e+00,-5.570969446867165331e+00
-3.957541196894239555e+00,2.271294981832068238e+00,8.756283300556388927e-01
2.791525317944923756e+00,-4.146215123404561886e+00,4.081481471339087896e+00
4.690810680231192187e+00,3.534559332320711178e+00,1.318068200028131187e+00
2.295862391402251831e-02,8.920673876773768662e-02,-2.328262677793164315e+00
3.470656275816742742e+00,8.169815089344688586e-01,1.236973305079980046e+00
4.108222839021122397e+00,3.726138946997645363e+00,1.637357200635533916e+00
2.051232534012984665e+00,8.848196012588102066e-01,-4.581139910758644795e+00
-2.278103747117363187e-01,1.329880101071759801e-01,-3.724050332814111908e+00
3.757745642094803440e+00,2.508951519876065905e+00,2.873437159360729520e+00
2.780496042017237990e+00,-1.421790726082018175e+00,4.193669216159655377e+00
-1.603827262943609000e+00,7.427783823848385092e-01,-1.436745611630236397e+00
-1.184386705128834816e+00,1.353839239763477087e+00,-1.840949700123633237e+00
1.235544357822210060e+00,-3.808106305545770898e+00,4.304946081850765438e+00
1.806469010214001747e+00,-1.669223101886307292e+00,5.330584298798140885e+00
-2.300586055647356076e+00,-1.350277718642176827e+00,1.972902295157149322e+00
-4.408726545591627577e+00,-6.652031114694917369e-01,-3.426946493016462814e+00
-2.290407043339520499e+00,4.544598763663596053e+00,-5.192482777782220893e+00
1.360818023986624548e+00,-1.605281927593454006e+00,5.621314144066371199e+00
7.622499091688268724e-02,2.492710907240365259e+00,4.017309847183478055e+00
1.593084547213157398e+00,6.368391879466838157e-01,-9.558225602349506023e-01
4.457073946077775517e+00,1.646555744720600511e+00,2.315954926733050812e+00
2.584267861363812369e+00,1.907826323969745497e+00,-4.991640833482027695e+00
-3.607951488307118648e+00,-1.637649969883584689e+00,-1.521264799977395610e+00
1.619969064890508736e+00,3.107276484573957109e+00,2.309476416696577772e+00
-2.818050710424913508e+00,-3.974562801094063236e+00,-1.324262996905528400e+00
-3.878196520909154899e+00,1.040757891304128879e+00,2.513754923363817007e+00
4.874304907351337590e+00,-1.344116872365015425e+00,8.686617483385200567e-01
-2.094378574744778287e+00,1.667940494680346886e+00,1.318228518331656440e+00
8.393951907319814332e-01,-6.841388464613044285e+00,-2.790465788185626517e-01
5.707900278390146021e+00,1.035440736246861615e+00,8.285287543666167154e-02
1.793414632494045646e+00,-3.728640586383643374e+00,-1.556808930967719551e+00
2.187869461315716357e+00,5.601441180126618402e-01,-4.346557002152708016e+00
2.601891040503109931e+00,1.486444964623761633e+00,1.027245895811244703e+00
-4.714283096339656254e+00,7.226163236612393598e-03,1.953935555155514425e+00
4.385554913052275516e+00,-1.905085012276475087e-02,3.184339354667944377e+00
-2.535631001806144535e-01,-6.068958377241890467e+00,-1.094978534353140409e+00
1.262102247953402978e+00,-5.499874420383069840e+00,1.420316174453574387e+00
4.881289620492417769e-01,-8.415600536165642742e-01,-2.101180692813270579e+00
2.490055036855793436e+00,-3.308615497986542753e+00,-1.257593374064315039e+00
2.403068384486406917e+00,-2.166625270864408481e+00,2.310996717537176171e+00
2.538150772854891102e+00,1.225410381902961143e+00,-6.172222076803638657e+00
-3.227822694158979933e-01,2.379512504137944351e+00,-1.988844162182139774e+00
2.635359626626920360e+00,-2.394110548874222477e+00,4.187104815259797164e+00
1.913448398598747824e+00,-1.870177941442354719e+00,-2.883402626773064359e+00
4.607427581740874523e+00,-4.434901691712697658e-02,-1.396990057900305837e+00
1.934137215634644580e+00,2.042038077700302434e+00,-4.837012296545442958e+00
2.148505386355681335e+00,1.115113503741251177e+00,1.763030692981863989e-01
3.447568935622952746e-01,-3.996488400480191938e+00,-1.194760017947155362e+00
2.206287971457193464e+00,-5.066600077819073178e+00,-3.056858279224598629e+00
3.508762185949569901e+00,-2.363783381264503269e+00,-1.771740487542434961e+00
1.303721298961963981e+00,-2.629685247514286672e+00,-2.345118154478333106e-01
-1.939700472482818405e+00,4.117581090872532990e+00,8.492844406760284848e-01
4.333542731192224551e+00,2.639266664951013031e+00,5.735744497758634708e-01
1.193147198324037372e+00,6.463320491672418511e-01,-2.272511758680597627e+00
-3.418973536865927976e+00,1.890442551039934305e+00,-4.086154780159701794e+00
-2.282167981805648616e+00,-4.172800170528522479e+00,9.800144739463073629e-01
-1.773942845674263413e+00,3.039878734287134510e+00,3.812462289816647143e-01
-1.676623909121111478e+00,2.244869736415912698e+00,3.246201267727319539e+00
2.260921845851721734e+00,9.083031112977808519e-01,-7.792849191558860467e-01
-9.981739852411831704e-01,3.509762158590020054e+00,-1.071481280094000343e+00
2.006332596900182619e+00,-4.803897964847246627e+00,-2.533056557986987034e+00
-3.048409398052760455e+00,1.556494708101215485e+00,-2.020701524928639969e+00
1.194251058113507069e+00,-2.028597064637884362e+00,3.851354426316402790e+00
2.364003692468815476e+00,-4.498572935977419363e+00,-3.453000001384775253e+00
4.425491525417887817e-01,3.460056150631986682e+00,-4.677598194996281933e+00
-3.238999849849444779e+00,2.203775802775651105e+00,-5.194685241342228643e+00
2.546394646724976507e+00,2.659901135296331098e+00,-1.830889215225901978e+00
4.216996169518239662e-02,-5.144439954066574394e+00,-2.707088061632489495e+00
-5.800789169487722274e-01,-2.796665868407186561e+00,1.741548712492829276e+00
-2.473968989457207890e+00,3.552267313004382476e+00,2.802874470792958039e+00
-1.308946299043991512e+00,-6.124015197299879087e-01,-3.860384217078034919e+00
1.063260813920305026e+00,-7.168600975796135533e-01,-4.139248957435292198e+00
1.859111242692684351e+00,3.142691682112117135e+00,3.772518069053018008e-01
1.235003108472726652e+00,-2.202910817642237173e+00,5.242997967014994209e+00
2.154790247203282050e+00,-3.591502083415262891e+00,-3.223705237587872308e+00
-1.108124454694226824e+00,4.815361920346517444e+00,-1.784077711769241015e+00
-3.418818808791427521e+00,3.727699630151065868e+00,3.217383620233938757e+00
2.620921624446522283e-02,-1.201529865334271641e+00,-3.138004584747200010e+00
6.009451763042076289e-01,-3.518319971049914230e+00,5.705267528388199949e+00
-3.802870024891870759e+00,-2.743618914142135878e+00,-3.046622517009914155e+00
1.927412299219583680e+00,-8.789500274797878987e-01,4.151632117134842481e+00
4.036654806190584033e+00,9.175726709370357614e-01,3.501784112675980776e+00
-8.045137983424783812e-01,3.403234537388352798e+00,-4.812542510827351627e+00
2.237790208989087759e-01,1.758544105834695115e+00,-1.965991490467449365e+00
-2.059480989669081996e+00,7.405281756009569616e-01,-1.035664810639249866e+00
2.502201093710061830e+00,1.357406108609859607e-01,-1.317656803346112460e+00
-1.601569027678685364e+00,2.374610433424972911e+00,3.807626634055479187e+00
4.221337466484716749e+00,7.545544644516807842e-02,-2.385472308371680672e+00
1.527427893971728068e+00,2.286417355339938950e+00,5.968476595308084276e-01
-9.500153537378139834e-01,2.694801692739124732e+00,-6.115801607238149806e+00
5.566310024939138401e-01,3.758209569068474698e-01,3.069017371743339329e+00
4.377876966310893514e-01,-4.565855728421738036e+00,-6.111808027474425337e-02
-1.075231893039045650e+00,1.819770603722149271e+00,-5.220110910292059536e+00
1.134998574615806888e+00,2.298516216151908154e+00,-6.031691048006222466e+00
1.983171609052372109e+00,-1.096520128755038348e+00,-3.578855828800955319e+00
-1.642340282095927417e+00,-7.314749051997239127e-01,3.367495399319740734e+00
9.947003562309895131e-01,-4.932010801815303935e+00,-2.853504015426862606e-01
-3.944522010853046545e-01,-2.256321834273069094e+00,2.173241271095081861e-01
-1.325030747674104115e+00,2.250566107982685526e+00,2.312701518748168983e+00
1.355787336299752788e+00,3.920619595212806008e+00,2.428402852089061259e+00
-8.730961113851457567e-01,-2.581926031138434205e-02,-1.708008311337257501e+00
-2.221756471744567030e+00,3.496496333537202350e+00,-6.041975463072707164e+00
4.092054326393189001e+00,-1.096653471167923222e+00,-3.007484897994125994e+00
-4.464663975582944033e+00,-3.014438124282746712e-01,-1.791628609022820173e+00
1.814458322202307183e+00,1.858852489653644691e+00,-4.270021867837001217e+00
1.926980492978659809e+00,-1.002561007324461739e+00,-2.330708463132716624e+00
-1.890717604224876336e+00,-3.469802843104022649e+00,-2.803522293717795932e+00
-2.337788302876812274e+00,-1.647086189767797748e+00,3.639190713209757622e+00
3.300849074469524580e-01,4.684609012036546893e+00,2.036401449769183358e+00
3.214057521706174203e+00,1.736824602156537223e+00,9.601870962767288242e-01
-4.310231069783655222e+00,-8.196479383682760966e-01,1.035510275997501450e+00
1.819917782848896159e+00,2.799239045312200691e+00,-2.392355144760287614e-02
-3.341477501728588706e+00,1.497272109046957622e+00,3.455018819501175731e+00
2.324221846762217769e+00,-4.000723503187685104e+00,-1.369126555443394233e+00
-4.133203901433424310e-01,3.167756806422948213e+00,-4.693109509853171102e-01
-7.341337011111854771e-01,-8.763458224009783581e-01,4.608851588436326807e+00
-5.088419178807148668e+00,-2.192913145008148490e+00,-1.648567037300655791e+00
1.710654617715748449e+00,-3.787394616923046797e+00,5.418367774378966217e+00
-3.385261811273672095e-01,-3.779485445348741646e+00,3.238037414298327477e+00
-1.964246599164740426e+00,3.969267832955536424e+00,1.811974393032876884e+00
-1.978774524738602825e+00,1.981111287980813707e+00,-1.866571784612015117e+00
-3.000224920607487356e+00,-2.253797966142114806e-01,3.500153876781768147e+00
-1.898093370699680316e+00,-5.987332461880209289e-01,3.231251200053358863e-01
-1.027854522565971429e+00,5.756640730557855079e+00,2.034464102142132358e+00
1.223419230696040083e+00,-2.214209232803869276e-01,-1.005029774739047310e+00
-2.650978377543281805e+00,-4.414191942349683928e-01,-1.802073934151231072e+00
-2.363204777408376867e+00,6.074533948294718044e-01,-6.292794077607128944e-01
-6.182554073726259425e+00,-1.336487100064019273e+00,7.381815860589298062e-01
1.873113057335121345e+00,-1.751936510668342439e+00,-2.790645001430233751e+00
-6.253727629728042525e-02,9.206970220538363003e-01,3.750161516042469945e+00
5.014430056746296271e-01,-8.424035618403551418e-01,1.738014004775142674e+00
-3.743391963413980505e+00,8.068134676300179331e-01,5.267328127870115395e+00
-7.691845006512201266e-01,7.457231174024443909e+00,1.833296746892488116e+00
6.844351587572176099e-01,3.644193431201237843e+00,-3.924205744187520217e+00
1.581016679565627747e+00,1.348561062307469749e+00,-2.357588947696185044e-01
3.020129768515621205e+00,-1.894582611783959536e-01,2.054927982840311085e+00
-3.434810356316404967e+00,-2.825795879669705801e+00,-9.364124463738273674e-01
-3.144981067488780813e+00,1.500031569755799765e-01,-1.092456556431747217e+00
1.785312827372968203e-01,-3.806963024682676333e-01,-1.941499548144914433e+00
9.834405480382069076e-01,-3.106358622002862724e+00,-1.150862418617612626e+00
1.475275347024237460e+00,1.467224157951430019e+00,-1.522247758697123476e+00
-3.203460340632194203e+00,3.788408984568492066e+00,1.622417935672303635e+00
4.941477437264230943e+00,-1.385386245947283657e+00,-2.699780990246990697e+00
3.770075494421446738e+00,1.796545040838047225e+00,-1.395300216616971456e+00
-6.837010716873960503e-02,-1.267600722518167577e+00,6.002725610921412214e-01
-6.996728967489073137e-01,-1.471848094730386247e+00,-2.829368320403710113e-01
-3.571411324737669979e+00,-1.464359970526069699e+00,-2.586476255480082642e+00
-3.111866630352431606e+00,2.200646509178487698e+00,-1.177496006731935996e+00
-5.176912233905181182e+00,-1.147351373417598630e+00,1.418712094214094943e+00
1.019783675131238576e+00,-5.363740063625865417e+00,-5.136047183219520917e-01
3.234681044646019465e+00,1.554030086289593271e+00,2.248458255370992642e+00
4.829493482102411583e+00,3.160715023606162966e+00,2.807422126994156830e-01
-4.833565441021437259e+00,1.431905399179824512e+00,4.803162870077774121e-02
-3.489809851179567879e+00,6.437644826457331604e-01,-3.927559054611239997e+00
-8.779232925827461231e-02,-2.791467955159206316e+00,-1.336017296543489774e+00
4.555605264327964754e+00,-1.360513928034675413e+00,-2.583669675923133680e-01
-3.925856963520135690e+00,5.486833194059032026e-01,4.597703356497931715e+00
1.864490153916159576e+00,-1.800637072176176412e+00,5.268880017135743721e+00
-7.681277682208543789e-01,5.711766880478945652e+00,-2.944700864525215400e-01
4.441958317884449947e+00,-5.020726844979915837e-01,9.479923763717863494e-01
1.386967710249055408e+00,-2.881753840861449145e+00,-4.115082102128936881e-01
4.208276462969728904e+00,1.421003597910689864e+00,2.754519692309680856e+00
-1.288833767350676229e+00,-4.232822313177400986e+00,6.713547996780718785e-01
-9.540458671902776189e-01,-2.934412454553820826e+00,3.243319267166749675e+00
-4.281089180899654956e+00,-7.396953747899126519e-01,5.371867071895454204e-01
7.456310061566651104e-01,-6.771562528982970619e+00,-1.200204695438264885e-01
-2.578930236747183358e+00,3.518301561459365789e+00,-5.993173751947270311e+00
-1.243310261191294952e+00,3.966495516689437117e+00,-1.533605041977470274e+00
-1.744998153885000347e+00,3.133612904942692623e+00,-4.603531203775347969e+00
1.071050623004326241e-01,-5.552103373629929672e-01,-6.302020261424137358e-05
-4.360590282263181461e-01,4.188880772574544054e+00,2.320454945396961399e+00
6.589384354698208934e-01,-2.260949031286374034e+00,5.544891294232515477e+00
-4.155402499736285726e+00,-1.607416868353702011e+00,2.940915678148339651e+00
2.909138840513593394e+00,-1.825747948058714654e+00,-3.265893263970744087e+00
-5.282130628321946908e+00,2.149191557596891733e-01,4.734552549769539098e+00
-4.192890866632245639e-01,-3.733291194154207293e+00,-1.880696469115171965e+00
-2.249019277911274539e+00,-5.041351123238579923e+00,-5.211149674376172047e-01
4.012046704369172101e-01,4.277126070091318510e+00,1.483091198471067296e+00
-1.564674931840486227e+00,1.606951654738856261e+00,8.419332683546304485e-01
-3.344412300030820795e+00,3.724734361088532619e+00,6.430097565089365474e-01
-3.146509683287554981e+00,-1.626501779947390203e+00,-1.694798827023589416e+00
-2.710977115873729471e+00,3.167338623467338188e+00,2.058011575498008394e+00
-3.930819047009060374e-01,8.465043607447542140e-01,-4.203114232695306818e+00
3.504338625103890603e+00,3.421377585643353925e+00,2.258497488657051022e+00
4.438445239377781348e+00,4.063374334055995796e-01,-3.419104065281151072e+00
2.971377654625457332e+00,-3.940003568758367880e+00,3.194275759016185656e+00
1.467474728076677559e+00,5.382644457631010404e+00,2.462232865300728157e+00
3.973015424787567529e+00,-2.313071077915759055e+00,-3.145781713919434619e+00
-7.540591745761725528e-01,-4.788990565776450659e+00,-1.526447612437332735e+00
2.996211780947353187e+00,1.221489082506875601e+00,-4.744002841028679418e-01
7.542398283483259247e-01,5.569879820879038990e-01,2.067133709145136056e+00
-4.229234968876077971e+00,-1.550437977110707743e+00,1.783876214769811952e+00
2.810797664414948827e+00,1.466919107618297247e+00,3.103497233769964225e+00
2.954941706968320148e+00,2.417872994548186660e-01,-5.380716860698142590e-01
7.742130458608914578e-01,3.410313539748449863e+00,3.616223913454729377e+00
-2.380753139596219814e+00,2.114976533485144472e+00,3.396827766411518734e+00
2.106831718777491536e-01,1.868280755863347409e-01,-2.085711799622042267e-03
-8.120383291280429683e-01,9.969321807006714664e-01,-5.039688150712110293e+00
1.210887977929502757e+00,-2.747428059488275398e+00,-9.367862984726790243e-01
4.361997769708350070e+00,3.947136770804815953e+00,1.185300861013085738e+00
-1.035468380782457842e+00,-2.915454108294298852e+00,-2.367127873000499871e+00
3.327798204407105498e+00,2.056271603476128806e+00,-9.657005615325756631e-01
-2.084363178602769651e+00,-3.892324361509154063e+00,-2.886306017028135162e+00
1.626850653751878761e+00,3.329656601836265217e+00,-3.434585511308831385e-01
-4.593345029566738846e-01,-5.684275151432823137e+00,-2.196447680243604150e+00
-1.162264802168438305e+00,5.402254971360640923e+00,7.607417516377250610e-01
1.660900226465861440e+00,-1.912718902170046142e+00,1.829083554038023030e+00
-7.990382557981343670e-01,-2.798115245064066933e-02,2.747861799267597327e+00
-3.958497060165941051e+00,5.184284935164269470e-01,-1.654265096242942601e+00
3.216036148600370570e+00,-1.866676070822614886e-02,2.281176708632210559e+00
1.774466302291145103e+00,-4.301865991198960515e+00,-2.451684845415032843e+00
-4.225728181189251309e+00,5.011526619239879965e-01,-3.070482101203146352e-01
1.415789260858935750e+00,-6.059663608231210752e+00,-2.323808670103205909e+00
5.784378889669639090e-01,4.526946765099784109e-01,3.872428486759996513e+00
3.742303536008028342e+00,2.587907117819597147e+00,1.608183673300912719e+00
-2.984393232056388623e+00,-3.218589556580239014e-02,-5.015596126330678084e-01
1.532637028655387201e+00,3.119686944861102429e+00,-2.225004736978216879e+00
4.411725430818840721e+00,-5.282958750046408136e-01,-4.111617004038213175e+00
1.149523685239875581e+00,-1.240665043681578039e-01,2.261040993367240473e-02
2.444691267941863533e+00,1.954231625497715452e+00,2.910127032416153448e+00
-1.098941857010740097e+00,4.332485588380679431e+00,2.726472548298595200e+00
4.073508967260501379e+00,1.930458533166202750e+00,-1.632158638911292980e+00
3.569976333951345726e+00,-2.602890393555385984e+00,-3.978881876004653151e+00
2.644880160199773123e+00,-3.191483811154724126e+00,3.400727373820516597e+00
3.387480801162102484e+00,1.371083494318177998e+00,-1.907215205959416293e+00
2.265595998982129267e+00,-3.347271924345981198e+00,-1.642393098361809800e+00
-3.529077588464403892e+00,-1.379860190249566854e+00,-3.713835528034477917e+00
4.773225203640406811e+00,-1.166166733386949428e+00,-5.136796035882933431e+00
1.287012566145198544e+00,1.097029042295186940e+00,-5.303455456462599749e+00
7.852072695262556079e-02,-3.823708564111310881e+00,3.079489971029567563e+00
1.264711497564027232e-01,4.260693999447251024e+00,-3.697840882008971430e+00
2.542547373014671930e+00,-3.724252894624954457e+00,3.375654798053128847e+00
4.693102319381518561e-01,2.053239301918527104e+00,-2.652212202320113565e+00
-4.636931371264084945e+00,1.390584670617121876e+00,-2.738439193773197555e+00
5.029602733207537923e+00,1.082367028616719073e+00,-1.216828040919465170e+00
1.049214608506901181e+00,1.180505932082649839e-01,-5.353399768531247105e+00
2.594225333064919425e+00,-7.488495266254393545e-01,1.777243834245675336e+00
9.423743489999495404e-01,3.065880716939062722e+00,-1.824352918776945165e+00
-2.801598823543860917e+00,2.440127416634561897e+00,2.050545152239778179e+00
9.603956936589300719e-01,4.310185641076032859e+00,-1.455818848720008551e-01
2.013909451324814359e+00,-4.920036170735047065e+00,-2.501456077778124953e+00
1.755516359912587532e-01,-3.613200303705770278e+00,2.829683626974700772e+00
6.229093771463751317e+00,1.143274037290320289e+00,6.434321789156499660e-01
-5.973453625036186793e-02,1.185376694810190923e+00,2.131724881927561932e-01
1.964229913697357777e+00,1.166311086482161974e+00,3.705984712801751457e-01
-1.289520861274510710e-01,5.811982315426933443e-01,-3.974271273811415206e+00
1.295936489155527616e+00,-6.092330833452767047e-01,3.884775542941025783e+00
-1.362781894412122830e+00,-2.646597618828215648e+00,4.928484899241023509e-01
2.105281841988712710e+00,2.935084924836818931e+00,2.683374629776674514e+00
3.386340738486814494e+00,5.646737482777562933e-01,3.510203839317298957e+00
3.252710414981259124e+00,7.093969992713097250e-01,-4.676140836182926641e+00
1.430249907027814071e-01,3.827136423211803251e+00,3.378535554380697192e+00
-2.177069206235937582e+00,-4.847219159728781257e+00,-3.197567060285007312e-02
2.782530427502925008e+00,-1.532907637630030795e+00,-2.867227026220169339e+00
4.155136385186214198e+00,1.112204952840028405e+00,-2.851909274765857205e+00
-1.312448313172703163e+00,-1.979737032914187456e+00,2.617452288237284375e+00
5.871566547204047914e-01,-3.415170328096735375e+00,1.882848507707321151e+00
8.802603842583557325e-01,3.869790063633872013e+00,2.760817884912434739e+00
-2.767875527812159397e+00,2.060805549371624412e+00,-2.197802282920168437e+00
-1.263382704072851581e+00,-1.516411891132228407e+00,9.859806732182705424e-01
-5.428628490992151168e-01,3.745898730221730144e+00,2.898212690738948716e+00
3.723591659106423091e+00,6.341182458816626566e-01,1.383719660765184156e-01
3.959531485315963550e+00,4.870134331190329458e-01,1.168521570544174937e+00
1.376762505019017979e+00,3.665050581235232752e+00,-1.602909372146005929e+00
2.640901411393325571e+00,4.141114665071659928e+00,1.224766308377088775e+00
1.427071038215719234e+00,1.349703561006402097e+00,-3.073587264084731707e+00
3.470674131572563770e+00,1.705143342327823941e-01,-3.268413286326059097e+00
6.116820772575366938e+00,2.488992729902677503e+00,1.647837001542915125e+00
-4.718588029867276212e+00,8.015899792162600734e-01,-1.562163542369441993e+00
5.523731299439377018e+00,-6.142231128650543770e-01,-5.768400718799759019e+00
-6.706668492730771813e-01,6.805339521543392500e+00,8.759499499829603852e-01
-1.452909952145375883e+00,-2.556210570215337263e+00,-1.731950274425810177e+00
1.605636277994493044e+00,3.111932067896267640e+00,-2.250937115402794397e+00
-6.755656979714022015e-01,4.449097191501428128e+00,-2.606735795136933653e+00
2.102731279566761202e+00,9.635055409056795250e-01,3.582115816882890158e+00
1.408928904932294834e+00,-1.495046324910351609e+00,-3.808191068677120317e-01
-5.360573484989173743e+00,-7.278234200749268690e-02,-3.201972685826143916e+00
6.786046768626252668e-01,4.396346101980262988e-01,-2.632196741093149051e+00
-3.102370614099195234e-01,3.876488994193166171e+00,5.040656854034393508e-02
-5.749952702862820564e-01,5.218228927704381626e+00,-4.069363710186233996e-01
1.630529393195365717e+00,-1.930455818712752292e+00,-3.144311554760415905e+00
-2.598777758141314731e+00,2.267168859263029468e+00,-5.213023438065743420e+00
-7.408863069441018467e-01,5.562811039874350216e-01,-1.846592572501239315e+00
-1.081478080590597829e-01,-5.164422226546424355e+00,1.107342875848012831e+00
-1.280002493823107157e+00,2.774213691990201625e+00,4.143804697340620180e+00
-2.227821026605368626e+00,-1.924253370935634422e+00,4.439802496196071924e-01
2.181013382089303843e+00,6.283648524111108691e-02,5.176124706140791121e-01
-6.619014860653835264e+00,-2.117621986511194709e+00,-1.790860195173536562e+00
