-1.335112007563587833e+00,-8.139148961677272753e-01,-2.644997285118513730e+00
5.249516101104566568e-01,4.212941183869987616e-01,1.177880815915756552e+00
1.211828334359373177e-01,7.091450594566657550e-02,3.207519935211006201e-01
-5.907313705546476390e-01,-3.061079669268528258e-01,-1.222105807774761521e+00
-3.270946813687155008e-01,-2.902106780355965809e-01,-7.726511632865615820e-01
1.077305134642419171e+00,6.490470920995439208e-01,2.133684341573028220e+00
-4.204318985652485963e-02,-8.081776543624565046e-02,-6.185853453693663379e-02
1.332611573867775290e+00,9.205931049199331806e-01,2.845813518236899320e+00
1.066965675228124244e+00,7.093259049184176268e-01,2.177452932865096891e+00
-9.587795719943628114e-01,-6.721323760762514254e-01,-2.104321741183892147e+00
-9.531432838472912727e-02,1.227901160071134257e-01,1.271025373646310136e-03
-2.877854016645489121e-01,-6.006308242979401663e-02,-6.162041569670966279e-01
-4.025556147316400879e-01,-2.159902886221594098e-01,-7.818760825797165248e-01
8.591568634583623965e-01,6.267585872978663764e-01,1.884421104458336993e+00
1.003929618080287023e+00,5.486187787011344019e-01,1.770648990610970142e+00
-1.144724708796223567e+00,-8.463066784516174446e-01,-2.402890599718766396e+00
4.101692273762799212e-01,2.460780118182575860e-01,8.813715298911901641e-01
-7.651098407010620273e-01,-5.637922190138899836e-01,-1.829538081604918709e+00
3.722125739200387584e-01,1.903805141943199497e-01,9.646788637563300517e-01
-9.754989888129895759e-01,-5.797231771144116808e-01,-1.984005307754766800e+00
6.037168182157158780e-01,5.612571803599717413e-01,1.542848364124079330e+00
-2.106519221785936868e-01,-1.047592263250983341e-01,-4.149875613198134028e-02
-1.226303513139351820e+00,-8.020904720297262758e-01,-2.686554524482584583e+00
-1.178734056539743474e-01,-2.016216804634057558e-01,-3.877457553570925475e-01
-1.532856213353150920e-01,-6.201224409384554354e-02,-4.232894943140042693e-02
1.825153911973520282e+00,1.082914146207604178e+00,3.606204569386814551e+00
1.521536950538727062e+00,9.116951363369315553e-01,2.880582351395946539e+00
-1.356459722492013409e+00,-8.635472697788126872e-01,-2.639077783752943773e+00
-6.420928294636311096e-01,-4.579816947661151105e-01,-1.577661351500312614e+00
7.785814001478803537e-01,2.903215926433779792e-01,1.626810528841295067e+00
5.907383274555897401e-01,3.205420860094450597e-01,1.468807458124033793e+00
-3.106311300068670955e-01,-1.669911514561637778e-01,-6.958110074622143593e-01
4.375661233284416918e-01,2.628475254123210925e-01,8.484450494599595771e-01
1.013247998402713623e+00,6.511447173568120084e-01,2.420412359219775045e+00
4.432233210591179362e-01,2.938422654557820146e-01,7.895960928997999284e-01
9.492913943627655504e-01,6.506375240578040620e-01,1.997449686142075853e+00
1.645529340443445010e+00,9.719860141133682685e-01,3.185562885522996268e+00
-9.803498006152208122e-01,-6.246673601201804260e-01,-1.929010728584408918e+00
2.018981025725450074e-01,8.410813205206442433e-02,2.176617073926685464e-01
-1.387786405274837653e+00,-8.385241638642142448e-01,-2.985806213310717716e+00
-6.207841961979840839e-01,-4.931619003023271497e-01,-1.306425733084905172e+00
1.270496492845252234e+00,9.187960128187974140e-01,2.847341392058853948e+00
1.534369197906496174e+00,1.091147985452820324e+00,3.521650923675112121e+00
-9.235029250202468898e-01,-5.801130358054560343e-01,-2.075080224413827334e+00
-2.254103035045504910e-01,-1.782264264266109344e-01,-4.540880229580093186e-01
-1.084809341875712319e+00,-4.997868524911595611e-01,-2.280628673211529289e+00
3.557225525617160183e-02,-6.266115634047561556e-02,-3.141156894370043529e-01
7.274914906781099200e-01,4.360173265079012039e-01,1.182624356776746710e+00
-4.917893470747481954e-01,-3.364955989709227935e-01,-1.154375866285954455e+00
7.124038663703490259e-01,4.958831119389158770e-01,1.772955535289425288e+00
6.542550260839727350e-02,-6.636763436532265581e-02,5.343480195194937749e-02
-1.372096610362883773e+00,-7.422272891173538056e-01,-2.770377966122142599e+00
-1.176042777468117251e+00,-7.483013331169791060e-01,-2.300762084662844043e+00
1.341176702043659796e+00,8.066891705069237917e-01,2.802518628220080465e+00
4.954047856560613028e-02,1.764431083703190406e-01,4.306052371033802229e-01
-7.236546744149338073e-01,-3.348551456015289585e-01,-1.387287515650806435e+00
1.667503533209472755e+00,9.110830688279482059e-01,3.605538651901681213e+00
1.568569249508370067e+00,9.135396537194884203e-01,3.304793490203837170e+00
-1.177973506613984866e-01,-3.593964295107877904e-02,-2.966428973529556812e-01
1.627426904979181854e+00,1.042843220631906709e+00,3.093376102252735294e+00
1.507683346525265256e+00,7.676563935347123779e-01,3.027738832277062198e+00
1.087218110798711335e+00,6.021266440139152465e-01,2.194810717801688682e+00
5.352872210184557167e-01,2.013067855712399878e-01,9.335240789175515141e-01
-9.292047627977001456e-01,-6.897312641648570830e-01,-2.395837832000640599e+00
6.621822321483787910e-01,4.120932960208860685e-01,1.503439421054544090e+00
1.076081620624063762e+00,7.028582199397443997e-01,2.223379092365440179e+00
1.587713958709045192e+00,1.072513660176681372e+00,3.391010128037120097e+00
-1.093551585926189951e+00,-8.044445520275205208e-01,-2.276512260136241306e+00
-1.302254480354336330e+00,-9.149497677896246683e-01,-2.889756030784855767e+00
3.002722242178792328e-02,1.070100396249127062e-01,-2.380417857150145602e-02
4.928393229649972174e-01,8.851967714091046879e-02,1.098499338722682461e+00
1.437359606482964347e+00,9.672290712319508987e-01,3.008221667303972779e+00
2.483720536870332174e-01,1.789635998055290611e-01,6.842698348712753509e-01
1.505447744591534631e+00,9.096641656074813120e-01,3.027851239144881745e+00
1.113431208846743070e+00,7.413259105969290941e-01,2.093660857991872071e+00
-1.186585344708096512e+00,-7.293193220913742891e-01,-2.477917885961581135e+00
2.485772276655751067e-01,4.109010569143020652e-02,7.359817130012130670e-01
-5.374302682889460225e-01,-3.844140512751119121e-01,-1.157380764106286763e+00
1.484888558756353172e+00,1.034654806764004231e+00,3.198528856390554065e+00
-5.002310371937792599e-01,-2.479697241038479327e-01,-1.089611893412982147e+00
4.639766671079924576e-01,2.590808057538580012e-01,9.953850094994614039e-01
-1.848044871711958248e-01,-1.766171673637156880e-01,-5.113355680970644856e-01
-1.568981427789090943e-01,-1.652456034621000158e-01,-5.439558614858058805e-01
-1.602057058298435699e+00,-1.071422349680343444e+00,-3.172333538579991785e+00
-1.653350010085111288e+00,-1.031863482062318038e+00,-3.260383963806276597e+00
1.454799798308781256e+00,9.027335941566265731e-01,2.809521508475680385e+00
-5.037185604504057501e-03,-1.381999493760082409e-01,4.875996245031773146e-02
-2.831417626792487319e-01,-2.463051453880753250e-03,-5.467423734570905358e-01
-1.451318554090632817e+00,-8.249009672177533004e-01,-2.731335043272650420e+00
1.911035067334893589e-01,6.886863819819293193e-03,4.599829939718619864e-01
-1.630190415380009084e+00,-1.132550069248954294e+00,-3.445039360480503632e+00
-1.054640323664985058e+00,-6.131597308953844472e-01,-2.173324255539100580e+00
-1.307107901437660757e+00,-7.358254053504093006e-01,-2.921781562239559982e+00
5.983566176461646569e-01,3.227283902723532272e-01,1.201041018771853874e+00
-2.830246862484571135e-01,-3.108985290792383172e-01,-7.919787966547262581e-01
1.004465053824378229e+00,6.492197205234514490e-01,2.189646808318801430e+00
-1.466212315393542909e+00,-1.035167482190874733e+00,-3.161416525676818079e+00
-5.675253329176559447e-01,-3.120794996166023627e-01,-1.160389054172767054e+00
-1.320034591189990447e+00,-8.471402755577510657e-01,-2.857411829227432865e+00
-9.686699231211792771e-01,-8.942784493958011449e-01,-2.403198833914055310e+00
4.979997244191026184e-01,2.445918786944772660e-01,9.173138198578149050e-01
-1.257209312476258001e+00,-8.558245883407892274e-01,-2.966329358833093899e+00
8.612995977207568155e-01,5.001519636897540089e-01,1.911658110930611887e+00
-1.033299907506975757e+00,-6.122329134470313461e-01,-2.346311519608133889e+00
1.151405418551418175e-01,-1.306215903648951793e-01,-1.136486292983301533e-01
1.480029100817159771e+00,1.020584278471013517e+00,3.015295199778947666e+00
1.332755292448406514e+00,8.826492619454818778e-01,2.982685328534483649e+00
-7.792414351747269097e-02,-1.927169994183549617e-01,-2.024127436258432167e-01
7.088943005717576740e-02,1.425789380161309738e-01,7.114754765962623129e-01
1.066154337075748693e+00,6.883136621462475624e-01,2.030007928392636440e+00
-3.547811345581893816e-01,-4.637632978507728043e-01,-8.392111616488466819e-01
1.654623311683684761e-01,7.641441760267866923e-02,5.112302444255671929e-01
-1.523574085789269006e+00,-1.109507108180912249e+00,-3.475443250310091603e+00
-2.732481373845789541e-02,6.150655236587514174e-02,1.049937271856023480e-01
4.837110162472276764e-01,3.404011159413073417e-01,9.295398003463348768e-01
-1.139681806167523570e+00,-6.375301569261243584e-01,-2.150854712887360964e+00
9.718507596392927939e-01,5.556691284081339832e-01,1.630403502555631601e+00
-1.451785636808965441e+00,-1.033124101726866195e+00,-3.309508430235840848e+00
-1.559729263756751028e+00,-9.051053993663303876e-01,-3.265697400779915771e+00
-3.495708576700894410e-01,-2.684526594070995587e-01,-5.938490960308535627e-01
1.335626236235152531e+00,8.606135534247184582e-01,2.865535484372889741e+00
-1.350645789645383399e+00,-9.656026105694361927e-01,-2.955383525692716784e+00
7.489175806595903540e-01,6.316716914730448051e-01,1.667387712031265901e+00
1.572995320823150633e-02,8.581885285134521757e-02,-7.874846301372227797e-02
-1.658909360076498141e+00,-1.028402730932335585e+00,-3.490398389386502043e+00
-9.070714176714560484e-01,-4.896122865839860894e-01,-1.635659392796698697e+00
8.307819822261818254e-01,4.811369141592106713e-01,1.626375902578696353e+00
1.694620895235676272e+00,1.055039636372413714e+00,3.570892693509655658e+00
-5.245162938542457381e-02,-1.876503691838384558e-01,-2.647769780433970044e-01
4.622683480332298034e-01,2.382956259167352542e-01,8.233896092353806262e-01
-1.556583860677740461e+00,-9.549645532604781328e-01,-3.158936842455101424e+00
-3.279785887317399617e-01,-2.986652561908167969e-01,-8.172719943504206386e-01
-9.085539972474664383e-01,-4.956028954879038162e-01,-1.949534675964395669e+00
-1.745282684155700315e+00,-1.257414123887329760e+00,-3.607667258795506537e+00
-4.326169016626346675e-02,6.980937677994368540e-02,-2.090854907459183398e-01
1.006514521299300968e+00,7.619632985696237482e-01,2.126565180327034899e+00
-1.322448283079697307e+00,-7.774485347093740284e-01,-2.519075698068476310e+00
-5.664811687914544924e-01,-3.200212857177954784e-01,-1.184022578140973225e+00
-1.154942337830624721e+00,-8.568013652056672980e-01,-2.270798181798810322e+00
1.910377867555655140e-01,5.842718067766886764e-02,3.888768385198824173e-01
-9.753300203909387456e-02,-4.808456271431098966e-02,-3.340903526437581927e-01
-1.636129343727123375e+00,-9.269621873416739044e-01,-3.646923513599589217e+00
1.179250141720969758e+00,8.466034114232574570e-01,2.547996431347141932e+00
-1.359145812958493904e+00,-7.958667108566747084e-01,-2.652200310620916213e+00
-5.288944775017061506e-01,-3.012863880693780194e-01,-1.073709478981753396e+00
-9.203775823582490689e-01,-7.009223367708766750e-01,-1.823572794477451575e+00
-3.305462111561670822e-03,5.870591950876105809e-03,-4.017973257391380809e-02
-8.957086347156138773e-02,-1.573071570698493515e-01,1.818853684682722183e-01
-8.338722858768590207e-01,-3.393824698129732087e-01,-2.135401468348590459e+00
1.287413503361436229e+00,8.134342934808219683e-01,2.590327118644204507e+00
-7.191431586549752453e-01,-3.183796703862154520e-01,-1.294560040041398352e+00
-4.816899575682211387e-01,-3.015697596472082798e-01,-9.259157268989594014e-01
1.458743733045389623e+00,8.966263494697902514e-01,3.029045148010046873e+00
-1.699213023483288731e+00,-1.038978859843299629e+00,-3.471610613899665410e+00
6.755103784774952880e-01,5.825924153770839498e-01,1.572329791198062487e+00
-4.145614418495192216e-02,1.183399179423185767e-02,1.404507487419954515e-01
5.604806234880976845e-01,2.351259840653636413e-01,1.039595895913105972e+00
7.781337800208699695e-01,6.601418415931433747e-01,2.232071834985151604e+00
-1.834024331764089188e-01,-1.778095719788601037e-01,-5.642028604808639880e-01
2.230597946253361497e-01,1.354735764389262132e-01,2.234405008339354626e-01
-1.514622804214776908e+00,-1.028998924265875914e+00,-2.932569798458047661e+00
-2.197310379640296518e-01,1.897647013241500133e-02,-7.351681917925297904e-01
1.322514627693385014e+00,6.662578020564113856e-01,2.768039960865096738e+00
2.546900550502151361e-01,1.633730605403370950e-01,9.107829185673765870e-01
1.375166556651458497e-02,6.406220553290309372e-02,1.197340906669083771e-01
6.441459418985683305e-01,2.982497898435941819e-01,1.233140770394424823e+00
1.621155668442941344e+00,1.077762870301849363e+00,3.389659775525125873e+00
5.699534040399159007e-01,2.600178267719969183e-01,1.082145094875407221e+00
-1.316014695530382861e+00,-9.006375452112301838e-01,-2.539846989072317651e+00
1.109943508835868453e+00,6.807251021889362264e-01,2.321296481608618567e+00
1.579469369246331301e-01,1.875892259894478553e-01,4.096505481322769149e-01
1.023918542750338112e+00,7.578228843527120562e-01,2.545558768255814730e+00
-1.479998456498663684e+00,-8.261048299470604706e-01,-3.484152417100107257e+00
1.328356955561554420e+00,8.240351108061606533e-01,2.670626249652978235e+00
-1.585855020046614605e+00,-9.880151015385576496e-01,-3.421880049433631221e+00
-1.271116217660237746e+00,-8.231204594567252952e-01,-2.870286169964854750e+00
-3.972078070805261651e-01,-4.159693336812092523e-01,-9.511279177645611815e-01
-1.402402257367149740e+00,-8.624699975892755610e-01,-2.819574198920836938e+00
-1.252388919463874650e+00,-6.348305425750924158e-01,-2.670012217633236595e+00
1.605542971998444646e+00,9.655482841852017772e-01,3.252988980743579450e+00
-1.205815516522790176e+00,-7.680216461191897714e-01,-2.355840622218435154e+00
2.882193837369019240e-01,3.221135927681665345e-01,9.136768326512584304e-01
2.292124775233470302e-01,1.582491509008190078e-01,7.748082801043104650e-01
1.055279773937721766e+00,6.899275390379867590e-01,2.036759048794724691e+00
-7.125445090860050845e-01,-5.028352862164624515e-01,-1.668316747779943654e+00
2.118076646481199463e-02,1.292049194892357089e-01,1.922671476577448302e-01
1.415608710725483110e+00,8.421089680185332993e-01,3.341594362346955283e+00
-5.164456567547561772e-01,-8.325963292308639907e-02,-8.781106084964588332e-01
-1.462567506441639076e-01,-1.024074965160947231e-01,-3.814645055885018121e-01
1.404443316565372246e+00,7.523212515168014036e-01,2.636894069354065895e+00
1.627025417538931151e+00,1.101867608972771695e+00,3.391351846046879892e+00
-5.182951894634171830e-02,8.082801045072540713e-02,-2.169041941850858579e-01
1.044074012025166587e+00,6.987559201763040573e-01,2.243873326730165374e+00
-8.769490010519207512e-01,-6.022972165958302426e-01,-1.933880390260338755e+00
6.078176683331899532e-01,2.833882562552490492e-01,9.871475222766633584e-01
5.445496173609040147e-01,5.643791920496442627e-01,1.423499063611449733e+00
-5.982938733378038165e-01,-2.908247773389101010e-01,-7.785668386327521118e-01
6.749719287344826957e-02,-3.170066071308324379e-02,-1.316832284141288556e-01
-8.830063466127268113e-01,-6.995721674946503432e-01,-2.023765460288895923e+00
-1.415633117022698340e+00,-7.165025304772248971e-01,-2.761202335403942332e+00
-1.545326365128329327e+00,-9.959950876813792320e-01,-3.060992331762310670e+00
2.715460853887129988e-01,2.307171262568525338e-01,4.908961607863638332e-01
-1.628067998230487090e+00,-1.040407961980414742e+00,-3.237115793081645432e+00
-2.453608513663490809e-01,-2.408045631356015848e-01,-5.558837762429831297e-01
5.193455938204684097e-01,5.341006628947013724e-01,1.266565875584227951e+00
1.664912314025270845e-01,2.306916680513633466e-01,5.279918104573251281e-01
3.310233075429460103e-01,9.431383482444870292e-02,6.462359581496895933e-01
-9.792880484340042990e-01,-8.187955361596382931e-01,-2.234137173656797870e+00
4.690042488746592325e-02,1.479808496211714453e-01,1.038765843824848711e-01
-1.197171015310597442e-01,-1.826934640543577681e-01,-4.377076039750659731e-01
6.518074625970441405e-01,3.861102044448265769e-01,1.062801251900391541e+00
3.419212258881744182e-01,-4.500540161742390410e-02,6.010941384251742292e-01
9.526426534560772375e-01,6.577378989294105915e-01,2.440434576067822103e+00
9.070441261538120248e-01,3.873931386623198359e-01,1.737216628795851703e+00
-5.228668037399100132e-01,-3.312880058102809500e-01,-1.110904119946316548e+00
6.047312532523119177e-01,3.650401744483486866e-01,1.121176791409493223e+00
-6.519382706427968577e-01,-3.171393104959295828e-01,-1.190364876998640575e+00
7.953998858437985042e-01,6.466042858678385796e-01,1.851042018069545714e+00
7.992923469558184113e-01,5.042185581681891682e-01,1.491308533402816439e+00
1.104216953256297040e-01,-2.205137819020026868e-02,3.582010526864636835e-01
-4.023550061302690883e-01,-3.488304469506663397e-01,-9.964868686905075101e-01
7.538199636816091953e-01,3.282706172192224603e-01,1.460430354560358079e+00
-6.599927034579722296e-01,-4.922191290921276718e-01,-1.191701103341980428e+00
-5.824895313267870467e-01,-4.431486378138876914e-01,-1.403291256714149560e+00
1.331915156865611127e+00,9.139938371414612073e-01,3.152284247523825744e+00
-1.479194756671024402e+00,-7.616158397564760651e-01,-3.074719666148567843e+00
-8.332314394267752444e-01,-5.469905211157916058e-01,-2.138335185051202014e+00
1.194919848680171759e+00,6.228061741522542549e-01,2.482646884767889084e+00
-1.309653203634725260e+00,-8.667119847250792652e-01,-2.663545812694517956e+00
-1.822285512799352247e+00,-1.150268498766696901e+00,-3.537853507197606717e+00
-6.793354934713681237e-01,-5.077970891454914870e-01,-1.398415989251917457e+00
7.775547294496701345e-02,9.955187477564414467e-02,1.281684997027781603e-01
5.592817877642144442e-01,5.284983634397025787e-01,1.419782483027067332e+00
-3.300878795428277557e-01,-1.838859550676452126e-01,-6.158755911470249478e-01
6.962370165700743074e-01,4.693193295572432588e-01,1.493368359952692792e+00
2.901746701786942634e-02,2.576084230945510298e-02,-1.423889056226664840e-01
5.541501638886728864e-01,1.575071580280931194e-01,6.607268625295954489e-01
3.682802552789983808e-01,2.087533046335633413e-01,9.710676615720510441e-01
-1.026169271813176964e+00,-7.820250249396100140e-01,-2.174766463473325917e+00
7.250078309798985154e-02,1.638152392129846313e-01,1.664800357901149719e-01
1.475240070195400710e+00,8.745574313580558590e-01,3.020409933486500886e+00
-3.147093184570265989e-01,-3.231827176694453962e-01,-8.634930272504268700e-01
1.187399484270321048e+00,3.972295825015259019e-01,2.042472422740006621e+00
-2.287240369760840664e-01,-7.342197889481824613e-02,-3.557201248869138466e-01
1.141761910165717930e+00,7.407365722088985471e-01,2.362042571264171276e+00
-9.592762547211134416e-01,-6.436769952196611522e-01,-1.990619628286909304e+00
1.664935570172227042e+00,9.336566387667341038e-01,3.217206033960961609e+00
9.895627456469575645e-01,5.876912149977333577e-01,2.204415369271628400e+00
-2.237728187044440986e-01,-1.479678095710477981e-01,-3.833302480495818232e-01
1.447251247785636075e+00,1.005034215178571833e+00,3.026641813292029415e+00
1.723723954955582727e+00,1.098428233657902986e+00,3.596925356252065775e+00
1.183188476138740342e+00,8.179351971688673117e-01,2.565927938084240356e+00
5.288948587028440701e-02,6.549391547891021681e-02,1.875677323097815485e-01
-2.089846777487240070e-01,-8.078104731608692912e-03,-3.308914267645097773e-01
-1.790053200008606238e+00,-1.108011814007008322e+00,-3.591015742613567152e+00
7.880381548074933962e-01,5.238303010145261007e-01,1.316639055041058270e+00
-7.371516324606319781e-01,-5.186756914291700271e-01,-1.536144719711549422e+00
-1.480950253228918934e+00,-9.716851210174592968e-01,-3.116247486588384685e+00
-1.185984180055632775e+00,-6.377147089773301802e-01,-2.203662155644607434e+00
-1.501949400800667522e+00,-1.114930260387638095e+00,-3.404025984855390430e+00
4.521746640889914293e-01,2.261391130331648625e-01,1.298702189090728876e+00
-5.168466972570971985e-01,-3.785439133041831328e-01,-9.895880988567714587e-01
-9.794592976491498515e-01,-5.671611598810291088e-01,-2.017388899894521082e+00
1.461917897876606975e+00,1.012550460404782804e+00,3.253844147434357126e+00
-1.501096629858332809e+00,-9.032118413725249706e-01,-2.608334214505989568e+00
-2.890745405714332736e-02,-1.041373393180209661e-01,5.910537995273974082e-02
-7.337443263701257656e-01,-5.306853943350701153e-01,-1.701239619085048504e+00
1.235113655666426752e-01,-2.790868648213503875e-04,3.753772138765196220e-01
-7.373943390456647040e-02,-1.182923854738206076e-01,1.857772908786614885e-01
-1.176880550041430773e+00,-6.685226283112193357e-01,-2.816855395735608170e+00
5.616286840663275992e-01,4.414171006158535970e-01,1.166219862380943439e+00
1.308473138668679647e+00,7.654720348088637216e-01,2.723519904964205818e+00
9.695846445655156853e-02,3.097048755285526922e-01,2.991893392495169612e-01
9.453709626875489436e-01,6.882103909560044475e-01,2.298528479995272544e+00
-1.510196122739059454e+00,-9.602923700456638123e-01,-3.421873292596397498e+00
-1.061419107526705652e+00,-6.569236603257334606e-01,-2.128956773305156425e+00
6.609427301190116122e-01,4.912682885014660328e-01,1.280746275506225995e+00
5.918325488398139544e-01,3.788806868650860249e-01,1.035995836073072551e+00
1.287345687392178917e+00,7.249231979776519230e-01,2.432161174384485758e+00
-1.060455480490875901e+00,-6.393627088096373035e-01,-2.261590129785958414e+00
4.941875849853945013e-01,4.307418085574851729e-01,1.086372095355865097e+00
-1.321996127980374913e+00,-7.745522651719023433e-01,-2.592066920215136072e+00
8.130944325376660009e-01,4.775040050893184507e-01,1.734105922630022611e+00
5.202077166105467665e-01,3.644781953011232978e-01,9.832841197251924736e-01
-5.289352859411413643e-01,-3.968257584590080822e-01,-1.424193776412808754e+00
1.650383500423938443e+00,1.045743171213365796e+00,3.247652287025606821e+00
7.278832602724776280e-01,4.280124153466379755e-01,1.407131448397445972e+00
5.122024644741989263e-01,4.515686980198351796e-01,1.237030027433491552e+00
-2.835672589714288705e-01,-1.676844480282500549e-01,-7.667298518684196873e-01
-6.540540058855900396e-01,-4.142560741164907356e-01,-1.512643657572337430e+00
5.343479665828674285e-01,4.586007884992784889e-01,8.277439582791148442e-01
5.101362661072236238e-01,2.182340304190532598e-01,1.055129449714195200e+00
1.454576470413251776e+00,8.017601439462999080e-01,2.797834254579902424e+00
5.460397408400287089e-01,3.211704675112059815e-01,9.644236633828492389e-01
-1.271904640890657356e+00,-7.399496062919239669e-01,-2.503135331426201038e+00
1.249239132627846693e+00,8.284922137066342840e-01,2.685508922230147810e+00
7.846970190306190585e-01,6.297721493320456165e-01,1.971382338419588542e+00
9.100122411668243316e-01,5.843628666355005219e-01,1.926219240025231816e+00
-2.828905069536064576e-01,-3.129285518304646824e-02,-2.549978614161902968e-01
7.322524466989912412e-03,1.079628081659262107e-01,2.103111929289004922e-01
1.483589741906352177e+00,8.545479664506822060e-01,3.232245657167083674e+00
-7.446061713649351210e-01,-6.570517530646619031e-01,-1.888255213144813149e+00
-1.508357075918410839e+00,-7.923106395727785856e-01,-2.944396600464205260e+00
-1.131086238606244798e+00,-8.512109406670763656e-01,-2.506847025118396299e+00
-1.659057469234619164e+00,-1.142956740671912774e+00,-3.713923285196544910e+00
6.307467793517979038e-01,3.692653826190422928e-01,1.213225598882287759e+00
6.491214897783135207e-01,3.935864027309339819e-01,1.290167390651442592e+00
-2.656401085946081264e-01,-4.900643001564841672e-03,-4.441940361877250720e-01
7.621445877794758017e-01,4.097140388572971803e-01,1.750513936091460776e+00
1.304269459081942861e-01,1.004559444484594555e-01,2.736280401166694132e-01
1.240212182396146057e+00,7.843331548822684018e-01,2.733642870982113227e+00
-1.147126168032664761e+00,-7.242980092328175079e-01,-2.376919215101232385e+00
-7.556271999957653307e-01,-4.680335331505743879e-01,-1.326150530861119448e+00
9.042497837896088519e-01,5.632372356433479332e-01,1.704256547356947982e+00
1.325070561086568066e+00,7.521215905518653377e-01,2.421975468142579135e+00
-8.416122895687616623e-01,-8.047325585969437034e-01,-2.055244700316777973e+00
5.096579913927086203e-01,4.178741197225352977e-01,1.409739510531856643e+00
6.242988120837491550e-01,4.941853126956630149e-01,1.473002684464529866e+00
-5.309115084258486141e-03,-1.815867189255775671e-01,-1.145780130485683779e-01
-1.308762527195278080e+00,-9.070804905316852684e-01,-2.910091662144324687e+00
9.521346530614839265e-01,5.088261255142032535e-01,1.896027383615434214e+00
-1.145166761806506006e+00,-7.547650673649330955e-01,-2.286610008953002371e+00
1.486411927698501279e+00,9.963958605827880621e-01,3.142178303773572878e+00
-9.137397216966212099e-01,-5.675678665749591678e-01,-1.788698510887225090e+00
-1.362262404518170600e+00,-1.019665399665059757e+00,-3.145542138476906668e+00
-5.856621364377201377e-01,-3.272664725427057997e-01,-1.304202428731479957e+00
1.661897752840596487e-01,2.325976499095073480e-01,4.471479176965085789e-01
-5.123264703354013516e-01,-5.354323917197614247e-01,-1.505324063756100728e+00
1.150257696846954003e+00,7.022734152354851433e-01,2.679685512060591357e+00
5.816737588548493987e-01,2.720682441233149285e-01,1.046292989482640268e+00
1.868119425820080337e-01,1.432837441235082776e-01,5.854285802437410036e-01
1.028985671923483558e+00,5.406105022972722551e-01,2.438496445780299560e+00
-1.241229464967183338e+00,-8.921655759450397571e-01,-2.610722353962698694e+00
-1.255458381569965198e-01,-1.119342459556215558e-01,-4.517972591279896810e-01
-1.150285657979934317e+00,-7.124454272688103273e-01,-2.349410027238032495e+00
1.546856365918530596e+00,9.086459876517227752e-01,3.273629169613426537e+00
4.466416492033978280e-01,2.865785360845661822e-01,7.650428599720309197e-01
-1.132059779399605004e+00,-6.517114875541937247e-01,-2.388171624591598263e+00
-1.053506435936281349e+00,-7.484020232548662666e-01,-2.183933825750548952e+00
1.105899993604527731e+00,7.854004916524718327e-01,2.336045401721792203e+00
5.852706257595113176e-02,4.025559689891460707e-02,2.374527837108759629e-02
6.543449744261520262e-02,1.374692809196382225e-02,1.838701769671755859e-01
-3.521139858141805190e-01,-4.015908842129461975e-01,-6.483530044334155917e-01
1.284712783376530165e+00,7.942631305434860733e-01,2.734425956256100854e+00
-1.426581969464444599e+00,-8.993554055685941684e-01,-2.816853107624272656e+00
-1.599529207892503635e+00,-1.005811294453310856e+00,-3.305810446773070677e+00
4.006361087626983952e-01,2.184467045734236057e-01,6.272776449431721746e-01
-3.909251255317769957e-01,-2.617248254078247682e-01,-5.827304199181585487e-01
5.819184955153422489e-01,2.847903622637054100e-01,1.101281227265382689e+00
9.952940901609987900e-01,7.499640766445393458e-01,2.382469717981767321e+00
-6.541146320743945752e-01,-5.213323394111040177e-01,-1.832850124342646270e+00
1.180767553064321795e+00,8.288148148415410699e-01,2.412585098741972356e+00
1.800607695001814834e+00,1.141820264266895979e+00,3.642048601807130748e+00
3.400967399553917470e-01,2.141767894546044160e-01,7.024735189689474968e-01
6.601068095160593785e-01,4.072936105038350574e-01,1.689250762612090062e+00
6.326346587605637950e-01,3.717472278971477584e-01,1.232308507196737679e+00
-1.304592585776670477e+00,-9.421173507677098602e-01,-2.350483567764858783e+00
9.073093201127861995e-01,8.109114655825168105e-01,2.202955432704536420e+00
1.164420543410388920e+00,7.720877991595130885e-01,2.443332788399773303e+00
-4.087246295996176393e-01,-2.351663093371005597e-01,-8.344005101400077118e-01
-1.726554871244990741e+00,-8.725945816454063753e-01,-3.520725332621390535e+00
-1.264196565320530707e+00,-8.813436116753587957e-01,-2.472868254030016200e+00
-5.586869873823643307e-01,-3.255504276916216244e-01,-1.178530715273927942e+00
-1.013470571787388641e+00,-8.026974931889853115e-01,-2.234035817942522151e+00
-6.422592851136192937e-01,-4.130076895361107781e-01,-1.264483250028172634e+00
1.598099627620862107e+00,8.495658459703422372e-01,3.341690764446759498e+00
-9.425896981054717738e-01,-6.580632793454965768e-01,-2.044369555391769122e+00
7.582294064594471417e-01,4.840713264849265673e-01,1.664535577012621337e+00
1.794049001207044247e-01,-1.102057767637496487e-02,3.953948346284902882e-01
7.693653632616909155e-01,5.027245725316158431e-01,1.774686388384407731e+00
1.567476927402482234e+00,1.096019624179689567e+00,3.409593860022712253e+00
1.554838106482423266e+00,1.033193926231766202e+00,3.449056529734438659e+00
-8.942155669272471297e-01,-4.840286381253173786e-01,-1.992071440309901131e+00
-1.087239217688336756e+00,-7.810126516419499954e-01,-2.169649334194314605e+00
-1.168716190121791509e+00,-6.296482120851044639e-01,-2.138057373957896079e+00
3.743951843362613441e-01,3.718692408446023223e-01,9.894798497177901275e-01
1.061365192669137647e+00,7.070057157515522439e-01,2.330985543368637725e+00
-1.409198242888288988e+00,-8.267943115693144884e-01,-3.331732174376916156e+00
8.933439226775408137e-01,7.935791869400503629e-01,2.073890062874848450e+00
7.142403614345901874e-02,-5.037932516945212158e-02,1.204796326764893816e-01
-8.303665964057884707e-01,-7.355914937694540967e-01,-2.026333334735671787e+00
-1.497813257467515369e+00,-9.811858254474330465e-01,-3.202619179936983862e+00
1.755394982983849550e+00,1.186913337729223805e+00,3.652749872088330019e+00
-5.868511292952947184e-02,-2.249146355893950552e-02,-9.053942857530949961e-02
-9.482584675774422545e-01,-4.948711124642651282e-01,-2.037228344682237235e+00
1.160986007585526725e+00,6.788336682139827216e-01,2.405600980722689464e+00
9.036747406402030336e-01,5.424542760814868858e-01,1.921386606879441405e+00
1.455526636570918297e+00,6.692295676655549697e-01,2.739609606111704121e+00
-1.581273386655314694e-01,9.379052934377551595e-04,-5.600214122633876412e-01
1.243770428516772775e+00,8.355325637420553120e-01,2.628286559236876929e+00
1.473727085626164834e+00,1.023612580299586794e+00,3.232667671730140135e+00
-1.403058953164458611e+00,-1.047671866519135353e+00,-3.277324625988548235e+00
8.491180113925581585e-01,3.952995541852198924e-01,1.815695793201957509e+00
-1.537083091529039880e+00,-9.504706337950696859e-01,-3.029597908277709362e+00
-1.361260300083080965e+00,-8.511329985946523013e-01,-2.821241881385601058e+00
6.096028077606693296e-01,5.787526856448338419e-01,1.355430324201672310e+00
7.549047188469050207e-01,4.946853271774745431e-01,1.801548725379905180e+00
-1.863708645418352960e-01,-5.530938969830405394e-02,-1.561621396554368213e-01
-6.192059773695058889e-01,-4.248740902872521485e-01,-1.398024076509936098e+00
-3.036524136667893559e-01,-2.163984880877452832e-01,-8.135786817754778744e-01
-6.763758226335330193e-01,-4.815729957579434339e-01,-1.514782462933374152e+00
-1.705675757216608357e+00,-1.143155012674665461e+00,-3.226691053876614479e+00
4.825260067164076627e-01,2.412126506302393059e-01,6.800651446073225914e-01
-1.062572972510304581e+00,-6.694241491627762608e-01,-2.339635544583237081e+00
-4.644796810924556318e-01,-4.319036931238134924e-01,-1.324990469861304199e+00
-1.423555856435108291e+00,-8.893025635138586127e-01,-2.889190609585428504e+00
-4.299865803398965070e-01,-2.591640129768033596e-01,-1.116342982467706690e+00
-9.749681135564958190e-01,-4.839619819337587781e-01,-1.931206177443656413e+00
-4.458388790449378525e-01,-3.837343647158576454e-01,-9.487438682626713193e-01
-6.657245472855954915e-01,-3.821485527002018157e-01,-1.245718573370150128e+00
7.111265171166252230e-01,4.706951718481154900e-01,1.308297351878146664e+00
-1.317506720931088449e+00,-7.572607898532131010e-01,-2.353945710062258723e+00
-3.564861756453267527e-01,-2.098125155394715280e-01,-8.638213989710028518e-01
-2.133152524467603062e-01,-7.369439965376297329e-03,-2.398154194527878647e-01
1.380502936624824040e+00,9.673879480146203580e-01,3.174698533322102723e+00
1.428273396754163871e+00,8.497256601790618147e-01,3.221956682060397537e+00
-6.770223154287552392e-01,-4.868494119137618537e-01,-1.564667004515864157e+00
-1.084056493745047645e+00,-6.813873659476512579e-01,-2.244825884215944534e+00
-4.996146248585465743e-01,-3.173061481473699597e-01,-1.026465388058695805e+00
5.185407676603392968e-01,2.702283658265424160e-01,1.099223770453762850e+00
3.840333930256335515e-01,2.254590157435855391e-01,6.715695064129082459e-01
-8.918052843844966882e-01,-6.376666029373492250e-01,-1.721689293381067687e+00
-2.233528035832271774e-01,1.853474770686584089e-02,-1.377356562807555695e-01
1.096488782690008962e-01,-9.195425968944553885e-02,-1.733282448652877783e-01
1.285366295890118638e+00,9.651353855300847107e-01,2.961312771857237180e+00
-1.562774149124775747e+00,-1.068815080049140720e+00,-3.218989022019878909e+00
1.447378022924854291e+00,7.392956601086739798e-01,2.521105729923403871e+00
1.268742686705064404e+00,7.178009063384798161e-01,2.798077181274676750e+00
-7.884415292515560836e-01,-4.336289587778995314e-01,-1.397934371260703301e+00
-2.160476023998409711e-01,-5.136552604539225929e-03,-2.977007141891255260e-02
-3.610069815698069284e-01,-2.399874646676708190e-01,-9.566025214812554633e-01
1.601812957315498664e+00,1.116533978059506271e+00,3.404445551897519628e+00
-1.143343617806448442e+00,-6.538208096861608531e-01,-2.256410543046498240e+00
-2.909239332559442337e-01,-2.222827241734239012e-01,-6.347847981134757678e-01
-8.385190921108685858e-02,5.932575104644991631e-02,-1.713290314183298080e-01
1.716548506632816773e-01,4.054042279171789220e-02,8.300921355886779415e-03
-1.321023407957387263e+00,-1.083780817152055986e+00,-2.926308544620946250e+00
1.109592300600389381e+00,6.364246746544135469e-01,2.116527729565891747e+00
-1.485002707554257562e+00,-9.694239198654103218e-01,-3.182174914705556468e+00
1.260529752369966783e+00,5.021466289211573564e-01,2.227902870793269763e+00
1.321774961104418500e+00,8.477063602023487965e-01,2.639834407316586251e+00
1.742242189767795324e-01,3.511795703262871049e-02,4.358481307208995625e-01
1.803774330649272617e+00,1.094154923960996229e+00,3.570705503164753214e+00
1.320260412466308653e+00,7.973010943107579074e-01,2.754641353200961706e+00
5.619113583395922706e-01,3.222265172194866412e-01,9.369552141165369274e-01
1.125506800883921299e+00,6.518463981947391073e-01,2.411152680150528749e+00
-1.212939443883919610e+00,-7.836863292758720068e-01,-2.478767998407877649e+00
4.627654101165696865e-01,2.164281164977499283e-01,1.087149972940461451e+00
1.554166136791750752e+00,1.007083264363335395e+00,3.150249633979083086e+00
1.185027672357641393e+00,6.604891493143385528e-01,2.167539522795198348e+00
-9.755054464456945906e-01,-6.059664341095433171e-01,-2.007684143689801193e+00
1.528844714035619612e+00,9.707834091038495261e-01,2.827437508158533674e+00
-4.828096999619193586e-01,-4.210953511528075510e-01,-1.166549509921115169e+00
3.211443608639241165e-01,4.332143758117065757e-01,8.743418016729729292e-01
1.212164366906384849e+00,7.487562963627036883e-01,2.351222766618589866e+00
1.267510076191106227e+00,8.406275777096113844e-01,2.610603964838834390e+00
-8.774953969657985908e-01,-7.729776831191477182e-01,-1.918628080392563495e+00
-4.171154842103899640e-01,-2.280951861169045192e-01,-8.293322978285658786e-01
-1.347503940932390343e+00,-9.605651837322893849e-01,-2.995291417663407785e+00
-1.613207975953422357e+00,-1.074418695044560446e+00,-3.322738028666210486e+00
9.318353878422626080e-01,7.510883231370004687e-01,2.359195304568777463e+00
-5.468554198807356048e-01,-2.681699227501673222e-01,-1.349324346561444399e+00
1.101385484117465285e+00,6.203684615836050353e-01,2.211909860991062349e+00
-5.979313641243979571e-01,-3.376790645062369700e-01,-1.159521900325057642e+00
-1.229496858548337235e+00,-8.126731042426852403e-01,-2.342864853042591733e+00
-1.467211131740080665e+00,-8.532914702192504475e-01,-3.084071398719430146e+00
3.961962525496531273e-01,2.015203668417167582e-01,8.491723947572927811e-01
7.436093976738926692e-01,5.924471288639818756e-01,1.593134933608480575e+00
-9.151437084872908745e-01,-4.724473502989181561e-01,-1.708286195101482718e+00
-1.553105781770031335e+00,-1.155421688406391478e+00,-3.612472124994959621e+00
-7.447316671989034909e-01,-6.187431512314031101e-01,-2.068963127167643634e+00
1.573851092681366248e+00,1.076213272468226956e+00,3.289106036361463481e+00
1.765903966989659790e-01,1.482405562215531949e-02,2.962840219840831568e-01
-1.162277304449992776e+00,-7.179797809289715227e-01,-2.169746575661616550e+00
-6.373845267343938303e-01,-5.211625857495827407e-01,-1.495544287651703774e+00
-2.041837409346010657e-01,-2.377069083033342412e-01,-6.088094116591390437e-01
7.662116708266566434e-01,4.740376597627393163e-01,1.552816949606002250e+00
1.611982788313075510e+00,9.819789282274015152e-01,3.379454580715016920e+00
3.976102113924965265e-01,3.557973026007233974e-01,1.094385406309848596e+00
1.530243269187978372e+00,9.517702663352600734e-01,3.178978564734665557e+00
-4.835530728948021495e-01,-3.948083456078727571e-01,-1.287423411545707941e+00
-1.554334762468037034e+00,-1.199126300715710469e+00,-3.523988303836997904e+00
6.726255219523351592e-01,4.912923889726643623e-01,1.412948976240760546e+00
8.098133994024980797e-01,7.034781916848996675e-01,1.969198383160876586e+00
-5.890031797038736139e-01,-4.135497651115113693e-01,-1.335998330096601405e+00
-1.002381858317185070e+00,-6.859413215528722407e-01,-1.929563676494230107e+00
1.412740175195725367e+00,8.117621816038348426e-01,2.957306584398943450e+00
-1.671578384267343509e+00,-1.098662570842030117e+00,-3.515581498459199317e+00
1.022059053323810529e+00,5.446899203613284612e-01,1.699447412170859595e+00
1.339411351231907021e+00,8.620925813290004625e-01,2.948454190900846594e+00
1.808496856613672488e-01,8.731997172366094684e-02,7.757134803465072503e-02
-1.240435989717646681e+00,-8.919992228601894002e-01,-2.617323433306325775e+00
-1.365836463115636779e+00,-8.748081920572871040e-01,-2.785970059565454626e+00
1.424247309098581660e+00,9.611733620929989730e-01,3.339211334791237551e+00
1.647976229212188420e-02,-1.297181780999973055e-01,-5.041194226696924519e-01
-1.435449528169247813e-01,-8.537359014644542443e-02,-4.961739557924623734e-01
-1.442982631522025549e+00,-1.015470217580091594e+00,-2.996612201536163589e+00
8.752947530851823421e-01,4.470769067899258986e-01,1.474858417376155639e+00
5.936817333024279053e-01,3.612046042619105890e-01,1.081699515574857440e+00
1.003008371906977669e-01,-9.096799734307925434e-02,5.207654241286281682e-03
