-2.501606963972587749e+00,9.914122565054961811e+00,3.647722947091913248e+00
7.293258349480631786e+00,6.363729453413325743e+00,4.622251625778837969e+00
-5.821309111724914054e+00,7.508085593980732497e+00,4.503224977972599241e+00
1.008772805784110993e+01,-3.431968496943277103e+00,-5.183961599596985659e-01
5.368119120724311522e+00,1.189773894961048351e+00,3.384854477634292369e+00
-9.347244624206477170e-02,9.810897255709146947e+00,3.529636078998070303e+00
-8.498051204038757689e+00,-3.195112637736123418e+00,-2.182544394322547987e+00
9.803449157628394417e+00,2.357049272382617744e+00,4.792565334832810997e+00
-9.146378855162819121e+00,-4.005608210927085189e+00,-3.673249340467441115e+00
5.705117247164618988e+00,-3.130182708069316533e+00,9.858060225839342383e-01
-8.003898549688743813e+00,3.660171745010481370e+00,2.312040838865499826e+00
5.764804772935569588e+00,-8.011726263967065831e-02,3.460110674673900544e+00
8.402261932984826487e+00,-6.964215721165222917e+00,-1.868375186304005231e+00
1.619782433660458265e+00,7.427809637392853936e+00,2.498629886329145844e+00
6.450849143659765694e+00,-5.292326741354296260e+00,-3.930638039511952897e+00
3.796669879102855027e+00,6.175497966309347220e+00,7.558230594862833662e+00
-6.997467485405592491e+00,-6.590036794882872861e+00,-4.064754315822160180e+00
7.546691755574649108e+00,-8.156834120445491720e+00,-1.638505944528277913e+00
-1.900073742591853687e+00,-6.977990777938289924e+00,-2.497649506030559241e+00
7.682322526854084010e+00,-7.817476520244587057e+00,7.197281892833906625e-02
7.360776780065491742e+00,-7.973684540888240413e+00,-6.658407547586636666e-01
8.738973098887436564e+00,-6.754693189850966561e+00,-2.970645317166096810e-01
-5.654301197253463585e+00,3.906155014403033476e+00,-1.356641960775936573e+00
9.591096143940895047e+00,-1.409389273015271060e+00,-1.853909122511635255e-01
6.657971670509653883e+00,-2.246767058100436754e-01,8.730806052895445646e-01
9.620766019864992913e+00,-5.369754505907422093e+00,1.427986762140758037e+00
-3.046234085866282637e+00,-4.750766472643790372e+00,-3.344160361694749284e+00
-9.369513649773566044e+00,-3.455456913114080209e+00,-3.275618808657121850e+00
5.991041097007363980e+00,2.971901934972275505e+00,2.104566581844271589e+00
7.978617123619279994e+00,1.222700471425179680e+00,6.220753246076390575e+00
-5.080214664302207694e+00,-7.925486091803395361e+00,-4.169429304508628142e+00
6.284735623398189475e+00,1.741753700078034095e+00,1.923274838547577748e+00
-2.216232929063790547e+00,-6.927561098963793462e+00,-2.531124205294161378e+00
8.500216898416848466e+00,4.676968835048362472e+00,6.088797237165325171e+00
-9.697304859052689352e+00,-2.437396680155939244e+00,-5.142269721412451311e+00
3.305300151211580051e+00,-5.052453901366798839e+00,-3.803917410177303449e+00
-1.188719053876700960e+00,-7.931795306544817237e+00,-7.238424501527429555e+00
6.288984422823515885e+00,3.292975523745655941e+00,2.205994652912982801e+00
-2.794314200273448900e+00,7.605383938204243854e+00,8.403847786460817426e-01
5.597120548301428578e+00,-3.729868869552737998e+00,-2.078554436902131819e+00
5.570980466810514287e+00,9.062120328805678415e-01,2.581546996452694476e+00
3.328249340201792528e+00,-5.426500704453000701e+00,-4.671860039065308889e+00
-1.035459528633458959e+01,-1.028359559262373990e+00,-2.326341393854221007e+00
-5.775172681752799519e+00,2.671217136953557336e+00,-1.081579538683427932e+00
-6.954974189516025085e+00,6.775111729196535926e+00,-1.480832021204568916e+00
6.278710100935684935e+00,4.154533776139412993e+00,2.309808847654789332e+00
-2.621686321424455901e+00,-7.529382026928097993e+00,-2.691067327346488458e+00
-1.531537585118151412e+00,5.860991726150317938e+00,2.149727632433445113e+00
-4.768856082112588268e+00,-4.078596922673052738e+00,-7.226096543225192903e+00
-4.609700785098712394e+00,6.654294512326217159e+00,-4.065812395784940136e-01
-5.287300500995879560e+00,-1.743185552498930813e+00,-5.668894432096394986e+00
8.524787941958209103e+00,-1.163775643496227363e-01,5.618336358072401282e+00
-1.580574751584674420e+00,-7.223112783910391244e+00,-2.448526621451428742e+00
2.330612258928076219e+00,5.754122313818189838e+00,7.255932402019102057e+00
-9.783850834141230024e+00,5.401620028530532025e+00,2.409932473105493023e-02
7.032692613239642121e+00,-6.531079119427187329e+00,1.585870566060619158e+00
-2.247258430132205831e+00,-4.180113379359353232e+00,-4.749072339625140415e+00
-5.898190323966256976e+00,2.448577244423258303e+00,-1.677224208755691282e-01
-2.340298880443882457e+00,1.011264898952411784e+01,3.875131944012493612e+00
-5.555765337967259576e+00,-1.691894158783616708e+00,-2.679599199158128275e+00
-8.879474415370340878e+00,-2.668043657408365910e+00,-1.955072165139416063e+00
8.616826679359975705e-01,-7.288861246503342883e+00,-1.712173665064892880e+00
-3.722368320237927630e+00,4.937902608596428600e+00,3.946464222325965387e+00
5.974615034603302455e+00,-2.986887978488001583e+00,-1.125572061309172645e+00
5.369858763910731803e+00,-3.607189300219284522e+00,-1.038000071039321126e+00
-4.993062194748088878e+00,-1.682614203008230724e+00,-4.385861615556720494e+00
4.754792046418888418e+00,-5.394792351303012268e+00,5.140286444046812120e-01
-6.002145946535226706e+00,1.134625984296906642e+00,-1.823641159462147998e+00
4.253842083081210923e+00,-4.858859300181073593e+00,-4.392394096559940064e-01
-6.139464809642416476e+00,6.685712396161640036e+00,-1.185329041234528535e+00
-9.932806019152115695e+00,8.848045003602927894e-02,-4.864445934177136444e+00
2.820092098914777967e+00,4.007600535070799275e+00,6.141735660522139817e+00
-6.819430164476239398e+00,1.435033929207017334e+00,-4.555944401732602955e+00
-6.581199628138291402e+00,8.528571022452043238e+00,9.069683766764964350e-01
-2.146531742501661011e+00,5.378581320743407446e+00,2.467095154311767402e+00
-8.355920688341825220e-02,-5.043336979283168375e+00,-4.276341341751656699e+00
-1.087484498391077459e+01,6.154219034058136528e-02,-2.748936611120582629e+00
-1.042198797458941950e+00,9.375852469329085892e+00,2.308781400050958776e+00
-1.015337309119119524e+01,-7.599339639699739246e-01,-1.815437645024636559e+00
1.009995668273187874e+01,1.840085627567668691e+00,2.727876340062284743e+00
-7.116993363578226095e+00,-6.516613494151142660e+00,-4.799491328981368099e+00
7.542883531349890980e+00,-7.670298185363199295e+00,-2.698709588327282916e+00
-4.293268544959921051e+00,-3.818554440104747538e+00,-6.963176326426069984e+00
5.321379042436313433e+00,-3.849072585975112926e+00,4.515029322199909934e-01
1.712893134211026069e+00,-8.511503949301621574e+00,-6.464663491550065366e+00
4.970506291891902073e+00,-8.159339641440334745e+00,-4.693754096547254062e-01
-9.126499224799566434e+00,-4.196446396468633822e+00,-4.496808795791304547e+00
-5.028256116186951452e+00,-5.739707178650921726e+00,-2.714217504315407314e+00
1.660832425012263025e+00,4.808606882409115713e+00,6.085262768390258259e+00
-6.380102777234438749e-01,9.453202623961724171e+00,6.044252208072987465e+00
-2.687516914381392841e+00,5.975365844248462288e+00,5.569952018245833969e+00
-7.154129728705324709e+00,-2.401624522820402508e+00,-6.874702114505157446e+00
-1.665290815001890579e+00,6.610192104127632362e+00,6.334959557015245935e+00
-5.995707055991776002e+00,1.755963247550934136e+00,-2.263849586985353657e+00
-1.007043985974591882e+00,5.299701042745794233e+00,4.212869648866109706e+00
4.094578940736032235e-01,5.483802021909881752e+00,6.405739827613135873e+00
7.634541909063670140e+00,-1.518849876448469693e+00,4.953344296477614428e+00
-3.658114565749873925e+00,5.290320277967922813e+00,4.322725097367388081e+00
-9.674275479519465648e+00,-2.842002560602810313e+00,-4.712307710204444611e+00
-8.775963037443037962e+00,4.420115886388987114e+00,-3.007372614028855029e+00
2.377171339616861001e+00,-7.007398595886447978e+00,-1.135076072475303954e+00
-8.845377609013025832e+00,2.579919902285571442e+00,-4.385870031593715801e+00
2.142192514149482196e+00,-5.803649986565639907e+00,-5.670597106307447177e+00
-3.610890976769034033e+00,7.118136569754866194e+00,5.734123322228700026e+00
-8.256321764594236612e+00,-2.285017304525882587e+00,-6.407736410679076400e+00
6.025701062182637457e+00,-8.878922695713765023e+00,-2.857512820785699681e+00
-2.633009577654257694e+00,-3.971272815662959754e+00,-5.919089341341264188e+00
-2.994694136514525429e+00,9.676379874992191432e+00,2.637113790028886573e+00
5.518934195083378569e+00,2.104058504659144457e+00,2.706938623192845839e+00
-5.224843540994769775e+00,-5.294959589871877093e+00,-2.641270372117298759e+00
8.115426436682385614e+00,2.133093430723247419e+00,1.443254528718685981e+00
6.156670481333961220e+00,-3.234953864726216821e+00,-1.617605691554905523e+00
-6.296876184323758174e+00,2.992230806918399377e+00,1.436231860755553758e+00
-3.251246832879022275e+00,-5.300104565754261365e+00,-2.940682567069011100e+00
-3.035367820322635968e+00,-7.681812226368744945e+00,-2.958178392487157193e+00
4.749930937129939856e+00,1.752983353348040119e+00,5.083527847510421083e+00
6.011417411585819437e+00,-2.665606510479648694e+00,-4.321702499431873123e-01
-8.719849826615661215e+00,4.414337319709322749e-01,-5.432628437526154208e+00
9.503403925470310654e+00,-3.918131504409235077e+00,-1.242941539630401326e+00
2.422849687416254394e+00,7.297565000450432215e+00,2.743343014604603614e+00
8.084596102433437181e+00,2.854024405716519830e+00,6.487832948269853794e+00
-9.950428561671579075e+00,4.909576367766079308e+00,-2.331961869262563769e-01
3.269498729293837336e+00,5.962927273923682492e+00,7.545227572811874950e+00
-2.935075351543410704e+00,8.129968884255649897e+00,8.996258937760772678e-01
1.178789685369562967e+00,5.182309674005970201e+00,6.541722701064433210e+00
-4.892923954726323132e-01,-6.805465404001132868e+00,-7.226973695430261024e+00
-7.463898159306684654e+00,2.314019400793102754e+00,1.399818569315726124e+00
5.854653594098510716e+00,-5.742207002721808173e+00,-4.338211690626438077e+00
-6.297423667922745771e+00,-7.171832854346521735e+00,-4.471580367786765819e+00
1.012051216625176941e+00,6.347051191595538100e+00,2.627967156058199638e+00
-9.365957988734222583e-01,8.555978314686106145e+00,2.009495428761115310e+00
5.630824407402996279e+00,3.012526782936123304e+00,6.880357532864350922e+00
-9.188076564902717180e+00,5.334068540867639818e+00,1.585972990647069647e+00
5.796791616263838876e+00,-6.354914123475841947e+00,-4.466221769344083548e+00
4.272837933809112698e+00,6.847799507046266498e+00,2.945262966417169004e+00
-5.144082797774651716e+00,8.886454449190116733e+00,1.236899285529147408e+00
-1.758165029984302685e-01,-8.675481799209231681e+00,-6.736587762843908145e+00
-1.758067996775343644e+00,-6.331844723749332715e+00,-2.678073234169729311e+00
3.741609345545553023e+00,-5.557206565597830661e+00,-4.766473903532673972e+00
-6.361523431726429756e+00,2.770848245113934905e+00,-3.059376332571483559e+00
-4.193703808172001501e+00,-5.552375900964456434e+00,-2.739983269452224590e+00
-6.979613238931007269e-01,-8.214611609567503692e+00,-2.551037705521555843e+00
5.647293299747374817e+00,-8.628301529719033525e+00,-9.386870717688707844e-01
1.806216637686514637e-01,-6.111441924356379118e+00,-2.557391124356846568e+00
1.045623214239239829e+01,-1.287709030830593182e+00,3.912784705560180765e+00
5.656203680989918325e+00,-3.175079954496809798e+00,-1.066181288401324645e+00
6.315323181599154623e+00,-8.505191968889683096e+00,-3.751826858211213978e+00
-2.520660414815857564e+00,5.941493237350472967e+00,5.605405823017968636e+00
5.950222662972796783e+00,6.558582015563430012e-01,2.253610802475087826e+00
-1.080551010847376503e+01,2.308497990432559988e+00,-1.755533328636662338e+00
3.728593300442520242e+00,8.792457414846666097e+00,5.556914241175968883e+00
-6.285548085859702816e+00,2.068419379871442754e+00,-3.424870978352763995e+00
-4.491455324983602004e+00,6.650556723159739114e+00,-4.075389236390867809e-01
4.016346757626138242e+00,2.867079874172181686e+00,5.760342534623056565e+00
9.307548041829537766e+00,-3.164955587097255219e+00,-1.152169558819734041e+00
1.886552959833574628e+00,5.469844377339742714e+00,7.128744352930087125e+00
6.096755067104016490e+00,5.743696113380471147e+00,7.199964741615341168e+00
-2.941870426859032772e+00,5.899451673983720390e+00,1.086539832740053058e+00
4.477954205116399855e+00,-5.166460915353925820e+00,-4.098013853622997971e+00
-1.111879416538776866e+00,9.026036137424272354e+00,6.262188927156734586e+00
-3.454544925119210408e+00,4.934276879057374998e+00,3.730517001088990980e+00
9.559295678878182656e+00,-5.511162518321475190e+00,-9.582623324563788181e-01
7.620810758960002040e+00,-7.126243040174300880e+00,7.829903034399882111e-01
3.246087702500279892e+00,9.021748511082918753e+00,5.475846440846152241e+00
-8.537469316662653185e+00,-1.435139055112650830e-01,-5.837988371639026397e+00
8.457134228433057288e+00,-1.601510574328287584e+00,-6.165471704050600188e-01
7.156301813877933071e+00,-4.454535596956144872e+00,-2.930068566142193021e+00
4.517080339543168677e+00,6.882647776779846183e+00,7.252350596701888641e+00
9.462078989805622342e+00,1.376513149373310485e+00,1.411399884935021998e+00
-9.824426282096167640e+00,2.878608476215601453e+00,-3.453724326517936927e+00
7.276766101555266708e+00,-6.123421900003836349e+00,-3.575197553266279193e+00
-4.297640837896541832e+00,4.789502339049673374e+00,3.193218035994014325e+00
-7.823055824893776489e+00,4.068792643870515313e+00,-3.392119233677453494e+00
-1.777729158337284066e+00,-8.070621875641856846e+00,-2.624674617796090903e+00
-2.574802470860546144e+00,-9.076272629196184383e+00,-3.932913612773594636e+00
1.125235052176881911e+00,6.363931430560902491e+00,2.521565846190259474e+00
-1.024472482107709403e+01,4.356598102418082874e+00,-7.411967612785810289e-01
9.898404259475114486e+00,-4.473646574847901292e+00,1.634654907933542844e+00
-5.789396911201541762e+00,-7.484606044922589518e+00,-4.916953625683731843e+00
9.378336072265861745e+00,2.759157889174876921e+00,5.358669435131109715e+00
4.925274011723952405e+00,-6.500272393334861398e+00,7.638486272720692583e-01
2.763751535522988689e+00,-5.142345117811974120e+00,-4.074149209897632851e+00
-8.405322745120063388e+00,6.891099421886848653e+00,1.882796647248460520e+00
6.981278436218738115e+00,-1.904326262984781915e+00,-6.556615914934468270e-01
4.509457723753461655e-01,-8.565385750752321670e+00,-6.659353591565828623e+00
-5.784748774276855521e+00,3.162832906685741019e+00,-1.805526071157046664e+00
6.452049064848296211e+00,-4.020926933877035925e-01,9.133694108626214669e-01
1.005536043784420186e-01,5.629147516718008504e+00,2.949391079112049674e+00
-8.968493246989676093e-01,-7.276358716619100164e+00,-2.394484760233601239e+00
3.442028442135490085e+00,4.904311600264721349e+00,3.025973077918862941e+00
-1.243253597364232466e+00,9.724512669836187229e+00,5.682794024128879684e+00
-1.606358602804945024e+00,7.552591685738921257e+00,1.390233394657624855e+00
-1.877254310026031492e+00,-4.741899238113500559e+00,-6.223079827396497343e+00
-9.174405378329899108e+00,-5.987551464735736684e-02,-5.812507491425396022e-01
1.566798839498633855e+00,-6.792095733675863833e+00,-6.604314527388823741e+00
-7.924811193089685846e-01,5.177300029449827257e+00,4.215554771050375571e+00
-8.556730937726714004e+00,-4.853155885160296279e+00,-3.869537722244993816e+00
-5.359412462640234409e+00,-4.743700903624901599e+00,-7.253623981805953136e+00
-8.337048248521467642e+00,7.140548487162434732e+00,4.146310804878440837e-01
-2.300647919384464224e+00,-9.278012165753494855e+00,-4.083819834821007078e+00
-2.081008229389057718e+00,7.821805341509217691e+00,1.242959616944062651e+00
-2.050372526782327842e+00,1.000900375219372762e+01,3.443003933532982952e+00
-6.939906823713959838e+00,3.674702066850696891e+00,2.492309268111853271e+00
1.235639856683874022e-01,-9.336924117939123136e+00,-2.880567981224771312e+00
-4.608874614460167329e+00,-2.673898097769165094e+00,-5.924634117180182180e+00
1.348277229617191431e+00,-5.260450362572392180e+00,-3.971061560365664267e+00
2.630876558258130160e+00,-9.274214130432760328e+00,-5.452559531921781222e+00
4.367722182448577684e+00,-5.738645175165015822e+00,-4.910487838511585323e+00
-8.768934628638058726e+00,3.641226003885221996e+00,-3.648738121706238680e+00
2.068550653276024942e+00,8.066316799157268846e+00,2.745492228120563816e+00
3.635887504942213688e+00,-6.702120229279270092e+00,-2.442106778538210288e-01
-4.668545321154975447e+00,8.175180938394301933e+00,5.061920061281824701e+00
5.578063199984384823e+00,-9.098896296446765675e+00,-2.288086087704520377e+00
-5.251737615730709408e+00,4.843017243599181398e+00,3.649093829237214148e+00
5.552514707352389500e+00,8.357402305947361221e-01,3.742022849534927254e+00
7.085173564726013673e+00,3.882237246693143629e+00,7.049493585381354066e+00
4.521892177994527584e-01,8.482960000079451390e+00,6.874874412017852876e+00
5.343638832820504447e+00,-4.086574486414439988e+00,-2.632740750941077401e+00
4.636818145348141407e+00,4.965841219868262435e+00,2.622659448033070717e+00
-1.217938652197320559e+00,9.943873886047583710e+00,4.806261640480131270e+00
-5.971280256367288430e+00,2.320946427893494590e+00,-5.760125761862048277e-01
9.703601740549331112e+00,-2.696140374942799678e+00,3.803975870414527005e+00
-1.849102618145784804e+00,5.171354446757522538e+00,3.195208668321408041e+00
-7.455681601556120697e+00,-2.871644217432309354e+00,-6.691936130547047945e+00
-4.877767323964262935e+00,-4.117244874953406075e+00,-2.655907725064993397e+00
9.031168720935074390e-01,5.259895901293624831e+00,6.180222409233594227e+00
-8.379771103175510660e+00,4.483518125622284245e+00,2.440014048110695111e+00
5.163549097269656940e+00,-5.152075834432875645e+00,1.141133733527812444e+00
7.808456307792776663e+00,-3.033910274575806643e+00,-1.818444918414678702e+00
6.182510238477798570e-01,-5.301114598685638946e+00,-3.534374770180746861e+00
1.814379434373303512e+00,4.414776181240632980e+00,5.886648936312374403e+00
3.402615231811318974e+00,8.065082247067005383e+00,3.323548734865712451e+00
-2.043223198834793308e+00,9.735279672417346930e+00,4.990347745754543318e+00
3.385072444559455995e+00,-4.829475553972838675e+00,-2.943831965951787755e+00
-9.470546963912946925e-01,8.783568088692852882e+00,2.096435673393058252e+00
6.266141565000114433e+00,1.630809961618185699e+00,1.971148221962416569e+00
-8.329586166087393551e+00,6.619134984381268794e+00,2.377314211743560168e+00
-3.868810955368264359e+00,9.313293916849916698e+00,4.956093916474078931e+00
-7.385273687974551748e+00,-1.878338880287791612e+00,-1.331774232502360711e+00
-3.342549982213297022e-01,-8.196856597434242886e+00,-7.081157757692515098e+00
8.644459456075402670e+00,4.779212811523681381e+00,4.843935378654686374e+00
-6.461637315008888827e+00,4.015627470196830195e+00,2.708848264404207118e+00
7.893601831409575276e+00,-7.620766092510167233e+00,-1.923322282598705968e+00
-5.874744319120911662e+00,-3.882353862654629673e+00,-7.213741889636072990e+00
-5.197314125599898027e+00,-1.847936201280388602e+00,-3.200637675638335899e+00
5.675729094388195506e+00,-3.456937950212523702e+00,-1.102795077757721343e+00
-2.520569747695560636e+00,-8.095093130179170871e+00,-2.977813293608218004e+00
7.318631440508414521e+00,-1.437973936667743979e+00,-5.229694133282231094e-01
4.820039167395539614e+00,6.057223633778557215e+00,7.427008288683183856e+00
5.397285193213986254e+00,-3.321115794224549944e+00,-6.081204920081931808e-01
-7.873063314185104744e+00,9.374159628594211924e-01,1.266138040344095828e-01
-8.744491121944365730e+00,8.423261632545391286e-01,2.112026507099829531e-01
-4.586228688620628269e+00,-4.240413021099870505e+00,-2.591327975594593713e+00
-7.506563068503714353e-01,-9.381235108771321052e+00,-3.145092092118420890e+00
-9.415654728951308172e+00,-1.812861389611090113e+00,-1.633404515586440731e+00
-3.468102673641354272e+00,6.801242917053996528e+00,4.532032099490230226e-01
-9.653192333036237471e+00,8.587372200653867887e-03,-5.180247489685580575e+00
-9.588211217070329084e+00,1.449454934918794624e+00,1.023899766225357388e-01
7.588276427223658693e+00,-7.260342588075187287e+00,8.279972244361115674e-01
3.941785922755969285e+00,-8.907008651492226647e+00,-1.017702758246702421e+00
9.818349000302422525e+00,2.969875890254017214e+00,3.533064348219355999e+00
-4.887843527450098868e+00,-5.893978021761843600e+00,-7.411229121416045729e+00
-6.626440773938608864e+00,-4.608261795855414178e+00,-7.186461047422743498e+00
-4.195519618570386911e+00,8.297253654827692060e+00,4.236217499471309211e-01
-4.623333071170371511e+00,7.732233283100232946e+00,1.071251798839601005e-01
-1.078865681841029556e+01,-1.848164685159550680e-01,-2.650047549507053013e+00
-7.514247557819135004e+00,-6.330673289279177496e+00,-4.978270097342040401e+00
-8.798473196706115829e-01,-5.723042605893708945e+00,-2.897334245302184197e+00
5.356740957656712432e+00,-5.459603602396235544e+00,-4.506926158761282331e+00
-1.028118629543721685e+00,6.720451780653206697e+00,1.965738597739677962e+00
-9.930529599112478678e+00,4.840628541037800048e+00,-1.102700407849486641e+00
6.709955934193367000e+00,3.514596657431929394e+00,1.985808123263907543e+00
-8.512535636350136770e+00,-5.109496692068804968e+00,-4.274319500884092626e+00
-5.744391018111917546e+00,3.248920626211069251e+00,-1.950366390118536408e+00
9.338991671432138375e+00,2.694540764202645544e+00,5.755535474992442779e+00
-7.825627382368566032e+00,-2.975029927934702112e+00,-1.939766244520265470e+00
1.059558524221290376e+00,6.721889442732295272e+00,7.427854639654134061e+00
8.518709623646824269e+00,4.969357415860319982e+00,5.047769816164308310e+00
-9.662724022479428854e+00,-2.000017210856945837e+00,-5.115625713889508042e+00
3.914199963124016968e+00,-5.080496806995245862e+00,-9.484302129527127923e-01
7.423374767535589669e+00,7.008257812186602376e-02,5.802382763006718180e-01
-8.541935949362999381e+00,3.867876373904140408e+00,-3.645339506599954760e+00
1.015042416922648449e+01,1.905769918086145376e+00,3.016745248884978192e+00
-1.302851894018847156e+00,8.634314724574423394e+00,6.564432717546426765e+00
-6.077693548548908531e+00,5.585517370400588932e-01,-4.196970949422735409e+00
9.619675667918524908e+00,2.543434237352412808e+00,2.597040261406995398e+00
-6.132525587619922725e+00,3.174760301786812899e+00,-2.771965488441001657e+00
4.590896009218903728e+00,-4.537666218247685457e+00,-2.389372442395275020e-01
1.291150997764796138e+00,8.802105961825001046e+00,2.949818471902669437e+00
-6.171301014061148393e+00,-2.100511444758598856e+00,-6.586961134671037499e+00
-1.016697827056190739e+01,3.861000557744518780e+00,-2.220731889076104970e+00
8.647115264056962403e+00,4.341956763178846934e+00,5.564004806365301370e+00
-5.215624152620011778e+00,-1.404563813029340302e+00,-4.630532983034306049e+00
1.468740824062584327e+00,-5.451382437049587359e+00,-5.083205993318796523e+00
6.012565232905521917e+00,-2.015588043662658535e+00,2.094583933314088320e+00
-6.373421256229940823e+00,1.271324556066776079e+00,-4.136058923634385209e+00
9.698859115685214860e+00,-3.670784016820360485e+00,3.001342101553258868e+00
7.382338035001803966e+00,-5.275831313819646651e-01,9.532001586506444468e-02
-7.143905148789134074e+00,-1.466112515151934748e+00,-6.501171602712585873e+00
6.561128039417712721e+00,6.696750693489845752e+00,3.721597392132971915e+00
-5.317920660952034417e+00,-1.385304870760952767e+00,-3.270870212540086364e+00
-5.689855082025653488e+00,3.744733786144136989e+00,1.990329502602560474e+00
-1.765784266078643361e+00,8.047526960112545424e+00,1.444709951284562921e+00
3.828435964627909360e+00,7.669406482273640080e+00,6.864556979285314497e+00
-6.519661758310415500e-01,7.541197126324871824e+00,1.887561883780490835e+00
-1.035430769572482923e+01,-1.260596602673031530e+00,-2.598718897598648159e+00
1.072645168614542577e+01,-1.328900319082799930e+00,1.879644060687070795e+00
7.233864877675827643e+00,-1.492015152400312461e+00,4.769617222176931293e+00
-1.044460577193217787e+01,-1.266667764143117880e+00,-3.212578890569940615e+00
6.564614866744324928e+00,-2.273211524260277283e+00,-4.872173260627167823e-01
5.655778112215353204e+00,-2.918372455508797092e+00,2.034519977110691991e-01
2.471093763601912130e+00,9.176105190668771172e+00,5.789969302127299322e+00
-3.590609113283255160e-01,6.556537755533512701e+00,6.731200984279362309e+00
-4.528277866273221264e+00,8.876085927205449977e+00,1.194753227225877845e+00
1.639733569955548642e+00,7.248523665378714398e+00,7.426607232568136041e+00
-9.616671019762900841e+00,-3.443066268102568106e+00,-3.782918801403475584e+00
2.153189858819132829e-01,-5.109473231783542069e+00,-5.458296444040437123e+00
8.108383672885656424e+00,-5.825431352755273906e+00,-2.890924745528467898e+00
-5.089419375671663914e+00,7.681397871386746345e+00,5.061626484491455358e+00
4.439314729721162145e+00,4.257299577500564425e+00,2.798574525775996413e+00
-5.734333550726671724e+00,1.870364259860693712e-01,-3.581089361950271943e+00
8.165778721892097636e+00,-7.897310287065968382e-01,-1.310225861848039186e-01
-1.781062062806891833e+00,-6.200417399297671217e+00,-2.642781603133420809e+00
-4.501499467202030758e+00,-2.618274249240430063e+00,-5.600219713705479663e+00
2.427531997488345361e+00,6.283891688632942341e+00,7.533178745563682277e+00
5.465739969968085532e+00,-3.346744026817534579e+00,-5.586910835648142282e-01
4.842279907530427252e+00,5.917081009457208829e+00,2.750168595160312535e+00
-6.327986598428848808e+00,2.627898508349396867e+00,8.688828500040123304e-01
4.223586232279264330e+00,5.631071572277842385e+00,2.659750437398999079e+00
4.309862037817797642e+00,-4.675461625560998868e+00,-6.051983605191491034e-01
-2.538579575000170063e+00,-5.521842975670377740e+00,-7.309254193983742987e+00
-1.315946772404918308e+00,-9.731565863869725774e+00,-3.969799898987072861e+00
2.956785428806091076e+00,-5.340696207728917067e+00,-4.531276294212386091e+00
3.696559940594667637e+00,-4.854702816568944534e+00,-3.672898049122334641e+00
-1.732219456527486434e+00,-8.217352867656909865e+00,-7.073497156930816487e+00
-7.347484082179763787e-01,6.572394484760915923e+00,6.783251766657009796e+00
-2.666037078404298821e+00,9.906325736421301542e+00,4.079047532745211591e+00
-1.226591097484140747e+00,-8.624857443919280442e+00,-6.657887782870460569e+00
-4.628196558807293748e+00,8.604774515693641490e+00,8.279849560062275682e-01
8.253087432044118321e-01,-9.085076732248536402e+00,-2.183373303278080435e+00
5.943596091062659070e+00,4.996348071369622446e+00,7.313812647824899038e+00
5.252535760020402122e+00,6.322703759926710632e+00,7.168534503969457461e+00
-3.821772480577728448e+00,-7.847973466452931923e+00,-6.776426026957881987e+00
7.332038887001432137e+00,-1.902226487576091640e-01,5.577017760253349721e+00
-5.773473400019456747e+00,-7.670215870615147757e+00,-5.468695656463688159e+00
-8.854917384640108580e+00,-3.590986942222620826e+00,-5.940737895569967897e+00
1.046594924103220059e+01,7.032568378019595778e-01,3.769232970546652073e+00
-5.446004147855031619e+00,3.392738672122322274e+00,-2.081191907265853847e-01
-7.472209568666693613e+00,-9.840604017026591266e-02,-4.958972474957522025e-01
9.490994980689956506e+00,1.055440389598307105e+00,1.178425753102326556e+00
4.086533671816087399e+00,-8.545021619202788798e+00,-5.380459713386696485e+00
-6.498672770125012654e+00,2.011506444021272239e-02,-5.301316306958235636e+00
-5.975586411125765274e+00,3.843422237049698875e+00,2.417169015155910650e+00
3.773178121395526219e+00,4.304816676690153443e+00,2.981930591902400618e+00
-6.221148857055351478e+00,5.874274203139856709e+00,-1.478522854017553456e+00
-4.324592074410240627e+00,-8.362342084031714862e+00,-5.944475523615863288e+00
-1.869774824475693098e+00,-4.419434117001593165e+00,-4.466709375736431120e+00
9.822025459911369438e+00,1.955910618942621859e+00,2.225712781700385445e+00
-3.947058913621260601e+00,-4.847619009882969010e+00,-2.856848680508875304e+00
9.989124355242569919e+00,-4.307094445978197683e+00,-5.775380688366723581e-01
1.811526061874309645e+00,-8.423777795220786402e+00,-1.608614785541393477e+00
-3.692184308379727220e+00,-8.613493815244432028e+00,-5.879148800592757240e+00
-1.020706867086463454e+01,-1.221608484915501502e-01,-4.656923687857918992e+00
-3.031622032935876732e+00,5.859900762527143314e+00,5.303456771366873213e+00
-9.106585660753873768e+00,4.986063761281297246e+00,1.884078176800936921e+00
7.898367760012773964e+00,4.291607974448643503e+00,6.534853297660943916e+00
-5.481865299630468868e+00,-7.121943674644788835e+00,-6.766875942427882151e+00
-8.615251261531415850e+00,6.390955532061298960e+00,-1.072618017021990111e+00
-6.813590005725238541e+00,3.462944140049055708e+00,-3.321704226211601441e+00
2.036154358628710526e+00,-7.908845477646122113e+00,-6.397646897720579595e+00
-2.978077132326608201e+00,9.534239194784236204e+00,2.142705906874795119e+00
-1.050724756831690776e+01,6.155242944497519263e-03,-3.730687933321712002e+00
-1.495210458835984024e+00,-9.322402007762491394e+00,-5.801225215552324954e+00
3.164287450189374074e+00,3.553092522488602079e+00,4.432118154165669566e+00
2.322447075484653123e+00,4.563602224766988513e+00,6.275758543633697784e+00
3.642173020362768354e-01,9.674706692631186655e+00,5.825497417804299971e+00
6.375816153272481301e+00,-2.160865037254898480e-02,5.081205417376224887e+00
-5.797548889493327806e+00,9.028269666188577958e+00,3.451665761552431544e+00
7.006601799894448313e+00,1.194350694311675509e+00,1.353381605177832459e+00
9.186908711722340470e+00,-4.651656994437710857e+00,2.513572234063962352e+00
4.583347276981144525e+00,7.641416970284900856e+00,3.440541112356166664e+00
-4.636049476166398620e+00,4.652289364958851259e+00,-5.835036246916216335e-02
-6.634856151831646009e+00,2.313501126529658780e+00,9.328101127151815497e-01
-6.259465457410193778e+00,-2.031003443519948881e+00,-2.100931175002363815e+00
5.602751993794231389e+00,-5.255342417840536129e+00,1.600610415121770602e+00
-9.856438741994046904e-01,9.510441568576922577e+00,2.629926131522709820e+00
-1.029478514318185489e+01,4.164450784344782441e+00,-5.310025024941105176e-01
6.454378771875568077e+00,6.644795993371745979e+00,6.258886372098274364e+00
7.101692941612421706e+00,-1.472554685338007152e+00,-4.555850827633731170e-01
3.520476741454185432e-01,-5.099916226223417226e+00,-4.000418736872464187e+00
2.272176085116243804e+00,4.660382106505102762e+00,3.732362826838344194e+00
9.011312221207598228e+00,2.201835621229092599e+00,5.816798500814086559e+00
1.013495328986166300e+01,-4.864057182194986062e+00,8.692410668940079299e-01
2.654074628655605839e+00,-5.220453125299573394e+00,-3.962850460389048202e+00
-8.384765789426607441e+00,-4.792824755527840708e+00,-5.354296645827915313e+00
-4.607556344980773488e+00,4.802013875454672842e+00,1.533301423487577198e-01
7.302273318718651929e+00,5.156366117177738850e+00,2.840928470247573223e+00
-8.223842735120713954e+00,6.797211473173162766e+00,-9.625255282852190897e-01
-1.904785933543152510e+00,1.011128126612492828e+01,4.286207354117869350e+00
-7.374202460768136902e+00,-1.446784034602180968e+00,-1.154960230500823526e+00
7.399115254889979454e+00,4.515334148089765520e+00,6.869269994415987846e+00
-6.073909827690997076e+00,1.410003584463364490e+00,-1.334606685382416780e+00
4.359516220066130820e+00,-4.659622339636103838e+00,-2.509224614258015240e+00
-1.006530017006629230e+01,4.365727438600329080e+00,-2.162059515311595348e+00
7.478684524727191807e+00,-8.484103412396641897e-01,-1.177418073959214800e-01
-6.659447864272086903e+00,3.971071835466593036e+00,-2.740886078982905705e+00
-7.758602245391947427e+00,-3.293059830737656846e+00,-6.772194723193031507e+00
-9.027878260283978662e+00,3.052087489378645824e+00,1.574923759965098480e+00
7.188109968558390683e+00,-7.675590612659846101e+00,2.215219855005222116e-01
1.596213276491743160e+00,7.204451752082016824e+00,2.543270745570015201e+00
5.515631523495427568e-02,-7.151128922572195457e+00,-7.007867711629249818e+00
3.701707267315761829e+00,5.542397754923670483e+00,2.623414717883492564e+00
-6.046562692678659978e+00,5.128178771159316085e+00,-1.882974948343225430e+00
-3.918129489958132039e-01,8.416926826657830318e+00,6.841045300892591108e+00
-8.744568241675439779e+00,3.335793170552379117e+00,-3.778156180735883662e+00
-6.864236443155280476e+00,5.055197613144557067e+00,3.665978188879772226e+00
2.363842301047805183e-01,6.156375947191338405e+00,6.929503553740432586e+00
-5.432742230913992110e+00,-7.685245035552803472e+00,-5.521847556445635519e+00
-7.138092339052749757e+00,1.230399373954081499e+00,1.628948501674716831e-01
7.648421205790555177e+00,4.950086131992426530e+00,2.885601992696532392e+00
6.892393516403488185e+00,3.669934995061377325e+00,2.052344514253449770e+00
-1.042257910161697509e+01,3.416955317056671770e+00,-3.039256231635982797e-01
-4.242781583609778195e+00,6.444807700129863370e+00,-3.588214031995644038e-01
2.579396388190812406e+00,-9.284162533982904364e+00,-2.049996305237317795e+00
-9.846602941887168114e+00,-4.682849182051115888e-01,-1.019344523891412724e+00
-5.342974869461243337e+00,-7.526239143309855884e+00,-3.777737862552017489e+00
6.069686249404134593e+00,2.143160168757628714e+00,6.415846555428285747e+00
5.094148011604142212e+00,-5.089243788285056525e+00,-3.894340703458881059e+00
1.694696051975616902e+00,-9.562878283502735499e+00,-2.744051910068883160e+00
-1.847070250712734119e+00,-5.367940157497340437e+00,-3.160962634069127475e+00
1.333840998357332941e+00,-9.816245899393871710e+00,-3.418086331007281320e+00
7.976143823660636345e-01,8.122872111766211489e+00,2.535744078734374352e+00
-6.094528102971751515e+00,3.740390734211949120e+00,-2.192564811882219189e+00
6.254817927165429836e+00,7.340206974574829957e+00,5.850961411870335027e+00
5.583466000976277321e+00,2.562522161352126293e+00,2.599779114682583270e+00
-4.729537155350198141e+00,5.007582346051584032e+00,3.821118421093764983e+00
-1.414355533690224709e+00,-8.516177398455278436e+00,-2.695059774410847542e+00
-8.925371124735056227e+00,-3.374694898652639719e+00,-2.458649976428266992e+00
-3.642144196219620156e+00,-3.245503403492168815e+00,-4.150085024762677932e+00
-9.408520314287130981e-01,8.234166401063738761e+00,1.738048703616807300e+00
-4.705168118472464300e+00,-2.647534257662711887e+00,-6.160025420826069187e+00
2.645768989185556919e+00,-8.844762253628765336e+00,-1.321808688843007396e+00
-2.534480834934851767e+00,-6.679984482071081864e+00,-7.395034879725671750e+00
-5.078901798786611188e+00,-6.678695748638720175e+00,-3.121983941845063892e+00
3.335804625617120323e+00,-9.839949653560209342e+00,-4.050397616280251079e+00
-6.143911018382628875e+00,8.356754611430429192e-01,-1.486240210621672109e+00
6.456653933618590635e+00,-2.080487863379520963e+00,3.549864509614251151e+00
-6.678910162984006860e+00,2.827737759110850124e+00,1.265168175503029957e+00
-2.579748917026159827e+00,-8.373844136117003956e+00,-2.973174699592688430e+00
7.799950478329804149e+00,-7.340202555804938633e+00,3.941775212855980204e-01
-7.820884044423833892e+00,-5.840335508390955610e+00,-4.727965924213780369e+00
2.908494297529721440e+00,-6.141499126020367960e+00,-5.789025365306217807e+00
7.610160336014964777e+00,3.271289041607178483e+00,2.010005089990565263e+00
-1.114688588677096970e+00,-9.567921529830883287e+00,-5.343848489631432663e+00
7.872799721780453730e+00,-4.375517924331203901e+00,3.180073143666037883e+00
8.855235641976236804e-01,-8.804731377309725104e+00,-2.166814911931169263e+00
-5.688776663148891188e+00,6.562607232332477558e+00,-9.085720632521939732e-01
6.843105827171362066e+00,-6.151621510088085110e+00,1.827058083444703218e+00
-2.357124525197376474e+00,-6.531126357846516406e+00,-2.776439301475246868e+00
5.581091615943944539e+00,-4.989575578352576812e+00,1.406883857415846206e+00
-3.974451394556493433e+00,6.436993596247395644e+00,5.492520204233979797e+00
6.567116886920620900e+00,-8.728299155299822587e+00,-2.470574948974585183e+00
-5.108493359592680250e+00,-2.501621797636648825e+00,-2.894449987565762328e+00
4.594036108574316657e+00,-4.463326046637983602e+00,-7.483106879909144915e-01
-2.252739065728289969e+00,-5.385316752548369834e+00,-7.083640881263921329e+00
7.630357010418979513e+00,-7.833678471471164251e+00,-3.817659421567712319e-01
4.999989053329460198e+00,-6.119350916337932489e+00,7.989928812369845312e-01
5.019132066430244343e+00,8.172001134200819195e+00,4.928453592489409729e+00
7.089129233041709277e+00,-4.297665551547791729e+00,-2.966012399133693300e+00
-7.612243966019431873e+00,-5.002208418235050580e+00,-6.432255164991295793e+00
-9.133298014670799603e+00,-3.796773700767142490e+00,-5.083464512203141439e+00
-2.758990251613512967e+00,8.928685187071469187e+00,1.421259229069780305e+00
-9.940490541131612900e+00,3.658378870343382605e+00,4.451772580143374958e-01
4.042042352366835622e+00,5.110062628098643422e+00,2.667221326141072879e+00
-6.577361336626431410e+00,-6.618357141215558848e+00,-3.775993466065274529e+00
5.352246172545175540e+00,2.456562649175763280e+00,6.430539148025173013e+00
-3.546902875486972917e+00,-5.827025328034592278e+00,-2.756399975006580849e+00
9.301471002774407637e+00,-6.176210226446706919e+00,-8.090942248128252245e-01
-4.703858756915780148e+00,-8.230191884614649567e+00,-4.074151151985844876e+00
4.590829589172972902e+00,-8.925919781692536858e+00,-4.551330282707728436e+00
5.783125351268185277e+00,3.647713491600216518e+00,7.117787810425525663e+00
-2.201767816810340506e+00,-7.302246710389953321e+00,-2.609321630515212487e+00
-8.201882917486944535e+00,5.316526478282210810e+00,2.806590356811778708e+00
3.575010695540115968e+00,4.564274921944707408e+00,2.904337771085108599e+00
4.190791681106612820e+00,5.181073140199171867e+00,7.321781409607027946e+00
-1.051049168069411976e+01,2.715195275358565308e+00,-6.115520863631880299e-01
7.214868700154490888e-01,5.358114580475769273e+00,6.495575422423710776e+00
3.881880222738749442e+00,-6.855025262643475337e+00,-5.638010716734621397e+00
9.651646762548532266e+00,-5.358154930081556522e+00,1.243543779798272020e+00
9.155202483165270522e+00,3.790892093609826485e+00,3.575708007731265958e+00
-6.829747826584161352e+00,1.079656235091781769e+00,-7.115061964157669283e-02
6.377992381142970402e+00,-2.674560958346559603e-01,1.172794097155272164e+00
3.598299868725785444e+00,-8.883577574417042655e+00,-1.185311293552494538e+00
5.185150366945890710e+00,1.303691027443678596e+00,4.427721626458700044e+00
-4.048901382709497732e+00,-4.505338124750767115e+00,-7.295497804881698301e+00
-6.190905676707571637e+00,2.703947598219204274e+00,-2.888681358826799883e+00
4.614364088560205523e+00,-4.125526355121099442e+00,-1.154727475553757987e+00
1.180141307859222888e+00,-6.910694103053984350e+00,-6.541402303828767195e+00
-7.083478874695028793e+00,2.599324719357797076e+00,1.597023854548589306e+00
8.446396535789633120e+00,-4.349614479674364986e+00,-2.448433280403916612e+00
