-1.130052544936893666e+00,4.925942084986226099e+00,2.422827140932200252e-01
-6.010927419076625533e+00,6.708249459669327841e+00,1.403207131144994069e+00
-9.061041579979775662e+00,5.881976454006680122e+00,2.245504582441371522e+00
-1.842285705808885732e+00,7.659603573648166908e+00,1.064282030416739966e+00
-9.880332172479830977e-01,3.933217751043965649e+00,2.313696541479747903e+00
-1.600924931267107354e+01,1.525039978773666371e+00,-8.678471468121297105e-01
-1.285776705440560974e+01,3.620800287465467449e+00,2.409873378887852802e+00
-3.275261392825092432e+00,-5.719013840944984217e-01,1.515550009880426874e+00
-1.598242985104092240e+00,3.379450711145262964e+00,-8.045256717926724255e-01
-1.597727236772604975e+01,2.143690248821521482e+00,2.665866900821681096e+00
-5.985923948773399950e+00,2.295977779002832619e+00,2.975882017125149659e+00
-1.403465567770415312e+01,4.504861100756415659e+00,6.610141702574993117e-01
-1.751722601708412430e+00,7.031867545107839845e+00,2.133245040736334364e+00
-6.429100515399975846e-01,2.637080642931509011e+00,1.635018324844098592e-01
-1.944765802890688677e+00,5.936104730275348018e+00,2.684215774474359772e+00
-1.562444501464326052e+01,-5.519050307972690472e-01,2.252633586074100691e+00
-9.679227898336735691e+00,-2.051358303195958577e+00,1.818141318877341428e+00
-6.458001862351555822e+00,-1.520202534739149680e+00,8.595759028837178795e-01
-1.639232425015051220e+01,2.428223265291454602e+00,2.445553360529438169e+00
-9.623391689003305771e+00,-2.002047742531971597e+00,2.047549482421355815e+00
-1.624605805192737762e+01,2.585026410160132126e+00,1.676486268231111909e+00
-1.586905130301310152e+01,4.242931077753541724e-01,-2.746940058352966285e-01
-1.099925775714710774e+01,-2.147868886543402134e+00,3.380811128756933570e+00
-2.118721573000012182e+00,5.684076624016946688e+00,2.736486377756475630e+00
-1.329936414643893272e+01,-1.597664711983022512e+00,-3.109276926856631706e-01
-1.416365198034206685e+01,-2.691325960485353441e+00,3.723272286944023790e+00
-1.158594141342164097e+00,4.809956702390773664e+00,8.967497937555442000e-01
-5.467584660920894457e-01,2.358647410518828647e+00,2.067282266636804700e+00
-6.087667523196055086e+00,-1.267572688123600688e+00,1.007518603508842592e+00
-9.320864571215295769e+00,-4.131231945693834562e-01,3.581617770337343742e+00
-1.179955859149000474e+01,4.844604532427784882e+00,-1.379729390498504626e+00
-4.003471484781660372e+00,-9.884608365070587377e-01,1.773714584289403373e-01
-1.244121701808451874e+01,5.170879435201666041e+00,8.227315521101864482e-01
-1.565368070059955485e+01,2.391839074397021647e-01,7.670291168430559692e-01
-1.308895087133687518e+01,-1.533578009015615695e+00,3.648626881269032562e+00
-1.210977049242619952e+00,2.716510445661115991e+00,-6.418666287305242468e-01
-1.079198065185408062e+01,8.687376192945919229e-01,-7.537352958786792678e-01
-2.115442492660808860e+00,7.822276089131534604e+00,1.718715246612412706e+00
-1.582725617358824266e+01,3.829578552524204760e+00,-6.768220388063770354e-01
-7.911217121672978081e+00,-1.527626857805001848e+00,2.095865095397206890e+00
-2.562341415355755547e+00,1.753413804098479689e+00,3.505256154691009041e+00
-1.543825422599531727e+01,-1.028800454400830011e+00,1.301524593128833063e+00
-4.184327197299515966e+00,5.383708448467964480e+00,2.646808800484946378e+00
-1.362575200558284072e+00,2.003529411283083927e+00,3.450253207585534998e+00
-8.180507867273211886e+00,2.037940249078885380e+00,-1.029113532633590289e+00
-5.244820647000583591e+00,6.806689011737802275e+00,6.957153338505128737e-01
-6.821543435467663841e+00,6.669794515908900934e+00,1.351610481883694925e+00
-1.094824564379442222e+01,1.891197849387187269e-01,3.376018762146689056e+00
-1.776301650603606008e+00,6.642426973662432843e+00,-4.442596024030851520e-01
-1.471768860407907731e+01,-3.254938379322654729e+00,8.597293874121522683e-02
-1.506232580434407886e+01,-2.593451179864342482e+00,1.655113736690739357e+00
-1.190256749945607151e+00,4.900639990702484461e+00,9.717738097556096744e-01
-1.324738119112404888e+01,2.182344583186825560e+00,-1.139360763856307246e+00
-5.699035449751053140e-01,3.401031082511467574e-01,1.652349863879578606e+00
-1.096208597044264987e+00,4.347067812628552907e+00,1.676406409924567464e+00
-1.538792716604487865e+01,-1.138119432246821994e+00,2.712363525512542228e+00
-1.666073261520938686e+01,3.264420677395185155e+00,-6.868443557329660942e-01
-1.086025400852025236e+01,7.119822795726814257e-02,3.274465997424115038e+00
-9.969385261529520648e+00,-1.034024640831142650e+00,-4.369796084524061319e-01
-7.983513021786067254e-01,3.174679865026091452e+00,6.969806667763851493e-01
-3.981410036201559421e+00,-8.732945978981160318e-01,1.435803056021267787e+00
-2.902415915320021300e-01,8.419709646473729769e-01,2.590336493301984344e+00
-1.203782719557114866e+01,-2.409138710516615323e+00,2.875778425899949031e+00
-3.146592660635123107e+00,3.736017361526909886e-01,-2.674714516741397707e-01
-1.597021453983526662e+01,4.126896916971270812e+00,5.158595113516375452e-01
-1.268053294792347252e+01,-2.349434058923236535e+00,3.673933556217881868e+00
-1.573556637048434403e+01,2.543518369182049543e-01,1.179003322573401735e-01
-1.244375402475079939e+00,1.298929484683150060e+00,-2.960248772333858858e-01
-1.231865338875647531e+01,-6.703909614851263354e-01,3.451526549458331150e+00
-1.025260524904315318e+01,-1.461946362460501803e+00,-2.942641771944830009e-01
-1.084037282328389473e+01,2.495145703214506572e+00,2.874893941161300148e+00
-1.320907636743201330e+01,1.788163890813527335e+00,-1.106590300655057257e+00
-2.746631638262171382e-01,1.636780669849238201e+00,1.453807652402994366e+00
-1.143271039635472608e+00,4.591809812783729683e+00,1.264301535652423425e+00
-8.373490635640052915e-01,3.111581576832608054e+00,2.132651522126812527e+00
-1.434533444004479286e+01,3.648249414997720930e+00,2.490806291735220057e+00
-1.578999764324820099e+01,7.538779683114892327e-01,2.820221450533974217e+00
-1.300494350505283947e+01,4.782368495080936199e+00,5.193401508162893282e-02
-1.418074580185203004e+01,-2.929414454163031589e+00,2.869979232191260721e+00
-1.867852676855939587e+00,7.367484812855915166e+00,-4.683163840229945807e-01
-1.591032576022950451e+01,1.839225824573469836e+00,-1.124928306020336999e+00
-1.545630614223646226e+01,-7.424979123735941933e-01,1.819014929812608150e+00
-9.305838824894861361e+00,5.526655019379521860e+00,-3.201126914132773615e-01
-2.063383944676645321e+00,4.678614268610417959e+00,2.785804647880860241e+00
-1.011693900796545620e+01,-2.145685238672165873e+00,1.309129839201967016e+00
-1.105939123391127543e+00,4.229612630694384201e+00,2.754375845940489898e-01
-2.667451505352450014e-01,1.566016153684369749e+00,3.233664641690184194e+00
-7.613320989820471674e+00,6.221424358046773184e-01,-5.125595350843830111e-01
-1.849148804613427233e+00,7.550391442670154163e+00,1.305219527024455428e-01
-5.998355574817381131e-01,2.385448875795831203e+00,3.044639836594321913e+00
-1.059425290288651400e+00,4.355128232319469994e+00,1.112202032288972742e+00
-1.678229925817881352e+01,3.922805629327044130e+00,1.368461368888499230e+00
-1.441024198695119996e+00,5.786419907541633378e+00,-6.736630982827450653e-01
-2.058043155747658393e+00,7.490979876578313323e+00,4.597297807913866552e-02
-1.087364431638457063e+01,5.707070560274907223e+00,1.970462474666246244e+00
-2.905326723702910674e-01,8.378956037223829201e-01,1.927655621920500995e+00
-3.002337075897346441e+00,-1.533767700556356271e-02,3.547592400577423088e+00
-4.316021938765707056e+00,4.663222071347081332e+00,2.769834515621797166e+00
-5.879387718556382536e-01,1.482270359056749032e-01,1.619627389152897390e+00
-7.722620936377373013e+00,-1.800401292247496343e+00,6.196894640232810669e-01
-1.303416519888864045e+01,2.199066385396894585e+00,-9.805487178404913573e-01
-1.670884369768028677e+01,3.996422733610013101e+00,1.054703952433363234e+00
-6.379331559399688878e+00,5.350912392983462773e+00,2.522111517865333497e+00
-6.320076746913555477e-01,2.207058016738279616e+00,-4.411380753242840069e-01
-3.842580421235922916e+00,2.898880391851695215e+00,3.314342501229885496e+00
-2.986684691961196680e+00,4.667972146787334964e+00,-1.067711224146596916e+00
-1.610961455932941178e+01,1.799936538469293135e+00,2.174682752988237766e+00
-1.532570655610948940e+01,-1.735167851261653071e+00,2.314700773404423373e+00
-1.564782066020149465e+01,1.821585478458287444e+00,-1.083222903994916608e+00
-5.685142777529189395e+00,6.781292869652171262e+00,6.105315970378718538e-01
-1.182270725997050143e+01,-2.881274575078463407e+00,4.924829221600028895e-01
-1.323381846415853857e+01,4.550503722413503205e+00,-1.124988876494113166e+00
-1.150013285833280996e+01,5.585081324027000527e+00,1.866000656039770167e+00
-1.165812079859380290e+01,2.545985337691887729e+00,2.888182512946625646e+00
-1.563747129194965169e+01,-5.387932847591149210e-01,1.486070465031155974e-01
-1.640317409977255991e+01,2.559182488622477436e+00,2.099226990705671980e+00
-1.518827970958394857e+01,2.079626899116595873e-01,-8.066920986460096588e-01
-1.469310511308400713e+01,4.501650350716778881e+00,2.212225159373569505e-01
-7.346747809816888797e+00,-1.593004460226102870e+00,1.462053336867886300e+00
-1.592596195988627805e+01,7.988130417231238400e-01,1.665050708582280992e+00
-1.584227874494681210e+01,3.965642993951716821e-01,2.080542542924405325e+00
-1.566929296272416394e+01,-3.250703977645595377e-01,1.960871372532041690e+00
-4.640551054491671712e-01,1.466005396889881407e+00,2.077656770472946945e+00
-7.193065306552179017e+00,6.133146705152482170e+00,-9.295310835091862289e-01
-2.353586508237405006e+00,5.918063062698160515e+00,2.706394403931650317e+00
-1.400260596756949916e+01,2.944723590335085905e+00,2.697254983971828501e+00
-1.667309068892542001e+01,3.745809581864920190e+00,1.521791154448685957e+00
-1.486934340502985918e+01,-2.478479342432033938e+00,1.138818758505033557e+00
-1.585774797049103313e+01,3.864108498741873343e-01,2.484036939079986350e+00
-1.288101904248999219e+01,4.544253881985239829e+00,2.259004137024351877e+00
-1.373919019267949793e+01,-2.987025051834255596e+00,1.384160833901433518e+00
-1.545363892005070383e+01,4.310275108366304231e+00,7.091063711020425542e-01
-1.548384198508207277e+01,-8.756862487195747891e-01,3.873599982859844970e-01
-5.992547048885045413e+00,6.286946693427259092e+00,-8.991331957184670598e-01
-4.431800086048812481e+00,-5.054531687819753261e-01,3.267060993294832905e+00
-1.479241245943448035e+01,-2.830411065666312620e+00,3.816293949803197361e+00
-1.091140153181168060e+01,-2.127295809386279060e-02,-5.257328338299662729e-01
-8.765452719811884563e+00,6.324926080136830997e+00,2.161993212481364335e+00
-2.446842431609791202e+00,3.909836719823286622e+00,-8.903782178486712162e-01
-1.473174297066358918e+01,-3.264972536776404421e+00,1.479149035567455250e+00
-1.213276683545914914e+01,5.206412900437587865e+00,1.187252335182990448e+00
-5.222222944295604741e+00,6.454807502573978617e+00,-1.061526650350960610e+00
-1.515930841207421587e+01,-2.268978467016592226e+00,8.180405162026587185e-01
-1.544631830962872066e+01,4.219874594185075267e+00,-2.769177392680748362e-01
-1.609004793563614655e+01,1.731521999327480410e+00,-1.067887711571403830e+00
-5.383930525408088030e+00,4.856366220585099036e+00,2.726694262300654703e+00
-1.584232644498532139e+01,9.188086857693501530e-01,1.017376555505054014e+00
-1.605021030582688368e+01,1.489778438541112360e+00,-7.446098564176182322e-01
-7.928741201045268916e+00,4.427496746626880864e+00,2.630069536496557614e+00
-3.054680521454687381e-01,1.056145524989251294e+00,-1.864517377473232096e-01
-1.371445075996914831e+01,1.938134249088208971e+00,2.735211638250167887e+00
-1.014622241718567963e+01,5.384154667503429970e+00,7.634779247579170924e-02
-1.613417184115720104e+01,4.528139726922347563e+00,1.954637798993583031e+00
-1.416325754735109355e+00,5.949276166108214525e+00,1.633715711321383379e+00
-1.026501964059068683e+01,1.875409261823078877e+00,-8.147673361303122697e-01
-1.455119828186194120e+00,5.720216065838233277e+00,1.012463727851288520e-01
-1.046718972888456456e+01,5.219569760995296903e+00,-4.660835298667721505e-01
-1.254232298450307859e+01,5.100275222886307525e+00,3.996677849630048684e-01
-1.104546266957283684e+01,3.656414550467132152e+00,-1.389773272612578214e+00
-4.939557970622844074e+00,6.269450072279403763e+00,-1.489031504282479101e+00
-1.837415843369513579e+00,7.458861539984023459e+00,1.638984407997444270e+00
-5.851552325113863695e+00,2.701773119017147007e+00,-8.187965406394596135e-01
-1.387937809194447780e+01,4.389283505911642180e+00,2.261208653532843726e+00
-9.761454651782942804e+00,1.918173427972178491e+00,-9.143223842820339398e-01
-1.191530083861793798e+01,2.304787897351366688e+00,2.780623539766540642e+00
-1.209441165820116204e+01,4.875605207137516217e+00,-7.066474636043927893e-01
-1.356037136779703900e+01,-2.851947245039406553e+00,2.451743170139040640e+00
-1.579924853788476824e+01,4.555870661556840062e+00,1.932550671403305831e+00
-1.340471997321333930e+00,5.541736341622807593e+00,1.436124503176460232e-01
-1.595339639678573285e+01,9.470413627735559947e-01,1.883154066444412411e+00
-2.479786789146488868e+00,7.887879713868523046e-01,3.637034470211631287e+00
-2.354879461677031660e+00,2.937934640887427395e+00,3.157960016387007407e+00
-1.488084980537040991e+01,3.593668866164563269e-01,-7.395685742957691655e-01
-1.519775683158492185e+01,-2.144678427421375932e+00,3.542194211794733150e+00
-1.099884709111799452e+01,5.104613906760834041e+00,2.299251185220989147e+00
-1.439773318191049922e+00,5.002808769059141625e+00,1.304723047076656206e+00
-2.226379742789388327e-01,1.162114370042840239e+00,2.422973221285416479e+00
-1.087438577137547924e+01,5.202795272472752863e+00,-1.894508010604824821e-01
-1.286318494618182839e+01,-2.765487622044809690e+00,1.411779303877734426e+00
-8.771771517855338374e+00,5.647816974628486086e+00,-8.343596622747948555e-01
-1.066450023235654854e+01,1.214009118226204276e+00,-8.677892845002982414e-01
-1.525852332951178347e+01,4.414343493581052158e+00,7.184394995199342437e-01
-8.511571126038626645e+00,5.755211205255194251e+00,-6.139412264651445961e-01
-1.593271594746031461e+01,4.341950300309393995e+00,2.276253039756665153e+00
-6.179065670421459266e+00,5.131559345252914461e+00,-1.313111902156700150e+00
-1.553230269449951528e+01,1.121989615019329811e-01,3.208837934952354587e+00
-9.628696343986527850e+00,5.683633828322442128e+00,2.675432413048637326e-01
-1.107733615090989776e+00,4.570781362891620070e+00,8.995161046268567162e-01
-1.575906777765347933e+01,-2.438037552472947789e-01,3.765027959728292073e-01
-1.326224160212991521e+01,3.433769976283148395e+00,2.529770079291637774e+00
-5.526638863288078518e+00,5.413459997439576732e+00,-1.520108515662057735e+00
-1.259736512603647496e+00,5.011073844057808202e+00,2.269428842817385661e+00
-1.201817959327314966e+01,2.125921167523085575e+00,2.756743220649867432e+00
-1.602303351692039968e+01,1.234137045021873380e+00,9.395883037866120668e-02
-1.542451680322726304e+01,-1.269153137870360659e+00,2.796891470787265632e+00
-1.171911552073025931e+01,-4.859810062266315400e-01,3.546399241796273749e+00
-1.471970631983996824e+01,-2.503629095693451045e+00,-2.626560395059735487e-01
-1.380034215481142645e+01,3.661998059505622294e+00,2.546511943322616212e+00
-3.592970329502430005e+00,7.414178279762813517e+00,1.587464285315799195e+00
-1.619552291858362025e+00,-1.387561149107214287e-01,7.494075181510135852e-01
-1.479720810032601719e+01,-3.256504537244986341e+00,4.273609386060446269e-01
-1.148058525496236548e+01,-2.514244517147537383e+00,2.019499738848933745e+00
-1.625244265559600265e+01,2.147032833992672085e+00,-3.788114180351181415e-01
-4.150803061469688693e+00,4.970922240986095808e+00,-1.190421572958922480e+00
-1.578390991836174351e+01,3.805966043601944460e+00,2.370464722647268818e+00
-7.810706070970880432e+00,3.168095746757017661e+00,-1.022494802303701045e+00
-8.993253513079633166e+00,-1.121076874794555867e+00,3.624289628279678599e+00
-9.155639374909997130e+00,-2.141627787686236406e+00,8.495271267888194755e-01
-1.535452550098303526e+01,-1.518433756819409730e+00,-2.452973199372935342e-01
-1.475239367523472822e+01,-3.276934276864669204e+00,2.108440498918173311e+00
-9.952376809229502852e-01,3.681518463958252774e+00,7.048540829646239292e-01
-1.500709296809874083e+01,-3.196454312703283840e+00,2.445299004325333314e+00
-7.784569345707573751e-01,3.538452511475700835e+00,-7.303109050055435481e-02
-1.456263770661992751e+01,4.537432344679691809e+00,1.693338492577882437e-01
-1.493424230683202758e+01,-2.809792848697949097e+00,1.573707611104687931e+00
-1.378232913412661409e+00,4.186800148718653608e-02,1.178413555398168500e+00
-1.039303877799356401e+00,4.123479651170846694e+00,1.526414957100151071e+00
-1.356716996880615156e+01,-2.904304628114319886e+00,2.180629782569520003e+00
-4.216754197347912125e+00,4.255081442963635219e+00,2.702246871281432483e+00
-7.193569327297721472e+00,6.369330327534630243e+00,8.477217198657935882e-01
-1.413387001187679104e+01,4.218817765717842505e+00,-1.476325346016363227e+00
-1.442287290032603408e+01,1.938016015898435862e+00,2.699404211456045033e+00
-1.515500427549897999e+01,-1.744133261643441513e+00,-4.476522601390783840e-01
-1.530778045875590010e+01,-1.705449833752484823e+00,2.865494622346323350e+00
-1.280936539147904618e+00,4.960733990738904531e+00,-2.226313762575955237e-03
-1.240019762585815322e+01,5.123730525359907695e+00,1.574688756595045147e-01
-6.285638326840452095e+00,2.772328639231284253e+00,3.112835610786087059e+00
-1.315958566270297325e+01,5.171924800644104536e+00,2.174183381976499962e+00
-5.577267948473794146e-01,2.556367814701008268e+00,2.139329345448711450e+00
-9.542614289197819399e-01,2.968799770107413138e+00,-7.759931470412726462e-01
-5.841184917949792776e+00,6.561512973490946088e+00,1.869583095169884690e-01
-3.190350649092099644e+00,6.839620126410118850e+00,-1.406174899917792098e+00
-7.888793599053832706e-01,3.367514253635303323e+00,1.120133248709073159e-01
-1.053033733859066601e+01,-1.847814459863220904e+00,3.274885487183245569e+00
-1.090137840712890238e+01,-2.384202231364525471e+00,1.258017183959792229e+00
-1.402599441756578180e+01,2.122947918834975578e+00,-1.158929294594481352e+00
-1.309463175656741640e+01,3.301359162425204996e+00,-1.283195456110834520e+00
-9.570295155992758040e+00,2.297939712772052889e+00,-1.014367705758042915e+00
-1.576245386767092249e+01,3.909407916162691010e-01,2.375462039332209230e+00
-1.618663328345899188e+01,3.686367406369038147e+00,-1.372642399491884380e+00
-8.939797501620413200e+00,2.766844799579194270e+00,-9.185453024390479726e-01
-9.274659314905855823e+00,5.827421791908130366e+00,2.046810659380371156e-01
-6.305301621971914017e+00,4.306111074844953812e+00,2.737761328824681595e+00
-1.665527135134375891e+00,6.702425689834782041e+00,-9.175142201047079560e-01
-5.883124523097809977e+00,-9.029464530970395808e-01,2.010688237499884234e+00
-1.377035618577155418e+01,4.263730208227542562e+00,-1.010708072534153290e+00
-1.440722343747772882e+01,4.269451975467165816e+00,-9.707495430270507430e-01
-7.425225938778375223e+00,5.996276386187726182e+00,-1.416309078216644979e+00
-1.013698907260720539e+01,-1.909909023522460947e+00,2.739098303011384683e+00
-3.021036361866607844e+00,4.658129192462123314e+00,-1.265183985218949037e+00
-1.414121826107713709e+01,-5.667926975489747665e-01,3.345196435562473258e+00
-1.606236615049236960e+01,1.495388491676760134e+00,-7.603284217745270857e-01
-1.495444456663117627e+01,-2.917791776340938004e+00,2.775716121846473428e+00
-7.678045528352202886e+00,-7.895108078209835956e-01,3.624959659222210195e+00
-6.982731627674206187e+00,6.081384696368354881e+00,-1.035411940767215100e+00
-7.339815117904355368e+00,4.962952289327675182e+00,2.408689067259993433e+00
-2.478588422019571080e+00,3.514241545063247596e+00,-8.343720272012196126e-01
-1.426518055664179441e+00,5.523364404841095698e+00,1.634989909818010290e+00
-7.884324228296017090e+00,3.792909637784743992e+00,2.703354215828682516e+00
-2.985972450239777753e+00,4.725694657448717972e-01,3.545630239870602107e+00
-4.242172213897982935e+00,3.143392771345886683e+00,3.053464140860807863e+00
-1.421029904556167800e+01,-1.053156269085193220e+00,-4.196206456046009947e-01
-6.404131223401472006e+00,4.162258409778977430e+00,2.498599099212562624e+00
-1.481485178829853133e+01,4.012856158153097930e+00,-6.294631873013749601e-01
-1.539320910043780266e+01,-1.318883276049351183e+00,2.103301888703192457e+00
-2.492138782011585452e+00,7.710568648750773413e+00,2.122332347204249015e+00
-6.323030178328066242e+00,-3.171909875060260897e-01,-3.559626706265694440e-01
-1.486602693734991876e+00,6.065160283735791857e+00,7.823718456820190070e-01
-8.734970898368136005e+00,5.977197777523533873e+00,1.181616765160891092e+00
-5.328916919798005303e+00,-7.917978649616959075e-01,2.283081891359999727e+00
-1.090011056288906266e+00,3.770912851161736690e+00,-7.696076446090681644e-01
-1.469683376935025088e+01,-3.085715368618465071e+00,2.531578399025367965e+00
-1.663407471157370310e+01,3.816592428170039408e+00,1.411097974605716454e-01
-2.897922284651715863e+00,6.515242640183871004e+00,-1.575771285599096405e+00
-1.343489513501615829e+00,5.561243430074682692e+00,8.834586674192450584e-01
-1.843818583871925654e-01,1.103259141584501002e+00,1.796967731276995162e+00
-1.269875072556495432e+01,5.029157908622200246e+00,1.221037294013478380e+00
-9.363170569812520050e-01,3.254305832718091374e+00,2.494511875134260426e-01
-1.145399385827867889e+01,3.984109760013881729e+00,2.393353968740887794e+00
-1.183654831799079332e+01,5.513098452662966942e+00,1.638764278393993745e+00
-7.592812078054023139e-01,3.090887388632558963e+00,1.434319421831286467e+00
-7.393346094435009341e-01,2.480197442509344263e+00,1.258364075303683771e+00
-8.524225508491362291e+00,1.768791439247188846e+00,-7.315558989362096476e-01
-2.739298371622315376e+00,6.077819341621483851e+00,-1.292893135986401765e+00
-9.109060188686237680e+00,3.413136116017200461e+00,2.683763008020212393e+00
-3.043997843299614536e-01,1.220785871400225764e+00,2.965430408840684873e+00
-1.061475715128326336e-01,2.909256109297905790e-01,2.198155900002476404e-01
-5.038247949536643233e+00,3.138177168726125732e+00,2.943359358642094303e+00
-9.653092250058618262e+00,-2.450914389696985829e+00,3.136236176198978209e-01
-1.839676102387045820e+00,7.611147668147991041e+00,1.057819696659221709e+00
-4.534390308166133532e-01,1.632268151194243178e+00,3.047951115629185193e+00
-1.046240435690502579e+01,1.317802654490940917e+00,-7.947876704228200584e-01
-1.552697036907903794e+01,-4.972952396870076730e-01,4.989228397589402508e-01
-5.398893971973375727e+00,6.580365560551861392e+00,-6.859089367917532432e-01
-5.144319590059049041e+00,-1.121485403713835760e+00,6.667084308231944201e-01
-7.765243521616332245e+00,-1.116659704291363520e+00,-2.195020444801843718e-01
-1.642608492696949085e+01,3.170015779371264664e+00,7.625638970298326269e-01
-1.659298047256071840e+01,3.272964595297847890e+00,-1.382418339059944712e+00
-6.626552470207122347e+00,6.040612290698375020e-01,-5.036922487950556970e-01
-3.631538495010719014e+00,1.072415022435153631e+00,3.401705659623568412e+00
-5.779989335427381469e+00,-9.060078207903257130e-01,3.191005341105273452e+00
-5.071722007614732242e+00,6.772125702925587909e+00,3.388565033359926537e-01
-1.588538749184725418e+01,4.515906250415330447e+00,1.994915031689107776e+00
-1.457150557297844040e+00,1.115755735982933317e+00,-4.537284170756217816e-01
-7.469772681168272754e+00,1.272406850318877236e+00,3.235871256703704457e+00
-1.282832106424885765e+01,4.855376716588172825e-01,3.222143169230815563e+00
-1.208783694728365710e+01,4.977790646780460904e+00,-5.737247866339382218e-01
-1.561772870033704130e+01,-4.197316328891350090e-01,9.839093653352063429e-01
-1.065661368696062539e+01,4.883309522941169156e+00,-1.469242620797589938e+00
-5.404650380274969912e+00,2.528725054447551468e+00,3.083191784323941587e+00
-7.969063950079011249e+00,-1.800313224053281980e+00,1.086794841985142979e+00
-1.720652203793262780e+00,6.519702799034039487e+00,1.856502968163205480e+00
-2.345254061510492427e+00,7.648445986370802530e+00,8.598404135344214216e-01
-9.810522910933240581e+00,5.992028340315010304e+00,2.158883911342369011e+00
-1.181787510294968691e+01,-3.001309106666872228e+00,1.647417831199861071e-01
-4.569825415319984652e-01,2.738167301960789501e+00,9.232788061318155659e-01
-1.406492863392826642e+00,5.512444716946222734e+00,-1.962389230323528799e-02
-1.165562312104874110e+01,5.376982700188449371e+00,1.640148506017246044e+00
-1.076452476681178894e+01,5.638759612743086791e+00,3.816025019459034495e-01
-1.587267453539035955e+01,8.741986620259064589e-01,7.027298873568847970e-01
-1.059367868325433015e+01,1.145525842745886536e+00,3.081336048801290417e+00
-3.727796407887755681e+00,7.158749132633547951e+00,8.856176392569815592e-01
-1.550166134912499594e+01,-8.892392609127861558e-01,2.915050595635050312e-01
-8.146070046610963900e+00,2.572364916955311553e+00,-1.028774605232481543e+00
-6.637781891409201940e+00,6.599204451583452702e+00,1.122829870455944734e+00
-1.023937541109647853e+01,-1.594790075282099151e+00,3.759546028777300819e+00
-4.164776267123829534e+00,-4.742865006056504185e-01,3.054462509478090393e+00
-1.533070570939811006e+01,-1.206384434678187345e+00,2.170342596433457727e-01
-7.097960055052687345e+00,-1.093403668908158988e+00,3.174291217346959737e+00
-1.563679209188370578e+01,5.143093875370662732e-03,1.602509764748379695e+00
-1.503222690509044313e+01,-2.743540617764264500e+00,3.252738387240184714e+00
-1.543478412936105215e+01,-6.849438118748921722e-01,3.042858027440193069e+00
-8.206946885012138537e-01,3.727221467799864740e+00,-7.363647940853551566e-01
-1.423706061177366866e+00,4.719457579626677557e+00,-1.021267888950501801e+00
-6.300125472665642157e+00,2.451884553265279543e+00,3.229148038978726376e+00
-1.535551958942182083e+01,-1.669195209834568150e+00,2.155175479072650724e+00
-1.253321653288318416e+01,5.355485026101339585e+00,2.101946001495676786e+00
-7.097903407410709464e-01,2.861720851549586886e+00,-1.342418807410625525e-01
-5.319485246840456760e+00,6.546463420885798357e+00,2.213838300538173876e+00
-4.066957491393583979e+00,6.836479147330155826e+00,-4.687975458333561440e-01
-1.239555393071380784e+01,-2.070496019076017297e-02,3.234654798508981077e+00
-5.995110530874079302e+00,3.559333310960405505e+00,-1.039887050734529694e+00
-3.736524429044329132e+00,6.289279194030949149e+00,2.450751752878268519e+00
-1.565768293048370197e+01,-5.650300553588648578e-01,2.330569096280517005e+00
-7.203860587492339818e+00,2.633004093441280613e+00,2.933483771019578690e+00
-1.513206107758668928e+01,-1.868190013680652850e+00,2.801282962025194667e+00
-1.345199837795340869e+01,-1.721606740344329589e+00,3.605218261889001408e+00
-1.667488243257182035e+01,4.133679845294345512e+00,1.649626497873658115e+00
-1.624426043683514820e+01,1.822605607778757797e+00,1.712475908224522225e+00
-5.759926245565067049e+00,-1.394681682823852409e+00,5.566923808051649908e-02
-1.340114352531592523e+01,-1.859077421545461295e+00,-3.358675000088511831e-01
-1.437578701162060746e+01,4.476227237491735345e+00,-1.406986454429664801e-01
-6.807617218186569730e+00,4.326462823952311965e+00,-1.195503587013808211e+00
-1.606694672571412852e+01,1.489669907521745218e+00,2.558693526284020692e+00
-1.533170246123947145e+01,-1.446276202193542915e+00,6.593545911329203868e-01
-2.268321689631339844e+00,5.831350010080380009e-02,3.549115050091566026e+00
-1.585471552674580842e+01,4.158648740492740803e-01,6.537996337666014401e-01
-6.988373028685261890e-01,2.670869769428217744e+00,1.565464649897255534e+00
-8.739826639370301464e+00,4.185415548658395046e+00,-1.270740400142180704e+00
-1.871389307918069678e+00,6.943804647569657540e+00,2.477917946966964990e+00
-2.447931203398286293e+00,7.399890643431348281e+00,-4.189338652173115185e-01
-4.182098876167364310e+00,-2.409159252759539849e-01,3.427050804081857027e+00
-1.197964659677337806e+01,-4.297295702489128955e-01,3.327111606006828648e+00
-9.004470677644377474e+00,6.179026277721759719e+00,1.623831794174745324e+00
-1.583723026942329248e+01,6.466206675370511636e-01,2.872510650408312216e+00
-8.925337343672573587e-01,3.320028325553219695e+00,2.369095555585884139e+00
-1.424716086734162346e+01,-2.856526047412052183e+00,-1.240633359144439896e-01
-4.264906608503419960e+00,7.066524635644077179e+00,5.947806905698319602e-01
-1.302275661177328026e+01,2.689514148650038905e+00,-1.125609067796746521e+00
-5.251002316042426621e+00,6.646869709147815719e+00,1.392440226255936726e-03
-8.329669993793004323e+00,-2.003315168758769360e+00,5.107483572620106216e-01
-6.861740471053098034e+00,-1.226780373019628723e+00,2.745222228088869620e+00
-1.137982815387027635e+01,5.297804699283662266e+00,2.704754249908955521e-01
-1.505163695342137764e+01,-2.731406507703341369e+00,3.040772585762187230e+00
-1.318265841346926237e+01,-2.394142133435074538e+00,3.690517501247547738e+00
-1.576262242928679491e+01,6.927737178422359310e-02,-7.921158787344613206e-01
-1.015746344194511153e+01,3.551509959962397378e+00,-1.169375745610792494e+00
-1.171138275856705713e+00,4.874932610178599468e+00,4.461995682593779544e-01
-2.275611359128640654e+00,7.988982919689125772e+00,1.619554623462249987e+00
-1.176923106784701112e+01,3.953301118022130023e+00,2.538710600288414554e+00
-1.388577851837595034e+01,4.793704579921669762e+00,1.105014079312200748e+00
-1.552688328044775190e+01,3.351006710420326495e+00,2.432552437904480502e+00
-2.969729013727204325e+00,-6.596423332064369482e-01,1.480140563839882906e-01
-8.919739950605160672e+00,-1.644043563307479694e+00,2.671901330873076130e+00
-3.064170512273081126e+00,7.323576855131734398e+00,3.601775026249303124e-01
-8.303625124567723947e-01,3.062361310025183414e+00,2.425655693469474183e+00
-7.180386427396020510e-01,2.959108206901228666e+00,-2.897954267386685934e-01
-1.207407868561605646e+00,4.394300571173744174e+00,2.403135373305744338e+00
-3.707573161990349142e+00,6.606409904281592027e+00,2.445027053647936821e+00
-5.361779432479760743e+00,6.733787194032724521e+00,5.532985800393840359e-01
-1.361257073345275970e+01,-1.599539780873554751e+00,-3.353816772771912591e-01
-4.269623147565697607e+00,6.661694500265743279e+00,-1.059706119926031587e+00
-1.983854565275830206e-01,1.142731623468868696e+00,1.787715450114582216e+00
-5.433953865209306677e+00,8.789235912055335387e-01,3.534279877363566857e+00
-2.658161754351982875e+00,3.094638368165171016e+00,-7.286752506191680467e-01
-1.464608535071435647e+01,4.144335686798022778e+00,-9.796328859060149385e-01
-1.367371008587487857e+01,4.797023300980943539e+00,5.610393948348001425e-01
-1.774020966322466641e+00,7.101535626450251826e+00,1.338502510582182115e-01
-1.148034698520343122e+00,4.345386559963442252e+00,2.141997164250964758e+00
-1.590045862717679270e+01,9.822512703461933059e-01,-1.807608903826663227e-01
-1.636519431623887133e+00,6.425144955925908619e+00,-5.656128216559629385e-01
-1.318390585998995235e+01,-2.422360342418938828e+00,3.820846000419242383e+00
-1.616414996834991413e+01,4.141206628657178257e+00,5.386493459155667907e-01
-9.744299816899674838e+00,5.790999131960256285e+00,1.258046922034656845e+00
-1.651050966272513065e+01,3.554690389989660915e+00,1.304657581829000268e+00
-7.460893467324335226e+00,3.427166341393638849e+00,2.938196272819850741e+00
-1.348566143680329610e+01,-3.463999134923096079e+00,3.040715810591408941e-01
-1.105295202573228863e+01,5.542804656766197269e+00,1.096271489224553308e+00
-9.613647028511563830e-01,4.169818278130271061e+00,2.697288968554045208e-01
-1.485211045051917367e+01,-2.778255686040851380e+00,2.400862505793905477e+00
-1.512891688604564067e+01,4.370044470953236448e+00,9.019666472540962543e-01
-3.202856138133499453e+00,3.128498184573776708e+00,-7.967895313406526681e-01
-2.924789689994254260e+00,6.649674737717706563e+00,-1.535576050418934857e+00
-1.165421344206385790e+01,5.199479562597412396e+00,5.585294962859961299e-01
-1.591070350932665356e+01,8.544217418246449203e-01,3.781284590701835535e-01
-1.251540213554607428e+00,5.377999010932428270e+00,1.049171136619105660e+00
-1.077797246950924226e+01,2.563710492957813614e+00,2.946785445046046448e+00
-1.583078402020305830e+01,7.051444210339341545e-01,2.392787465028104688e+00
-8.394804021519437498e+00,6.466488712606672351e+00,1.572537731565994523e+00
-5.222142211908765042e+00,-1.292900802672931615e+00,2.187691780623493010e-01
-1.117410256899007770e+01,-2.713600659734341392e+00,1.558318950651855495e-01
-7.473672353118719691e+00,5.295411545245072737e+00,2.606944212732846378e+00
-1.161040758867557443e+01,-2.146465102647363565e+00,3.501854215389913705e+00
-8.380757921864718796e+00,-1.865548981667516815e+00,6.176376269081375048e-01
-2.791898738006685088e-01,1.456178458792099395e+00,7.188975641423980267e-01
-1.162983241314332261e+01,-2.784765508662618849e+00,1.026238697407755307e+00
-3.727473647768324988e-02,2.898862228039670308e-01,5.989621636392450377e-01
-1.550971299105189338e+01,-7.827792235756499961e-01,-2.099385764962077572e-01
-1.681470586720200000e+00,6.633603992407293148e+00,1.003407927913481545e+00
-4.178312066356816956e+00,-8.443215237593372224e-01,6.734458789375362686e-01
-2.535722471058501348e+00,6.734099949047591682e-01,3.646371248152185274e+00
-1.525621748994158722e+01,4.296245389317546071e+00,-1.271082433337338558e-01
-1.080736622008414827e+01,-2.034661636142179209e+00,-1.435962346448864946e-01
-1.549765923974813298e+01,-7.621765636113088105e-01,1.845384839376096764e+00
-1.148330927446721716e+01,2.213007756120645819e+00,-8.403280007631885873e-01
-9.998675352082190271e-01,3.844774725383448999e+00,6.456135702641586649e-01
-2.389571042403655921e-01,1.225549095258098964e+00,2.304472302456591848e+00
-2.458359004290537886e+00,4.952610615150376816e+00,-1.133003296558395601e+00
-6.625006220677554403e+00,6.498117118993406827e+00,8.234807015716579803e-01
-1.835034644627707268e+00,6.931512632038677957e+00,-8.399761354632737653e-01
-1.398525169982449690e+01,-1.557756398511912277e+00,3.404722248372012317e+00
-2.180851067565217072e+00,-1.505492498796245637e-01,1.373615982481885878e+00
-1.187325805982987426e+00,2.384961017640110370e-01,-1.996039582777428822e-01
-9.924573484869423368e+00,-1.173133528905197842e+00,3.546683574321956911e+00
-2.782225240841598612e+00,6.244397404340547908e+00,-1.431221468814146913e+00
-1.604534497775247459e+01,1.181935971394459495e+00,8.522488134145450589e-01
-1.602357022435257461e+00,6.311159755051943598e+00,2.390678390810731191e+00
-6.689788216642943430e-01,2.440055345888816618e-01,1.893161225001851911e+00
-2.462907405401697059e+00,7.351358257587148337e+00,3.100784668388439358e-01
-1.483997901560535482e+01,-3.446860656026919489e+00,3.236458016805020543e-01
-1.233749509382340648e+01,4.826186918262525438e+00,-7.811124544131282932e-02
-1.175929122685599237e+00,5.052918701168596982e+00,2.682292498187496044e+00
-1.238256354262056380e+00,2.821707594957367782e-01,3.406474150651945809e+00
-5.908127168635462390e+00,1.958116018571859129e+00,-6.595340360915178390e-01
-2.098445432426174317e+00,-3.407380967780397896e-01,1.610647859410988328e-02
-1.697952156651099553e+00,6.573958670736281817e+00,-4.481713537871023223e-01
-2.681767216706229529e-01,8.964350287066354950e-01,8.006551014515791986e-02
-1.610418966399560725e+00,3.378372967705512764e+00,-8.708132491476472392e-01
-1.593042327423161097e+01,1.150048593235726724e+00,9.552632274280756786e-01
-8.521853574518400976e+00,2.296059829744552250e+00,-9.409533905326874503e-01
-3.558891831158508268e+00,-7.675735798268211729e-01,5.925919241456318876e-01
-1.099877119055855523e+01,-2.691356385995034017e+00,1.417046588638007408e-03
-3.322173286613382626e+00,2.568510995777093964e+00,-5.528587733939043236e-01
-1.650671087788116509e+01,3.064597778514035475e+00,7.809282342213320627e-01
-2.430944247378721834e-01,1.041487792757224140e+00,1.701915428246055573e+00
-1.538120628987774019e+01,-2.052194852627439836e+00,2.729762964963273683e-02
-4.466730752148703409e+00,4.090877835995676115e+00,2.766703105235071902e+00
-4.632357643265649472e+00,6.546418136952168787e+00,-9.221878087602328744e-01
-8.400252220937444392e+00,1.325013110945477246e+00,-6.367097425630388052e-01
-1.560845690245950834e+01,-6.332121818747147302e-01,2.242205330234065208e+00
-1.054153092640336453e+01,-2.317042769931050739e+00,1.459370455368752317e+00
-3.432498280868675700e+00,5.757219032427173033e+00,2.513137624655344737e+00
-1.847920458664184640e+00,5.783387604241668534e+00,-1.100131306363363315e+00
-1.287817661964155747e+01,3.702917965829319868e+00,2.416589507232524525e+00
-3.291652895101138121e+00,3.489405586489924271e+00,2.906743075433056323e+00
-2.627161183744103123e+00,3.210241814004841099e-02,3.409884101006385837e+00
-8.120081198964872016e+00,-1.171224982975785922e+00,3.732452208691793949e+00
-1.542120069054256959e+01,-1.644807596901125768e+00,2.863641673999831827e+00
-1.035723904435220710e+01,5.928015667993987492e+00,2.149808521875197886e+00
-1.603653996192889508e+01,1.270947684456536386e+00,2.398298575605487537e-01
-7.681224569968367888e+00,6.491962377117041605e+00,2.160268891435911165e+00
-1.320901716058969733e+01,-3.033756617573007297e+00,1.102123114788768898e+00
-7.372529288380942347e+00,1.178221970622749915e+00,3.384428118156805443e+00
-7.235672297139427833e+00,-1.654994769015841749e+00,2.742994380203576110e-01
-3.014764128156547929e-01,2.020977800309364358e+00,7.915873590790635239e-01
-1.573263699807348992e+01,-4.303413967819783026e-01,3.526638946552049236e-02
-8.868947956549138922e+00,5.371495967815123063e-01,-5.305538346437133068e-01
-1.316388362575523452e+01,4.849259529560627335e+00,4.677668763339616897e-01
-2.133393060922244455e+00,-2.053734948073127897e-01,1.347863779845771326e+00
-1.483127884447725187e+01,4.643211833237916863e+00,1.672878852417404305e+00
-1.499994548086896096e+01,-2.693534681370667982e+00,5.512542391315489870e-02
-5.919576112120271461e+00,-1.210473506647377739e+00,5.859776402274927687e-01
-1.203806408482025425e+01,-8.882615696599059640e-02,3.301281447092911492e+00
-9.172017422377663820e+00,1.444189453974144888e+00,-6.752087610382102589e-01
-5.751633789428207688e-01,2.813232017585997724e+00,2.122072968050803699e+00
-1.514620474989292020e+01,-2.879505390976591084e+00,3.094136013391658224e+00
-8.913111072728034934e-01,3.694877481378897155e+00,2.889766538543646401e+00
-8.724851523303506440e+00,-1.527869437873844660e+00,-1.760605371060584567e-01
-1.471358489764588207e+01,-2.120732299486178363e+00,-3.622840229138302170e-01
-5.587129952857218251e-01,2.321186419895866937e+00,3.314733176298716000e+00
