-3.244435212007220848e+00,9.224229858149087136e+00,-3.922295223766703920e+00
-5.666307210176335651e+00,8.169652839605497263e+00,-4.800648980636128271e-02
-1.003923435877802284e+01,-1.754388962611946212e+00,4.603078383520088579e+00
-2.786472967356789177e+00,-5.568352558701778143e+00,-5.524528144843559474e+00
-4.054938101071175360e+00,-1.712187164863101296e+00,-7.887309151479487745e+00
-1.263089559261337369e+00,-3.490118065209554477e+00,-4.913866017257549623e-02
-8.534849958247100687e+00,-1.252347358174999981e+00,-4.456699644296029383e+00
-4.885177800315551266e+00,2.762966529030966290e-02,-8.524552064936219864e+00
-1.300642424133709119e+00,4.792148309817517493e+00,-7.518478151851107683e+00
-5.554572314101490882e+00,9.720462782176406691e+00,2.934997136026011422e+00
1.390276268012702765e+00,4.705452870697618195e+00,4.995245821181816481e+00
2.215617071473077182e+00,5.692748435722205791e+00,-4.147266409043775526e-01
-2.453901553553395232e+00,3.884503377020454007e+00,7.336307084740551154e+00
6.491898542417885443e-01,1.852201159801090125e-01,-8.094516465013077422e+00
-8.390043079281499061e+00,2.646259671588288676e+00,5.384778237246920618e+00
-3.529744585276443747e+00,9.537776133332970474e+00,-3.070333760324260641e+00
-2.433678014782083565e+00,3.410969848522430681e+00,-8.170781904408151775e+00
-3.584917228968587111e+00,-7.214814739724191739e+00,4.815948592742295697e-01
-1.362916649578906236e+00,6.748785280772366946e+00,5.386570064161949389e+00
1.224816694221909419e+00,2.727106857010625163e+00,-1.547732995981928594e+00
-7.276547614857102886e+00,3.670813524210605028e+00,-1.323257896808725187e+00
-5.355656004566375472e+00,-1.097896362097714906e+00,7.207101315030189248e+00
-1.377992420572019538e+00,1.679906320988579838e+00,7.981421978572647014e+00
2.247800545524217153e+00,5.381019921592051780e+00,-1.503740866128426612e+00
-2.712789120530822995e+00,7.832961757946312886e+00,-5.597090745271396273e+00
2.278243160302281023e+00,4.750907513928479986e+00,-4.717163026240787538e+00
-3.233581655692828960e+00,5.749635945085580957e+00,6.372351151297678484e+00
2.034470929560500796e+00,4.312822413938070198e+00,-3.871731655250317150e+00
-5.925295736731839291e+00,8.491891038305855233e+00,4.211077576077552287e+00
3.816511393375998096e-01,2.821156843550207238e+00,4.526223258485477352e+00
-7.787324823375260330e+00,5.220580654962332368e-01,-5.210679860077088499e+00
-6.231142386029365099e+00,4.039835185439120124e+00,-7.970316228437489769e+00
-9.140902920206805504e+00,-1.141864857177764092e+00,5.950439519856249859e+00
-6.807995826786335414e+00,3.047440274566267870e+00,-5.537320409206929028e+00
-4.120133999335087616e+00,8.942700469269558639e+00,-5.092837865410989373e+00
-1.837107861543733289e+00,4.029010966071786548e-01,-8.401746534084132634e+00
-8.371122283678065656e+00,-2.423018215096866879e+00,-6.949758293649857421e+00
-3.274577731614654486e+00,1.014480101931829026e+01,-2.192768880126355624e-01
-1.036276637551895163e+01,-3.284855414357877645e+00,2.445157397289327683e+00
-6.878798981560278136e+00,-5.907940502017715367e+00,1.613989594863886934e+00
-4.744154181041654539e+00,6.190496256744461689e+00,-7.651808396342112850e+00
-6.129505053993917763e+00,6.759719764094663574e+00,-1.244548582295000871e+00
-1.936908713996236653e+00,-5.608425346819197799e+00,-2.385658015518546726e+00
-5.034768789663485400e+00,3.488437279147656778e+00,7.409601369879795563e+00
-7.782085111611757533e+00,1.576112399653919693e+00,-3.007050963165971869e+00
-2.803274381024430717e+00,5.068001975861434083e+00,-7.752852066788303631e+00
-6.314087501330395646e+00,-1.955244768363237018e+00,6.603900955137605777e+00
-7.208056951506478072e+00,3.990424650971961640e+00,-9.476125493262020916e-01
-2.045831365368956600e+00,3.739767275719831918e+00,7.332759629075905394e+00
-1.563505119638480378e+00,9.205648194073184243e+00,-2.308393790140468305e+00
-4.720339932248715620e+00,6.793234691350574117e+00,-7.571242888419884132e+00
1.010827511139736012e+00,4.210651181392234044e+00,-7.123555173106955962e+00
-1.291223489438349414e+00,-3.186341715952926812e+00,1.078476914296381706e+00
-6.348144765482148344e+00,-4.330836201734881818e+00,-5.606748560246576751e+00
-6.848464758860599133e+00,4.839468347007750637e+00,3.617139467586372725e-01
-6.658502298287460874e+00,-2.427222674937156821e+00,6.186862883796997004e+00
-1.025808712040162085e+01,-4.482394222832051689e+00,-1.998414053419015124e+00
-3.222488115004587539e-01,-2.066409200087629738e+00,-3.647071185938145721e+00
-4.296460873586060991e+00,1.023471643769124917e+01,-2.464683084937673296e+00
-5.091068215396264307e+00,1.014812930492763243e+01,4.681874352167675335e-01
-1.951121893192054202e+00,-4.519136013037132749e+00,2.586288519114973372e+00
-4.218975600986358820e-01,-2.469108488900547904e+00,-4.187083552858153368e+00
-5.906675149569458050e+00,5.602743525041376849e+00,-5.001758783592114455e+00
-6.800939870098820172e+00,-5.856332755358940823e+00,-2.618669624087299308e+00
-6.716762812742435251e+00,2.695814435855245605e+00,-8.935679176315549199e+00
-1.155577714138612322e+00,7.325401043131041234e+00,-5.296307633473618992e+00
-1.751481577588336780e+00,2.529757129280361561e+00,7.685468050535671836e+00
-8.612998913882853103e+00,-2.486000122577749216e-01,-3.686682223423531912e+00
-4.087797494061614079e-01,-1.439647078393500479e+00,-6.702297233887725136e-01
-5.903711980259602754e+00,5.459364320807631010e+00,-6.645338474601367729e+00
-2.986067724677134549e+00,-1.852146639414490537e+00,7.358950159962828863e+00
1.715509285388491456e+00,7.636074683642528171e+00,-3.085750343269518581e+00
-8.040264323007754399e+00,7.096315799251264878e-01,-4.575174389582703505e+00
1.451301001490870268e+00,4.132199953567600836e+00,6.006748080279690205e-01
1.437240578246335998e+00,3.965699957784351248e+00,1.452697429724215450e+00
-2.620715295612356943e+00,-2.662456892111927154e+00,-7.595830627345507402e+00
2.248775792224506187e+00,5.524201126196098599e+00,-5.720907835552226040e+00
-7.994445736830109617e+00,-5.281558812300995776e+00,1.741438831175865287e+00
2.558566220795101653e+00,6.106176688122427088e+00,-3.062109019438965074e+00
2.531991229976460756e-01,-6.681600113356533921e-01,-3.721606739208733305e+00
-1.129303388177391509e+00,7.467265782775749372e+00,-5.221293510762379242e+00
5.024095714093798071e-01,6.273817112927395634e+00,5.330013765415936966e+00
-3.858123220172006373e+00,1.402521784421540740e+00,7.799519981350152342e+00
4.421167861002197608e-01,5.641056259520509819e+00,-6.136603935881044691e+00
-3.345798326105023701e+00,5.545560373585145086e+00,6.502015636050447078e+00
4.078291086878450128e-02,-2.394906262996921165e-01,-8.926555229020359805e-01
2.308773464838195455e+00,6.342996956901997052e+00,-4.570182364522390017e+00
-6.206987920390396596e+00,-5.475344757737178547e+00,-3.998716144469084632e+00
-3.038850533516556096e-01,-2.023955102821486940e-01,1.308874018955991092e+00
-4.932469915994106557e+00,-6.046409711060898751e+00,3.007625953642687477e+00
-7.364940726007616512e+00,-3.979698425550187491e+00,4.728226237159958600e+00
-5.022392129040722963e+00,-6.388561131943761850e+00,-3.073916744139409740e+00
-4.423312819565949905e-01,9.857442347945416516e-01,7.434575472420614339e+00
-6.349798647731343948e+00,-5.805668655263793276e+00,-3.389658425996350477e+00
-8.828851237769759663e+00,-2.148878662262352801e+00,-5.894639405584616298e+00
-5.797284699621929605e+00,-5.118123324522149353e+00,4.222099568264564340e+00
-2.548391336868826240e+00,-1.087695276001801714e+00,7.837049236811115982e+00
-7.807125318203965714e-01,8.913354291802280116e+00,-1.876276688826197026e+00
2.424263852558783405e+00,6.759939597168363790e+00,6.285212033333625881e-01
1.865680788787115185e+00,6.568747353445858472e+00,4.659070091289455817e+00
-6.332038125050823751e+00,7.374644654463953231e+00,3.244920817412239700e+00
-6.428087461297059768e+00,-5.513461282463745228e+00,3.035670744142561439e+00
1.705225284201043801e+00,6.748204180998055079e+00,-4.545190287829822040e+00
-3.391611251068836985e+00,-6.068268481543316994e+00,-4.474319923539211707e+00
-8.895729586496742058e+00,-2.041555850272766648e+00,-5.077659368072199086e+00
-2.662413668161161429e+00,-5.513947782979434109e+00,5.250752946632718299e+00
-2.352289448347512746e+00,3.187581944034429959e+00,-8.243251901097927714e+00
-4.544462896546817454e+00,-6.875411005381778295e+00,-6.927328623654889217e-01
-9.734609112787834917e+00,-2.011640759296414060e+00,5.491421831446451352e-01
-6.962431579522719571e-02,1.253418403424642724e+00,5.702627755033259582e+00
-9.926496333144198658e+00,-2.771794926168087869e+00,1.280640081499628602e+00
-2.791971947792028619e+00,9.543561282727166528e+00,-2.142517612398972648e+00
-3.320045862130985626e+00,3.105854483882636519e+00,-8.608906474786751417e+00
-6.818009987423811147e+00,6.082637621425623919e+00,3.117953061424055594e+00
-5.927566257695978891e+00,5.365068862724557519e+00,-7.402701284543864446e+00
-5.011540943844304152e+00,2.437034404230050910e+00,-8.765816696625233106e+00
1.155967751543947319e-01,-1.004884914093470361e+00,-3.399155471798279482e+00
-7.499094146674138983e+00,-5.781518819761790162e+00,7.036069131543384314e-01
-4.814927366863345881e+00,2.648319830387660723e+00,7.487351872744668846e+00
-9.449821634302111306e+00,-3.219410889083418770e+00,-3.812611326021680291e+00
2.071232165570358497e+00,3.901864812902213764e+00,-5.295237040353036662e+00
2.159806919592298424e+00,5.640870834632490727e+00,-5.590416239058544789e+00
-2.147920611178159245e+00,1.981356172376875335e+00,7.739494055929702299e+00
-4.682733983315560344e+00,9.501925087260884695e+00,-3.590796719823500016e+00
-7.282527469434834977e+00,-5.533517534183011399e+00,1.630723841236885630e+00
-1.113261064933061428e+00,8.081183883277482494e+00,-4.254064727986709649e+00
-3.370632421668370515e+00,7.982746059467392463e+00,-5.843003231096002281e+00
5.995514159478484428e-01,8.174505516838520336e+00,-2.513347844729526770e+00
-2.910912889894091027e+00,7.478944969695710654e+00,-6.117239766964861047e+00
-2.374254209764118106e-01,3.905815831424184648e+00,-7.473457125905694554e+00
6.216025999918350226e-02,6.137873886481971297e+00,5.336677846452852592e+00
-5.886914535785574998e+00,7.110349667764653603e+00,-1.255091745690422478e+00
-4.011951449996455921e-01,-1.335822426147486919e+00,-1.283748013358184448e+00
-5.915998429915260148e-01,-2.122053923791567431e+00,-1.897589726261709631e+00
-6.901536611937498789e-01,-7.558951148454778890e-02,5.740034185730686467e+00
-3.180872783404553594e+00,-6.990999193482268836e+00,2.879408250445354867e+00
9.579664403073785695e-02,1.459203049267247865e+00,3.336553636332555861e+00
-8.872692852175001477e+00,-4.301451443356766546e+00,2.979159575084790124e+00
-4.003173336275890115e+00,-6.362988195984232043e+00,-3.942340862727792494e+00
-5.087024412765732251e+00,4.346956630797656373e+00,7.163943967888183550e+00
-5.714778853236262890e+00,-5.806767072330011104e+00,2.968675629133123994e+00
-9.677543857453065002e+00,-4.026038067276900279e+00,3.047001140085705551e+00
-8.333076993343982997e-01,3.937091233732971096e-01,7.229444204039176647e+00
-8.175274975009502398e+00,3.439169104015276507e-02,-4.338311272773644589e+00
-3.883155852972683508e+00,8.705558256462419209e+00,-5.225925502599932493e+00
-7.151637946066964346e-01,-2.833589581364777121e+00,-1.673231158624081338e+00
-4.901521756325931456e+00,8.502897097188940378e+00,-6.217704609300731988e+00
-5.349985211528879958e+00,-4.475969693615232003e+00,4.955181772754970737e+00
-7.252755736437464407e+00,3.529093499211984231e+00,-2.093977503364500059e+00
-8.275129745291351924e+00,1.618890362367484848e+00,1.238557467119785205e+00
-7.092632497702232364e+00,-4.733410570006977736e+00,-4.919360291222257153e+00
-7.029430045308346031e+00,4.895148386230423476e+00,3.432002570685878107e-01
-9.899374910689282103e+00,-5.017175629910013868e+00,-3.876395048561258605e-01
-8.499324784008257083e+00,-1.439647702459865064e+00,-7.524061763963127980e+00
-2.343232990156142392e+00,-5.632014219385180098e+00,2.001139571005570161e+00
6.644799229705699029e-01,-4.813749486401253108e-01,-7.229528559803309662e+00
-5.370902684376730463e+00,3.204863026520604397e+00,-8.774507482556328952e+00
-5.265615326342224733e+00,-5.641862100177678307e+00,3.844066174244183287e+00
-8.906992534867546496e+00,-1.529739926326876720e+00,-3.761526505919541297e+00
-7.143853540813633884e+00,1.524756910433302526e+00,-8.143588344937134238e+00
-6.025511864567022258e+00,-3.609568354264713896e+00,5.429067815059748447e+00
1.275573404089095919e-01,2.366042182164700414e+00,7.659619761632943558e+00
-5.893693768566442337e+00,4.791641597961517895e+00,-8.413007921252159349e+00
-4.593062650090203647e+00,8.299510493952661605e+00,-6.313410017951402331e+00
-1.155947105813759812e+00,5.484893557662651631e+00,-7.195283677515758036e+00
-6.738211869848309554e+00,4.859371967309757956e+00,-1.567574638134803910e+00
-8.424534411498257214e+00,-5.300400385573535544e+00,9.855865171725779472e-01
-5.193263544377411112e-01,-2.377766615652406212e+00,-7.908894771501857157e+00
-7.703792768356574783e+00,1.854791374420251993e+00,-1.674285216468201831e+00
2.917358053588454125e-01,8.043391645123675326e-01,-1.288461871632658129e+00
-2.000589560374591791e+00,7.793718962906839742e+00,-5.217286094827554344e+00
-1.036233571496667061e+00,-4.634245699392142370e+00,-6.708867405864957334e+00
2.371043541902813967e+00,4.782176597807283436e+00,-5.368327130444448869e+00
-7.567612854407513190e+00,1.155181050961339828e+00,-5.854699855464344793e+00
9.009645433441785256e-01,1.905408712230559853e+00,-1.614763962347692150e+00
1.956522573257744924e+00,7.785711455426078231e+00,1.869923541768249153e-01
-7.942183242060433246e-01,-3.261260780941296344e-01,-8.208334956047234954e+00
-4.414838675203851537e+00,-2.717225980820749509e+00,6.768016152113924377e+00
-8.549288248090757492e+00,8.811310695403096194e-01,1.765977958895706967e+00
-6.751878269905772889e+00,-4.765837648488125744e+00,3.566791439772857064e+00
2.801796174252067839e+00,6.296320423022231161e+00,-3.471989044046144723e+00
-4.186598248508896170e+00,-1.982105756594693347e+00,7.005854592126027569e+00
-3.671624857998921243e+00,9.111835447515268527e+00,-4.679446964521623009e+00
1.598558289882270111e+00,4.850020702140911411e+00,7.455715710331305424e-01
-7.120395685635087624e+00,-5.298035062498980707e+00,-3.719637662002962308e+00
-5.669596942927723759e+00,7.043672663895085506e+00,5.877141269914049282e+00
8.283289582784922889e-01,3.620106157269828984e+00,3.891688439917054598e+00
-7.288552003094016518e-01,-1.274629768129591501e-01,5.838821109861871861e+00
1.640003222359830704e-01,8.317332407120090920e+00,-3.167918827269398108e+00
-7.903064723103936373e+00,-3.282428715390732221e-01,-8.005223402427974477e+00
-9.881828593937179717e-01,2.468152178148462550e+00,-7.998024385155775740e+00
-5.612410039541933932e-02,1.771704033300123049e+00,5.333347205417465986e+00
-9.459629370101126256e+00,-4.691037817007075894e+00,1.942179848068652515e+00
-1.815737523608453863e+00,-4.563061296895042140e+00,-2.599581263356575134e-01
-5.655786919342783214e+00,9.028905237522275584e+00,1.974616525546150969e+00
-5.734365652441493211e+00,7.103942684103183858e+00,-3.046074723959537156e+00
-8.885713560901795205e+00,1.392902460693205891e+00,4.357404420639693576e+00
-4.363526484146645679e+00,3.753942173861141818e+00,7.393884865487261315e+00
-5.527615894733099111e+00,8.571995776486332375e+00,-1.147272451382193248e+00
1.187315795512240868e+00,2.045450527951418351e+00,-3.419428193811550720e+00
-4.473938148688275440e+00,1.006769664625611860e+01,1.518282403260407420e+00
-6.081546627324610377e+00,-4.638878879134956001e+00,4.407900769392920637e+00
-6.092167571144997407e-01,9.396099699618279955e-01,7.916344345661602944e+00
-2.942144695182237424e+00,8.294979169019452314e+00,-5.139254284162802833e+00
-7.107174162362200898e-01,3.140112932398231860e-01,-8.275165820481628742e+00
2.330208321277356109e+00,5.632514861412952101e+00,-1.693531677873983510e+00
-1.508925129717733515e+00,-1.944589173126051840e+00,5.739794919394977768e+00
8.502772449304619728e-01,2.596098712818423859e+00,1.031519161286577724e+00
-9.247406760343549692e+00,-1.015155099093444813e+00,2.296295365801060306e+00
-2.336343461708592528e+00,-6.674287453845049178e+00,-2.309372906615955401e+00
-3.547770858857181298e-02,-2.180915441650661979e+00,-6.492724011316330923e+00
1.490922870124752109e+00,4.572892815645997366e+00,7.466839130136831981e-01
-7.605379131318919406e+00,-4.798189166663189731e+00,3.535737719931496770e+00
-1.016435383752712340e+01,-3.616138354938611688e+00,1.761809249808318212e+00
-1.029980556691433868e+01,-2.355127483328615323e+00,4.204698737801853881e+00
-4.796762513103359105e+00,7.437271464491697515e+00,5.602105606408012584e+00
-2.224157903781537993e+00,-5.357256771995912992e+00,1.524470474189818514e+00
-5.435664542093942231e+00,6.369960697529963412e+00,-6.021765991180475730e+00
-1.012789655727103977e+01,-3.083408946505328707e+00,2.633934031585786872e+00
-5.055462562805808524e+00,7.578101482738035521e+00,-5.662480134668066434e+00
-7.919203654232022771e+00,2.120758578984049958e+00,-7.315351327465996478e-01
-6.237398359061335107e+00,-3.493566165305272975e+00,5.618256914089544196e+00
-5.302831203924668557e+00,7.094893892060087026e+00,5.676101392542588719e+00
2.081166648782465156e+00,7.826234164613210531e+00,6.920301503984783720e-01
-6.932992511798781107e-03,2.232783935249436566e-02,-8.227279803707183703e+00
-3.891686274508249443e+00,2.326861861622495642e+00,7.725482574803195668e+00
1.554679207072357849e+00,2.707144459286361826e+00,-7.571079560717350887e+00
-1.688134165777561035e+00,6.428307868566511374e+00,-6.746007760071924153e+00
3.797049399096130151e-01,8.552766169299069077e+00,8.236945904819348296e-01
-6.661893717243673407e+00,-2.106923265556010172e+00,-7.478089959528068320e+00
-1.670356301535802945e+00,-4.441374631014168295e-01,-8.311146880725601704e+00
-1.843813478057008792e+00,-3.080933272226094033e+00,6.824604288961164222e+00
7.188738013509216040e-01,7.045013636305379912e+00,4.262826272469919964e+00
-2.476856510010348789e+00,9.617149698639046562e+00,-2.311418123821608273e+00
-3.689467689480504742e+00,6.824837322081928725e+00,5.571918239324057609e+00
-5.338544798286958049e+00,7.630189283888360485e+00,-4.369406615522360759e+00
-2.040894194141923190e+00,-5.942322066295709249e+00,-2.700130210180175183e+00
-6.682596912121999466e+00,5.441659328031790643e+00,-8.640962224190599228e-01
-7.192975484977118583e+00,-4.906298188256453585e+00,-4.712623265373828474e+00
-7.057390161680151763e+00,4.925404551668290054e+00,1.003400379362825667e+00
-2.630155653999968202e+00,3.705200383964295074e+00,-8.195787546319058592e+00
-4.101878003815440543e+00,-7.039484141062262168e+00,-8.307958783954823012e-01
-9.131495197048005608e+00,3.930095796712745893e-01,3.356167253837107456e+00
2.726799189276251312e+00,6.499062920496529117e+00,-2.497345445802683361e+00
-3.317480952585455389e-01,6.720146381593200324e+00,5.198110145027138529e+00
-1.021006602659187656e+01,-4.472778554726457578e+00,-1.980422134789200594e+00
-6.240501195678010760e+00,6.272548693771240913e+00,-8.476365310379820883e-01
-2.684883780597785208e+00,-2.548509993343191393e+00,-7.662463505834099742e+00
-1.851220089515638545e+00,9.235297116578781385e+00,8.251528529215504948e-01
-1.028927732336528900e+00,-2.944877021173603726e+00,7.258260694529142798e-01
-5.249288456476236320e+00,8.731356475255873661e+00,-1.015294611149139881e+00
-7.091741546560302645e+00,-3.159514932604366333e+00,5.328644654655151136e+00
-1.697235833923056436e+00,-5.940638947943815751e+00,-5.005374538287401975e+00
-3.684163534343606106e+00,9.794833938717689037e+00,1.921238342966819390e+00
-2.777869629624814873e+00,-5.471838102148728566e+00,-5.384748115938018387e+00
-2.671304292889105980e+00,6.072285791042127734e+00,6.104696947585265043e+00
-6.086566432091441214e+00,6.087977843806528178e+00,-3.866165020297180899e+00
-6.514775556593374595e-02,3.842806134949414254e+00,-7.652601256331189816e+00
-1.688685635963446119e+00,-3.272557861201166318e+00,3.782751400310311762e+00
-4.466470771498404879e+00,-5.975399074069446925e+00,-4.003416741908282006e+00
1.434946946947270208e+00,2.037330806603138367e+00,-5.974421752839532473e+00
-2.380238181543787856e+00,6.846104470416818799e+00,5.388814494121741738e+00
-7.281600579386326988e-01,-2.718270053615158055e+00,-7.746306316986260043e+00
1.432857100467008316e+00,8.095218711707861559e+00,-1.900914541078476905e+00
1.097162971466381531e+00,2.101058135507850366e+00,-3.703908469450369001e+00
6.068432949332228654e-01,3.809840498577665269e+00,6.854292957140413201e+00
-5.802452598690086560e+00,9.097430866815354733e+00,4.371820602942632306e+00
-8.526147058037325976e+00,-5.236387657614915092e+00,6.855283128994394959e-01
1.069477008235063753e+00,4.861998275629522692e-01,-5.103758142118300256e+00
2.151665687499866308e+00,7.799527048672453056e+00,-1.879720289464316352e+00
-2.347220183491156575e+00,-6.975976556729745148e+00,-1.749014042440364403e+00
5.832411118074352918e-02,8.726946992487862431e+00,-1.524054250948274403e+00
-2.668446171499251118e+00,-6.195061366987122398e+00,2.500414500697667020e+00
-8.468404931831686966e+00,-5.135586152195240617e-01,-3.451467842293884924e+00
-4.325261055780718067e+00,5.890657486909000262e+00,6.462443667565257677e+00
-7.083146838230158338e+00,1.942869702423225986e+00,-8.361098589153440841e+00
-6.479889200654780801e+00,-3.444680411316256574e+00,5.326730490446713873e+00
-8.040902945879530250e+00,-2.489504418238351224e+00,-7.185315970263724594e+00
-9.174279474896428255e+00,-3.244715851348143776e+00,-6.087198646716346140e+00
-9.235311785291107967e+00,-4.430519806803267180e+00,2.738860917547990326e+00
-1.016172675819368987e+00,-1.697253711870527981e+00,3.683947631909642251e+00
-3.068578609415648639e+00,6.576936880567060051e+00,-6.960819575185149155e+00
6.202275441089148966e-01,6.467514814299645920e+00,4.996937348446572891e+00
-8.670470329611323024e+00,-7.021876480200330839e-01,-2.927125410983381304e+00
-6.689003842823742829e+00,7.532939512397877735e+00,5.690665551876110229e+00
-3.449200759362689883e+00,-6.368262562851547237e+00,-4.234747618334786523e+00
-3.052760306655394107e+00,9.318740718550781565e+00,2.369418794694722941e+00
-5.009817028759617763e+00,-6.368187147243109969e+00,-3.077102763721014433e+00
-2.395585956926412408e+00,6.616782912536554484e+00,5.771680414702237805e+00
1.248794581582581609e+00,3.499632748525899117e+00,-1.319973390059569152e+00
-1.009863263007448886e+01,-4.063485176335490223e+00,-1.300770701487951486e+00
-3.402430000222934847e+00,-3.172911156705818136e+00,6.934916978437198232e+00
3.654642626402599542e-02,6.645946672867222738e+00,5.187063146095761468e+00
-1.157557831317498565e+00,-2.585639312430441095e+00,5.730971297505637052e-01
-3.192136850208696863e+00,-7.154084411899559903e+00,-2.082511955367063905e+00
-6.634382514621838034e+00,3.408723200968025502e+00,-7.490646058461702061e+00
-9.447649158473372388e-01,7.393542642975812207e+00,4.552215118628959445e+00
-6.247863963133189813e+00,4.007632854758672813e+00,-8.111736368805743780e+00
-7.235145646869222347e+00,-5.454786375062538717e+00,-3.323379123177940819e+00
-1.111380978906327144e+00,-1.123277503871604077e+00,5.755917193121034892e+00
-9.407767439720673863e+00,-4.100288855486582840e+00,-4.598863910212379835e+00
2.519750543344643656e+00,6.014348603043112362e+00,-4.697987515127569402e+00
-4.371270323782778355e+00,1.015411222217720422e+01,-2.740061609368537265e+00
-8.206174141305417891e+00,3.369140802273578927e+00,5.331687143047443733e+00
-5.441865687214882286e+00,3.742266335520741727e+00,-8.828736175098301331e+00
-3.482528243149064728e+00,3.258970133326339891e+00,-8.536598580549529913e+00
-5.600006472748991548e+00,6.680538747720089710e+00,-3.924305144959635783e+00
1.252953237856190949e+00,8.402849651748477200e+00,-3.405151408594191409e-01
-9.491329698012431759e-01,-2.348635710658857789e+00,2.278988211884592996e+00
1.194843680265482044e+00,2.389769175916167665e+00,-2.941587668743371520e+00
-6.042800148897807588e+00,6.060216157388953029e+00,-3.554000341301090771e+00
8.522078761642861711e-01,1.668874442738947472e+00,-1.801348925909974419e+00
1.026404094668138089e+00,3.847228778575814800e+00,3.510810023452981099e+00
-2.838029628064416277e-01,-2.759519284603657585e+00,-6.467741543583877650e+00
-7.125705527720278099e+00,5.053364194967568501e+00,2.248163586633583400e+00
-6.713182456211344018e+00,4.926098234399632680e+00,-2.353684363531205470e+00
-2.023532313424567963e+00,6.129165665551056463e+00,-6.925576544908898846e+00
4.486983826162259659e-01,2.186856402169640390e+00,1.788424708493564053e+00
-8.260478792869385245e+00,-4.353840889998372710e-01,-4.419053307916019691e+00
-9.926546967153640821e+00,-4.121622091627996198e+00,-2.376600138275992702e+00
-4.812894115382224669e+00,-4.082557724413467426e+00,-6.439346047154929309e+00
-4.689485685042640739e+00,9.969379514433480693e+00,1.805646601652893368e+00
-8.815910480034064634e+00,-7.921298305959275643e-01,-1.253663092091853004e+00
-6.371947648766457029e+00,9.077550644334725360e-01,7.411533713042403271e+00
-1.332686070756775587e+00,-2.102170672804529961e+00,4.044158666091813181e+00
-6.295831923214542769e+00,6.163096804528239936e+00,-1.150175851516338943e+00
-9.731786844573311335e-01,6.732371033482446698e+00,5.123454513644780661e+00
-2.067565877075580705e+00,-5.173307159410594380e+00,-1.006468961709832410e-01
7.516722425785019590e-01,-2.979140917428070856e-01,-7.645584333825723888e+00
-4.366969411357619180e+00,8.183608447136853314e+00,4.553515466263106326e+00
-9.989722927268850583e+00,-1.697147353511109458e+00,4.791674487849318709e+00
-6.757072673086499393e+00,6.065931796239563134e+00,2.295044339410323708e+00
-9.981679056517320348e+00,-4.181715698728813102e+00,2.482618439703427438e+00
-2.311713869605491745e+00,9.071727883873421661e+00,-3.571066184831027002e+00
-4.306947315280599931e+00,-1.402232765015864357e+00,-7.999923710680175049e+00
-5.399710078744499597e+00,6.960962525122329048e+00,-5.485717577558228086e+00
-4.790261558227962624e+00,6.446175256940604115e+00,-7.731521539246543284e+00
-1.015195415048849092e+01,-2.253694632783396212e+00,4.192338418522112420e+00
-2.888945386151350103e+00,9.547682119941468315e+00,1.559425771707482866e+00
-4.727452061381192117e+00,1.002837283242834587e+01,1.573772580275354382e+00
-4.842610829451012400e+00,1.776771576384743145e+00,-8.766532602468808832e+00
-6.371997244884699541e+00,4.634772071014388928e+00,-5.286880316102704924e+00
-9.509473176401968431e+00,-1.303899451156060207e+00,1.974875468727912864e+00
-7.130850731691254829e+00,6.509712499314254330e+00,6.294250631706953314e+00
1.822715218893596001e+00,3.024167179398132177e+00,-7.480429152971399098e+00
-7.666295176800202782e+00,2.938342737413441111e-02,-8.133553015903290273e+00
-3.873182210689295246e+00,-1.928815181810686230e+00,7.397579341127815233e+00
1.051611477878786616e+00,5.140066580499966342e+00,6.141717169285465516e+00
1.585568949787182325e+00,5.114446219348410594e+00,2.126726177952245500e+00
-3.995207177969081869e+00,2.204913391325468985e-01,-8.580622861278420999e+00
-8.102666752821262364e+00,4.276735031777946006e+00,6.941794762719353251e+00
-4.151471863277637731e+00,8.387830936026674067e+00,4.303318662028464026e+00
-8.643741439695316886e-02,8.585530174897384015e+00,1.111447503828543626e+00
-2.020057075177409178e+00,8.864418033782614614e+00,-3.536961976334239477e+00
-4.278425923303039724e+00,4.001706200520316337e+00,7.261756619632982357e+00
3.623539394760888488e-01,8.501588864049244521e+00,1.155574702334913662e+00
5.474128043521188092e-01,-4.711824801584291733e-01,-5.128495738481498201e+00
1.090740827830283699e+00,3.449454293515067160e+00,3.183908167040701009e+00
-7.226785757794331744e+00,6.339150156501077937e+00,6.441277264883819242e+00
-6.738504712563084809e+00,4.821990019257873961e+00,-2.426209908186856445e+00
-2.959538876814125530e+00,2.933665648076193122e+00,7.518147889584900767e+00
-3.996545076623188031e+00,-6.130153709590055122e+00,3.719605048767195221e+00
-7.190890185482055053e-01,8.760402887543765615e+00,-1.929452574932094100e+00
-6.561776296291846222e+00,6.288098848754553494e+00,6.464336478652137785e+00
-1.215249701361281076e+00,8.271498034113195175e+00,3.193560689656754104e+00
-6.956023183221603512e-01,-1.015001951177483930e+00,8.399128647290178273e-01
-7.576798540656013436e+00,1.611049351116006445e+00,-4.433266118937397415e+00
-1.090060317463615203e+00,-2.683685576202722967e+00,3.203463966349621161e-01
-4.750942181731544700e+00,-4.593237419503259922e-01,-8.433601291172593051e+00
2.582393624555733957e+00,7.553899455299246668e+00,-2.137996069747092331e+00
1.472334027928469791e+00,5.061967513119197903e+00,2.834635759264927390e+00
-1.613362889550391088e+00,-2.684169903743441665e+00,5.770067599289268934e+00
-2.836752334787623120e+00,-5.986451106792969767e+00,4.571072565261490084e+00
-3.906637307155086614e+00,4.782118311631434970e+00,-8.311961014148446125e+00
-5.587950737100991994e+00,4.183132029479131653e+00,6.985195496240729440e+00
-6.049342303570152346e+00,6.233488407596404102e+00,-3.428248398591343893e+00
2.146990440774100062e+00,5.250694842612608326e+00,-1.836729932066535342e+00
-7.276441934513598886e-01,-3.500571628580017580e-01,5.660137435071247225e+00
-8.670677429128790692e+00,1.272030815961275652e+00,2.843800440723681877e+00
7.570976578784800459e-01,4.127345328436642369e+00,6.205570732486158647e+00
-7.625402664899606719e+00,2.357949294303227084e-01,-8.123698937650337015e+00
1.315083801617831449e+00,1.905183640245593057e+00,-5.856597126599074166e+00
-5.386449599761785834e+00,8.101700117602758766e+00,-3.339884472306242191e+00
-8.815275647567549555e+00,2.227169497422063049e+00,6.279625386922393915e+00
-7.533172306617048619e+00,9.883148044378546881e-01,-6.986603350116360467e+00
-2.816032820868226150e+00,4.204712498357999095e+00,7.050036241987350571e+00
-8.561724468503852492e+00,-3.877022933240746316e-01,-1.615700262269471166e+00
-7.429584828197264734e+00,5.309543776752153832e+00,6.022474894772158471e+00
-2.897252106457242959e+00,-6.322599031895665966e+00,-4.285319252161658987e+00
-1.095034158451401174e+00,-6.508579013208671826e-01,6.562151524432376704e+00
-7.271243683775854727e+00,3.023587773954916624e+00,-3.921759404296543128e+00
-1.390971832989477130e+00,-3.789187155210086200e+00,4.550308157687631971e-01
-6.701020448463942181e+00,-2.088361907705225562e+00,-7.453428799944234129e+00
-1.833045321383341753e+00,5.353567648122224298e+00,-7.361119623341398466e+00
-8.188381246238362721e+00,-9.312748441395012344e-01,6.423389164050951727e+00
-5.295810500797731635e+00,3.438231642722553438e+00,7.493944998730305507e+00
9.042097392480259455e-01,2.325601675004418389e+00,8.069371204777582296e-01
-9.213214672129304006e+00,-2.577034709162327353e+00,-4.278223886143624810e+00
-8.719749055318445130e+00,1.551129489501011260e+00,4.281435597922079062e+00
-5.141167819294973462e+00,7.521584203899394083e+00,-6.587162747484720526e+00
-5.836967832980120008e+00,8.486068482927109358e+00,3.292475212774092164e+00
-6.657591932189562023e+00,-6.201253389237754376e+00,-2.906368822980185951e-01
-7.876881353931268315e+00,7.048712777243340555e-02,-8.055496982912879744e+00
-5.312720163427393061e+00,8.197434379439684449e+00,4.953117895073924970e+00
-1.572915040640968654e+00,7.293257880427359119e+00,4.802665582796747046e+00
-4.521630937437965514e+00,-5.683523860371572090e-01,-8.319929636170259712e+00
-2.883733339786008099e+00,5.237675018802832483e+00,-7.882773327836777533e+00
-5.097767839833406978e-01,4.844103687333539021e+00,6.805186042236860189e+00
-4.019825775213170971e+00,8.979795933036864852e+00,-5.089114771210361710e+00
-6.814162331253197813e+00,-4.691394643719484669e+00,-5.099144217734141726e+00
-1.784588262341015419e+00,-4.509885814147621019e+00,5.862058441261090991e-01
-6.124108169269974589e+00,6.584675454251024185e+00,-1.433460339424162122e-01
-6.206473484069745972e+00,-4.246794074610704683e+00,-5.654688844296873462e+00
-3.824440758949871011e+00,-5.037384962314602532e+00,-5.744839174857342634e+00
-2.074736395831307811e-01,-5.684893109780506659e-01,8.444608470184772342e-01
-5.274454984972980931e+00,2.168121516452540032e+00,7.680273776305742928e+00
-2.754078089616904257e-01,-1.715053769729028676e+00,-3.344576983712734375e+00
-4.988707808088733486e+00,9.682910605115370828e+00,-1.428788940255398376e+00
-7.998717674379027365e+00,4.299286253043383965e+00,6.055191622495211590e+00
-7.642154922905273651e+00,-5.676807749697827532e+00,-2.531620130699650861e+00
2.957888503712116091e+00,7.058878088795981220e+00,-3.028193897017974034e+00
-6.101840216833307018e+00,5.995573507709759831e+00,-3.881238157981604431e+00
-7.610018824093687684e+00,4.239096999606813299e+00,7.090861500550623475e+00
-4.381380869493218810e+00,9.941558029953981190e+00,-3.456171325098548852e+00
-6.978221795688609674e+00,-1.756115983086983245e+00,-7.628770637050714676e+00
-4.789310632175771687e+00,3.175352658445399712e+00,-8.819793349608641364e+00
-3.406235666237446669e+00,8.827580653614411688e+00,-5.073757453582145693e+00
-1.636000320774900540e+00,-4.932132102548251851e+00,-6.341892390946892277e+00
1.037294006523173495e+00,3.337006643951078821e+00,1.335158272320859263e+00
-9.594227642905273967e+00,-1.540259110242210516e+00,2.720753322047827716e+00
-5.474044474984726349e+00,-5.684026933228886413e+00,3.337911959046005794e+00
1.365371877223119590e+00,4.533241502505119591e+00,3.245395188883978488e+00
-7.262286303388676423e-01,-4.067659404877792539e+00,-6.939622977673990611e+00
-1.838683290636746959e+00,-5.334458701596580532e+00,-1.815779244024936290e+00
6.727694283156117061e-01,-2.938264269351947844e-01,-8.111158294905973065e+00
-4.076134762507221954e-01,5.658436955594193796e-01,5.510479794178928081e+00
1.876210497777322184e+00,5.352148291703330507e+00,-6.019319083844095530e+00
-1.335745140859060820e+00,-3.271463179795613296e+00,1.896785759290149365e+00
-8.207517109478761341e+00,1.507470242709235464e+00,1.035863541219455897e+00
-6.005562807363399314e-01,6.876083865203442613e+00,-5.813987056646297447e+00
-5.761246412918471504e-01,5.547364116397588418e-01,6.685197304950644792e+00
8.418255008072476897e-02,-1.110374546123684691e+00,-2.664713966107266074e+00
-1.280762014048390629e+00,-3.771435560000572895e+00,-2.259159570592323973e+00
-2.921029264807578851e+00,-1.560802743067727594e+00,7.666081321317763653e+00
-4.809853068598774151e+00,5.368263718110999783e+00,-8.364810485747510072e+00
-6.321123382536704582e+00,-4.365954644661476536e+00,-5.603204679570341185e+00
-7.265479029424334101e+00,3.689995293962323508e+00,5.334326929131646966e-02
-6.892540559293064639e+00,6.488394524904525618e+00,4.647770700778551145e+00
-1.656884339642671122e+00,-2.467105763061648638e+00,6.477485493737830780e+00
1.146060073756650505e-01,8.685491790253257349e+00,-7.947906339261909814e-01
-4.870871700222508593e+00,9.382718766957156120e+00,3.231926681917492328e+00
-8.686079281041280353e+00,-5.315593527104765847e+00,5.517411488310525192e-01
-1.233465113600887397e+00,-2.940212545619563134e+00,6.627452685228420182e-02
-5.738432489862286268e+00,1.418005566615158086e+00,-8.747017584653919542e+00
1.321196959969904938e+00,3.363356825780329018e+00,-2.882498401844541536e-01
1.581362394378561742e+00,3.280843437463182077e+00,-4.435448423657478045e+00
-1.047736103548696285e+00,-8.432363617967990610e-01,6.107026685070604088e+00
1.864429769608741738e+00,3.423084112899665410e+00,-4.704094639741422057e+00
-1.037256449893798482e+01,-4.332484111536652804e+00,1.669409309694866339e+00
-2.136076513798109922e+00,7.858655545077755988e+00,4.211041957918260970e+00
-8.739275873769064562e-01,-2.926307235933381268e+00,-7.550343066226096411e+00
-2.331080037579886355e+00,-5.004603367010251880e+00,4.011733438195681067e+00
-8.832708166986485310e+00,-5.339369255710852080e+00,-1.617415227251654208e+00
-8.325517426827037326e+00,2.048016645856249873e-01,-2.546344286686994973e+00
-1.242180633869560902e+00,7.407899758163891235e+00,4.384786520932816067e+00
-3.047509577721316809e+00,7.420291706502120554e+00,4.999337048226236035e+00
-1.174919697301532312e-01,8.001492981071844923e+00,2.898251680105891737e+00
-8.116409353450572794e+00,-3.692783491577405486e-01,-6.553689052790288017e+00
-7.814811211560069637e+00,-4.657557039551724620e-01,6.755179843112482985e+00
-2.776820913151532455e+00,9.021777830337990522e+00,2.820449854906336817e+00
-4.209432239371926343e+00,-5.260523599000647366e+00,4.727905274970614968e+00
-8.891483373666877910e+00,-1.366190243967488671e+00,-2.803813839166338084e+00
-5.007275875314249891e-01,-3.387387906455837094e-01,3.086979163147022476e+00
-3.403583237882418899e+00,4.595431229763073944e+00,7.096816484397112212e+00
-9.028355678420100006e+00,7.397626352257122839e-01,6.697212273755281942e+00
-9.878903653386901240e-01,-1.346856921051052369e+00,3.888769040557479517e+00
-9.218106001856465781e+00,-2.070425345437776343e+00,-2.385221300134401368e+00
7.826454088862311309e-01,2.149433833653723092e+00,-2.249252956605074238e-01
-1.970996496398129239e+00,-1.132918305507829571e+00,-8.126774398264098309e+00
-6.234841526839232984e+00,5.380546782160910091e+00,-4.012858147467270875e+00
-2.743919411226789951e+00,9.640255904027288381e+00,-2.309808873918074656e+00
-9.562122552691624477e+00,-4.257014103394335613e+00,2.588914089513069339e+00
-9.298491584571948465e+00,-3.015615222065866075e+00,-4.971921895196963703e+00
8.166433572818310171e-01,8.289472698856197752e+00,-1.402890253967211454e+00
-7.454578987290302550e+00,5.452490309148495307e+00,6.814149984024801654e+00
-4.802638482642447748e+00,-6.817984587743540992e+00,1.103954736681050042e+00
-1.714331710165341249e+00,-3.542696732045842012e+00,3.948522028133935713e+00
-1.047577057728060446e+01,-3.513541373640478138e+00,3.363161392779999925e+00
-5.242021453628732175e+00,8.822276029048077284e-01,7.560424287089973383e+00
-9.061088076601701014e-01,-2.752138725512853767e-01,7.953760421382569668e+00
-2.402767062675868370e+00,-3.283839081614423616e+00,6.882819545421299701e+00
1.190581654997964201e+00,1.985999449880317291e+00,-7.719230793216186548e+00
-1.316128983639000438e+00,-4.161175994399963329e+00,-6.814133770015078362e+00
-2.681988730337266702e+00,-7.054233965977465992e+00,1.324364567801620818e-01
-5.754525643466577023e+00,8.086300223697001632e-01,7.479538027334681871e+00
-1.517082727357815575e+00,-5.111720819410325412e+00,-3.362048391897023425e+00
-5.603433762184111266e+00,-2.796296953368621274e+00,-7.126528236309955133e+00
1.650760332027531252e+00,7.315979028722624733e+00,-3.256365773673927322e+00
-8.098204981999068686e-01,8.584459451894360882e+00,2.212342519024331100e+00
1.260504188334207409e+00,2.937092674644327772e+00,-4.899081402649618777e-01
