9.387507988871833575e+00,-1.857474783754184289e+00,-2.870428485064751456e+00
1.065297431799933037e+01,-6.218580229196715159e+00,3.317252064981678572e+00
7.906371232945591743e+00,-2.388892526981451603e+00,4.860787157477848730e+00
6.666804260478071065e+00,-7.654897969987915829e+00,2.821010885736884077e+00
-1.211211482421999186e+01,3.197032058419128298e+00,-4.271697854790009963e+00
-7.619657638751874407e-01,-5.461886408854073949e+00,4.279355981314791002e+00
1.651278344304397550e+01,-2.656204448731348755e+00,4.396154828425559713e-01
1.212486272593845671e+00,-7.672559517431841059e+00,3.426748027900600402e+00
-1.028376082775170675e+00,5.111650532119011103e+00,-4.414740412232729838e+00
8.038628813950152718e+00,5.253454616504676267e+00,3.456928409374732336e+00
-1.385771462473597060e+00,-5.465916317322208506e+00,-3.293110655994299751e+00
1.062267648894563443e+01,7.543700951216288253e+00,-1.258315629308019323e+00
-8.014728514062015918e+00,1.959956148504748308e+00,3.159280487847526242e+00
1.297993293886790056e+01,-5.887491464067069913e+00,1.324786297851376915e+00
-4.914779218667623795e+00,-8.225299931564903133e+00,-1.515080814502810735e+00
-3.228354988239430678e+00,-9.125953121409700941e+00,-4.452142376644779159e-02
-8.082778433080076042e+00,5.614155732975844026e-01,-4.917461499227995247e+00
1.423173261961480529e+00,2.426515400985956195e+00,4.356266281680680308e+00
-3.147498745728315228e+00,-5.593647421771930972e+00,-3.334082846179048154e+00
1.571332077311940978e+01,-2.960468229319575872e+00,3.167445754366115196e+00
-1.002003311750488379e+01,7.312703323265518307e+00,-1.040230828407484154e+00
4.377654299549056383e-01,-8.650093236385135498e+00,2.435836141881448924e+00
1.714244159133150314e+00,-2.488414516757721184e+00,4.851756575381267922e+00
5.814594823216816089e+00,-6.590299411129699969e+00,-1.550563447039660758e+00
-1.029227905693490364e+01,5.766876843040099843e+00,-3.745856424277355323e+00
1.328873218734382533e+01,5.079585476889925566e+00,-1.630753089543864887e+00
-1.116082552736288314e+00,1.756511041788947347e+00,4.295685830251811943e+00
1.805357960471553369e+01,1.691173725107107950e+00,8.415706961634549232e-01
6.832303225925510759e+00,-3.889645229103160240e+00,-2.776684683691365674e+00
8.262025735956212813e+00,7.787039991162559183e+00,-1.791584781764987255e+00
1.546616700976099601e+01,2.124918976346675148e+00,3.392262732411423176e+00
-9.154451190207465672e+00,6.613941413435576067e+00,4.595208910324312113e-01
3.618428485659366700e+00,6.896442147404611589e+00,-3.431743840836161574e+00
2.957540717984166179e+00,-6.312536470829272162e+00,4.186489769911083236e+00
3.450782450252350420e-01,4.419588467915894547e+00,3.682733046452168590e+00
-2.454669251952505071e+00,-6.775532038823041781e+00,-2.581894700632615169e+00
-1.674232165677222328e+00,-8.216454020384103885e+00,2.811345173534813835e+00
1.545670104087033003e+01,4.824026200187171654e+00,1.984495720939737362e+00
-1.717436206855379410e+01,-3.283931063712080434e+00,-2.097044445212020491e+00
1.038290639825723893e+01,-7.118316420939365230e+00,2.135477399745917992e+00
1.566510006542878086e+00,-8.731652629253487063e+00,2.199462027431742683e+00
-1.809875488428090407e+01,-2.087898009988882642e+00,-6.573111949500501927e-01
1.118924496384215317e+01,-2.617528324710498122e+00,4.452300793059290385e+00
-4.626021126211108836e+00,-3.960333399027049062e+00,-4.056446900595889637e+00
1.544621475665589649e+01,4.932572249686466570e+00,-7.024075510824967505e-01
-9.575881299504562350e+00,-6.442055284426903228e+00,2.463959531193047781e+00
1.359118946238375436e+01,2.236822787262348289e+00,-2.211957973714121284e+00
-8.021413338304544283e+00,-3.523531075805471868e+00,3.587465808789558341e+00
-1.127401115619273320e+01,3.928850636843726818e+00,1.683348591543520012e+00
-1.113967489857623505e+01,4.069204056952808735e-01,-4.607759801827441493e+00
-1.808130840360612979e+01,2.416909886935726115e-01,-5.418023487690543094e-01
9.928938012833864235e+00,1.352973125389644871e+00,4.602962089320488559e+00
-1.520748815722632230e+01,4.090879087804929704e+00,-5.030309383735480644e-01
-8.267114748737528274e+00,4.553587254027208431e+00,2.204002533796632690e+00
-1.074392731834238646e+01,-7.296034259550597589e+00,-1.615887100041400792e+00
-1.703837148873568452e+01,-3.533680501196348800e+00,6.112768331301448449e-02
9.326374248638655828e+00,-3.875523541305088138e+00,4.508629953626742903e+00
1.566794971745840215e+01,-4.149973313761910809e+00,1.189612457966873205e+00
1.512576632138624788e+01,5.628689859262012263e+00,-3.585124131218251353e-01
1.647771891399684580e-02,-8.189039272566661865e+00,2.865141803667614617e+00
3.730835736465813568e+00,-5.051742281710293270e+00,4.587166617629295118e+00
-1.191153567237567401e+01,-6.530991427695354901e+00,-2.057987973934228165e+00
1.289682311989048280e+01,-5.819934441496957156e+00,1.144689583875461159e+00
-1.192883749805816862e+01,-1.205272875364868518e-01,2.664074736554518097e+00
-1.092071425811232643e+01,3.744089017473725356e+00,1.825790041402992614e+00
5.914706908910964067e+00,4.040912496064447801e+00,4.076016896836547332e+00
1.791755840270099753e+01,1.874300135645389664e+00,3.060884511637000371e-01
-1.730561675952163725e+01,-9.567904932395925321e-01,-2.770697172805167252e+00
9.431899223222595552e+00,2.395258942942112501e+00,-3.412358972615872954e+00
-1.572306211265634701e+01,4.521122314647478824e-01,-3.607109374929479806e+00
6.915877091417290679e+00,-1.844931056993017071e+00,-3.413645112319661390e+00
1.604115198056362246e+01,-3.587053830277691646e-01,-8.082225201713351126e-01
-2.787475231962344591e+00,6.900755951764817375e+00,-3.886541702653569352e+00
1.625088519505146678e+01,-3.408549005788532593e+00,7.084909477769667507e-01
1.335682753868351114e+01,-2.309895250731599958e+00,4.232244002392132387e+00
1.533242707197177879e+01,5.338104430528191280e+00,-1.506488332065576974e-01
1.436476180487076348e+01,6.165054137608454887e+00,-2.687240690715415534e-02
4.152619432442590686e+00,8.571945269704210446e+00,1.073388542114732447e+00
1.758365765894151522e+01,3.044740672604224763e+00,6.755302403300122993e-01
-8.463661454484729063e+00,-1.450007787151793848e-01,3.446841670904346788e+00
-6.574737655942975323e+00,-7.392841989025503047e+00,2.639651546701467399e+00
8.166481058622116151e+00,7.310816438371301906e+00,2.144934822338576907e+00
-1.034710009531658237e+01,4.064013845054600615e+00,-4.384256294198316972e+00
-3.697474538141305000e+00,3.288324442524169555e+00,-4.851706500791282295e+00
-4.020382311540670273e+00,-8.578167398794747101e+00,2.248229768618831503e+00
-2.328993445960304776e+00,-6.360703552840047514e+00,3.849535817836488683e+00
-5.709201438303154852e+00,8.017104898737404284e+00,-2.637522562789847758e+00
-6.007449921508707824e+00,-4.626863888338501596e+00,-3.765344107961918318e+00
1.610093964593338356e+01,5.098526093581142504e+00,1.327977162126717792e+00
-1.296577782104867360e+01,-5.443671795134714664e+00,-2.726584651747183674e+00
1.443548915099461638e+01,1.521399718768240206e+00,3.818337218802259958e+00
9.101690289636028552e+00,-1.650079109902031993e+00,4.811308036117898368e+00
-1.563286165176783982e+01,-4.252039946802870674e+00,-2.522882764518425969e+00
4.089999700139959948e+00,-3.436168610407279278e+00,-3.468581158774904694e+00
-1.416956967741716511e+01,-5.816301995587182638e+00,-1.860964427217863371e+00
-3.395570839982528177e+00,-9.088707351578129590e+00,-1.846063988243998311e-02
-1.509021358437212079e+01,-3.797409919402135348e+00,1.332416439710794709e+00
1.661978686330915167e+00,2.005119909777040021e+00,4.505402775565648277e+00
-1.380386484555030790e+01,1.658733813090514042e+00,-4.183815526581001087e+00
7.347309248073769616e+00,-1.053439842237528845e+00,-3.527587499552881312e+00
1.700569315980521079e+00,8.680831692732835947e+00,6.989462013066769508e-01
1.334404726415557008e+01,-2.007924424044647438e+00,-1.685064712269383369e+00
1.110669798938336061e+00,-3.205609670107242071e+00,4.726906478993149641e+00
1.598022214220395831e+01,-2.022170270040981599e+00,3.409114135831911696e+00
1.348215471672385313e+01,6.610708617127463604e+00,1.068270695525870284e+00
-1.356213657135348249e+01,-2.727860477294877573e+00,-3.794125054412739839e+00
-1.479546686041750903e+01,-2.033409089576321271e+00,1.626341798093954294e+00
-1.693515192224538879e+01,2.812577865767957874e+00,-1.050724182838537191e+00
1.285295646510367540e+01,6.786315340670636687e+00,1.136772246236517070e+00
1.027557877282739263e+01,-3.118314626637103348e+00,-2.251017026500351736e+00
1.099317853834998004e+01,4.860931318142231561e+00,-2.607818609503120388e+00
9.580993657846622824e+00,7.788813033408802156e+00,1.282721327409377832e+00
-5.007024781184085782e+00,-4.203806271886636026e+00,-3.990096989652673898e+00
2.515836182997517878e-01,-5.412072361823826228e+00,4.329781761731398504e+00
4.257934161708210929e+00,6.054778156834871972e+00,3.188071111947198499e+00
-1.810070986297337470e+01,-2.442944459508187283e+00,-1.324595300221897753e+00
1.483429159749168491e+01,-3.953749383324127731e+00,2.956783446854311936e+00
2.131531727776184937e+00,-3.752497596130272228e+00,-3.651164085276068505e+00
4.243696012087568192e+00,4.832225454965137224e-01,4.865043645582701970e+00
-9.757348306384198366e+00,7.112134018831232751e+00,-5.158675508806781496e-01
5.774657491860745395e+00,-7.517335006441805412e+00,3.165947136554234653e+00
-1.654362532050022949e+01,-3.255907076464882532e+00,-2.537162176664097490e+00
1.110047456507596308e+01,-4.966198319676644601e+00,3.973522278980263334e+00
-1.618747906643044843e+01,-1.461845851355197068e+00,-3.221967906832247319e+00
1.378390812303916135e+01,4.289698893735273799e+00,3.069001321627168544e+00
-1.350818881483955991e+01,-3.101771801992645905e+00,2.178311113169411950e+00
1.550684620471152364e+01,5.228920537971004201e+00,1.606451847259102061e+00
7.806623000359858899e+00,-7.234444421807324055e+00,-4.656809511652967304e-01
-9.710497646167183916e+00,-7.560794692162061459e+00,-1.406599793340376658e+00
-1.319506563117602482e+01,9.641235108285334254e-01,-4.326146803731266921e+00
4.368297138849190020e+00,-6.174849323419178582e+00,-2.204070169647071697e+00
1.275299498767240003e+01,-2.534014631159966502e+00,4.295682432498712622e+00
2.677186668796455837e+00,7.249042680961342633e+00,-3.326157310032065606e+00
-2.099241107651794724e+00,-4.125632341233989031e+00,-3.945719919075069804e+00
-1.555853764836804842e+01,3.525030400958271137e-01,-3.779517657247343010e+00
8.146011639767884560e+00,4.643930916440640821e+00,3.768431955287864454e+00
5.825355531497828920e+00,8.759053050145110930e+00,-1.053175088056708564e+00
5.530324476920304377e+00,8.868894786447837575e+00,-1.120851407588194792e+00
-4.733482922591458752e+00,6.011977274329247223e+00,-4.271148121933457276e+00
-2.114623336341928006e+00,3.595875782197444970e+00,-4.826035175810264199e+00
1.756172621053888605e+01,2.923770634450077455e-01,2.596725033682023120e+00
-1.542070887575462379e+01,4.478741349669861371e+00,-1.365545457889980163e+00
-1.768758251383014724e+01,-1.800099555043419564e+00,-1.916198492305088152e-01
1.291249546723411790e+01,-3.591469157930128997e+00,4.043029883027749349e+00
1.724577682404755308e+01,3.984692570916868792e+00,8.686458519059053751e-01
-5.831381054185325041e+00,-8.644244703388077156e+00,1.390613875359463014e+00
-5.336226980327420932e-01,-8.545584331130184452e+00,-8.257069540391599460e-01
-1.426298468628444738e+01,-3.734674629597493301e+00,1.658420483656894318e+00
7.502492748360599428e+00,4.682802926246306008e+00,-3.493840920738965572e+00
-9.832132786433194216e-01,2.964027268152153116e+00,-4.806882684928344140e+00
1.607387605467768665e+01,-2.980736630524875252e+00,2.768894575033703287e+00
6.777640159661073582e+00,4.732136428191869193e+00,3.807557403516511840e+00
-1.218671148221694445e+01,-3.889133116510959276e+00,2.396901089764248205e+00
1.030645650342428610e+01,7.982872491960510963e+00,6.696678807981174542e-01
-5.604258001098311404e+00,1.909412076643272060e+00,3.708053267441006717e+00
1.575837996532585450e+01,-1.859645954133559709e+00,-4.937200314594466510e-01
1.196245344503729235e+01,-6.326099738860465393e+00,2.431372756333809892e+00
1.187960951662172704e+01,7.336185935333110919e+00,-6.152837132175770218e-01
8.358921681502277323e+00,-3.296291777551843438e+00,4.717765878791783329e+00
1.571619235259154657e+01,-3.390741024698864070e+00,2.771822308113240929e+00
-1.663768395024487745e+01,2.432280718251526863e-01,6.043038088725330992e-01
-1.348122358324439052e+00,9.033685304257465631e+00,-1.105516589895750634e+00
-1.214386689241916173e+01,-4.138648880211884595e+00,-3.457319470398009464e+00
1.221769248465627200e+01,7.522699819593838821e-01,4.409699699297322084e+00
-3.119797026612531887e+00,5.620618271763470730e+00,2.758504323034686845e+00
7.469680211394353009e+00,-7.744471688181143065e+00,2.625647663199501380e+00
6.368075229799626591e+00,-8.246189599196407372e+00,5.222507001102728585e-01
-1.287218147266030321e+01,-7.053743528053565193e+00,-3.686361942110955026e-01
-1.298605996227419546e+01,5.149267801413655476e+00,3.403219933741467168e-02
-7.731490534490410127e+00,-6.575533076668474308e+00,2.923058383605859678e+00
-1.618908603448720385e+01,-2.996099525465123481e+00,9.766558945294707694e-01
1.262210544252701006e+01,-3.566495934903347820e+00,-1.359575613650846115e+00
1.726385498574650867e+01,2.743720993274621378e+00,2.375216898928218523e+00
6.402129844282873350e+00,-4.113576740581031288e+00,-2.795768482847986736e+00
1.617583746692571012e+01,4.750319074350811022e+00,9.647219281902756627e-02
1.221603674317867849e+01,-2.008458827286021542e+00,4.449342778875703175e+00
1.823091725612637548e+00,2.376608674567321167e+00,4.351602664956288891e+00
-2.007277023794832083e+00,-7.506793910134809344e+00,-2.037766328060738097e+00
-1.769407166184210567e+00,8.676775221710657959e+00,-2.273382804523487177e+00
1.825515767106377396e+01,8.655369185590378045e-01,1.063811656567795305e+00
-1.401852318843424605e+01,-6.217589951235804158e+00,3.268905880534684893e-01
-1.939403403211130250e+00,5.229432445455270972e+00,-4.520156516222177068e+00
6.794439419001901292e+00,-3.471269454893182616e+00,4.773515837785502036e+00
-8.805421348072796306e+00,-8.029477947293592877e+00,-1.258103396010043618e+00
-1.489048414881763627e+01,-2.503134789640241831e+00,1.633676799456806439e+00
9.736809359490065319e+00,3.917633065707487816e+00,-3.115671515639479860e+00
1.573328954324775930e+00,-1.109237903942187353e+00,4.871279178963739298e+00
-1.695419725001847056e+01,5.467572973644563294e-01,2.148596168993200939e-01
-1.309765620488941273e+01,-7.340720974701331336e-01,2.306732220485836482e+00
-3.548114170649858262e-02,8.952877766853175601e+00,1.216060835847710547e-01
1.705325854735446711e+01,-1.389323278017319696e+00,2.729928490023315835e+00
1.295497037260284223e+01,4.223117853874767569e+00,-2.077619625301572182e+00
1.766737964860874754e+01,2.326449934995015401e+00,2.023236706516160943e+00
8.461660384714459582e+00,4.659498859853743014e+00,-3.353026383417970546e+00
-1.452687511014962674e+01,-4.130347526783407552e+00,-2.939338493080742687e+00
8.835578456350351217e+00,-7.376049864349677243e+00,5.427995431776863056e-01
-5.919449025793738883e+00,8.057829649501398350e+00,-1.294581367855580645e-01
6.626553847183388690e+00,3.413887766484132169e-01,-3.894224079841546615e+00
-9.897137328628825559e-01,-2.053942298660174082e+00,4.635320474946606595e+00
-1.077543315000657387e+01,2.981849048356359333e+00,-4.455387882782814835e+00
1.679193389698676953e+01,2.718422676759527423e+00,-5.352242616151188237e-01
3.576512015410776346e+00,-7.193725662140489696e+00,3.738076248508087396e+00
1.275238856393006992e-01,9.167360743863598671e+00,-3.920848152733128478e-01
1.354177040095448170e+01,6.721069287938530756e+00,2.917835048495509009e-01
1.449217650894743947e+01,-4.773206933829373888e+00,1.014423320004355977e+00
-6.664912242427613265e+00,-7.129733106384154695e+00,2.754955660328682665e+00
1.540172487122811695e+01,5.422165238539993659e+00,5.366237072163271282e-02
4.676220888834757838e-01,3.221637386313573437e+00,4.092646261324235368e+00
-1.397816096464961788e+01,-6.613939199197528040e+00,-8.728977352052266214e-01
-1.101615609309374022e-01,1.033600798132446652e+00,-4.717691019025031629e+00
-1.063108301324254334e+01,1.316812247271820002e+00,2.751116784067662469e+00
-1.681651677929339783e+01,-3.037072449756426984e+00,4.998886869821536072e-01
2.553153222497493324e+00,-5.048436068079396044e+00,-3.067732868678837654e+00
4.429325621393929602e+00,7.997711139323631535e+00,1.693183452003288458e+00
-5.011581009877553727e-01,9.106669842944393523e+00,-3.036309143471644378e-01
-6.393491549057579881e+00,-1.136883679823970095e+00,3.955049410962861334e+00
-1.353262279172421811e+00,9.066682546708426216e+00,-8.836444172034837452e-01
1.162101815414820827e+01,1.521030854654101150e+00,-2.852024461509524045e+00
-1.106940668155448115e+01,-7.190744640855235126e+00,-1.652887336146803943e+00
1.267176591090783688e+01,7.031788330437582779e+00,-4.445657874446157232e-02
1.974667319117510367e+00,5.042262429260771839e+00,3.567365283479996041e+00
-5.193945083946118757e+00,3.440792563262774495e-01,4.049458150425021330e+00
-1.166340146817191581e+01,-6.644262010369343940e+00,-1.968923583757755447e+00
3.182165632682614653e+00,-6.511924249401558562e+00,-2.151769826660845819e+00
1.360466542583517935e+01,-5.569099739346487610e+00,2.257469718077874887e+00
3.378987593225264430e-01,-5.742837801769879569e+00,-3.069297712843210846e+00
3.079154881544841516e+00,-2.464355494355543907e+00,4.924259424569994437e+00
-1.451172481260709723e+01,2.459669823311242620e+00,9.107705653093786102e-01
-3.732494128171057302e+00,2.511902054411517593e+00,3.830354668743091384e+00
-7.701644429266866432e+00,2.400190196356424721e+00,3.110556685116493192e+00
7.337830249098702851e+00,-7.880167509652754809e+00,3.606971303610853052e-01
8.188732693710964128e+00,-3.330469957056592545e+00,4.758197580092018875e+00
8.972668871664573054e-01,1.235363166197229301e+00,-4.689447096112452584e+00
5.107322257839564728e+00,-7.775168504737427710e+00,-6.027243951987784065e-01
-3.580424239117114826e+00,1.994615191205051374e+00,-4.955330632637047650e+00
5.980316912305835508e+00,8.882536568767758212e+00,-5.223792503525302028e-02
1.348573918763028789e+00,7.607916802063583894e+00,-3.274056756402492940e+00
1.679819933428068168e+01,4.368631702171584252e-01,-6.074446475675402413e-01
-1.610484733287243486e+01,3.366119719913129860e+00,-7.275434017318099800e-01
1.569329843529135182e+01,-2.203132561863715644e+00,-4.390909125575810923e-01
1.514012003707658671e+01,-3.481616734311902661e+00,3.080729192777951653e+00
9.160205092216305189e+00,1.850952474135010226e-02,4.785561753599563595e+00
2.680556199016662422e+00,-8.949187388011974775e+00,1.665717482956955875e+00
6.663718400923827723e+00,-6.498528489959810583e-01,4.928235517720765735e+00
-1.377270315158807268e+00,-8.094112709719311738e+00,-1.557580240197612209e+00
1.579978866958670514e+00,5.004181011100889087e+00,-4.349267385010887388e+00
-1.864005668642910063e+00,-9.118604677632868416e+00,6.655205211238800489e-01
2.913843742947178406e+00,2.726833839256630032e+00,4.358643533220601718e+00
1.380415837803526635e+01,-5.397512302526777717e+00,1.322687133264405679e+00
5.305705646284680777e-01,-3.090441025214587079e+00,-3.988357835922241801e+00
1.752469651924138816e+01,2.102364911684607041e+00,-1.844758303074320316e-01
-3.215161110488809371e+00,8.553002703746310331e+00,-2.382588745217212089e+00
2.458937456635443830e+00,-8.126117334792143154e+00,2.982312510281511120e+00
-6.768766401582573700e+00,8.137823085724507521e+00,-9.745788541806911232e-01
1.064662653382690571e+01,-1.370215263766633385e+00,-2.668782081632240732e+00
1.687752393396267081e+01,3.034336179986274917e+00,2.302073214307830185e+00
1.680913209496839755e+00,2.578733514008522132e+00,-4.560326726353123306e+00
6.603036353897980604e+00,7.809131368400684003e+00,1.777371457529625998e+00
-1.087228631933444412e+01,-6.180959707413313353e+00,-2.512598531760457110e+00
-8.251516568769593496e-01,6.602347122985912087e+00,2.448495520962950867e+00
-2.229412625470832410e+00,-8.513474192622577874e+00,2.422486921210370792e+00
1.648889022762289613e+01,-2.707827289907540180e+00,2.713187740537289727e+00
-7.314357885368733214e+00,3.185952033304854769e+00,2.950956458150511441e+00
9.052863671601218964e-01,1.549761241887710028e+00,-4.650768506163379890e+00
3.357407264829827209e+00,-6.085117685060890125e+00,-2.452596305012719302e+00
-8.326394447408040023e+00,-4.961803017681562622e+00,3.228136711611886422e+00
-8.552875884262906681e+00,5.773070645674238222e+00,-3.908130745045694354e+00
1.518266442995467980e+00,6.306076028136991418e+00,2.802059038703643701e+00
1.156415239549631657e+01,5.837415722099432713e+00,-2.014460473314252376e+00
3.467913932275173750e+00,-8.427072119810462558e-01,4.959202792824567219e+00
-3.322632219014672206e+00,-5.470923215855439281e+00,-3.455744297649823160e+00
-5.463661209898139859e+00,8.206377875829286239e+00,-2.282550828288831823e+00
-1.107536011032380863e+01,-6.692209466422978537e+00,-2.239059366772920168e+00
-1.481656149451042737e+01,4.387512593163291896e+00,-2.527968341341609637e+00
1.559552944494464732e+01,-5.242109047763602314e-01,3.656905434082627693e+00
-1.239720711541763976e+01,1.596878792267917069e+00,-4.357870592313759062e+00
-6.613041375799496358e+00,-1.031866245585962710e-01,3.784962973861000890e+00
1.346475395677350662e+01,-2.166643357308299489e+00,-1.491311766544170636e+00
1.658774328040634671e+01,-1.367085088875523491e+00,-2.337805466448323044e-01
2.192412105669631739e+00,9.182186031252545177e+00,-2.330137901954424939e-01
-2.796290824195137859e+00,-7.153680512300218730e+00,-2.360123663521595194e+00
1.399898086245937590e+00,7.681165359008163662e+00,-3.328035203798093367e+00
-1.154924068923332214e+01,-9.464242429542264468e-01,-4.385644979220852946e+00
-5.466498103656483032e+00,-6.255232383094348592e+00,-2.966794361569358607e+00
-1.772132775547049732e+01,-9.518749701669314556e-01,-8.659729470008642460e-02
-4.840345865601854314e+00,-2.801119456571376620e+00,4.190048245008145322e+00
-1.374474573373836783e+01,-6.340662173115083178e+00,-1.224489367250001903e+00
5.098418410169904824e+00,8.952441821368084973e+00,-7.820369981392302772e-02
-9.845217784121279792e+00,-4.249388840722162719e+00,-3.825810800024036507e+00
-1.767772953924268720e+01,-3.246130292651042026e+00,-7.109550031902425182e-01
6.612451870270096288e-01,5.966613104287804781e+00,2.963004799930186284e+00
1.786067401476039862e+01,-8.081981456304713207e-01,9.946825052332974870e-01
-3.399436653575141687e+00,-8.413512162339628730e+00,-1.254920837272495149e+00
1.560315189056554752e+00,8.515307079195794770e+00,-2.531893765381775907e+00
-1.402515435182326620e+01,5.019893765971024990e+00,-8.162068464314652383e-01
-1.295439598742294329e+01,5.729549010755753180e+00,-2.511751554417973153e+00
-1.292135297881598888e+01,-5.103724285648389980e+00,1.867613924382885537e+00
1.673699045067860425e+01,2.974506824155445095e+00,2.436240041412996327e+00
-3.762031795566829651e+00,6.208858505905638481e+00,-4.126291299836521098e+00
3.211832660887731006e+00,-8.625073855614902030e+00,4.780883591226420953e-02
7.831864970972789664e+00,-6.441093970390042500e+00,3.801844921279632583e+00
1.638796903324712062e+01,-6.689298171849961117e-01,-5.491023049607486328e-01
9.166052916941234585e+00,-7.483348193978473617e+00,1.899579277796733079e+00
2.782745868417134449e+00,-6.853135554402582486e+00,3.861155776893266278e+00
-2.767780126020702447e+00,-6.119658605931659778e+00,3.887571311167864252e+00
6.604520596701370927e+00,4.004269827956008498e+00,-3.829349043066225811e+00
1.600279993546599755e+01,-1.188569866307538803e+00,-6.131801840106791968e-01
-1.691880034362376106e+00,-2.304763278445605579e+00,4.653190543104852139e+00
9.924552973653057109e+00,-7.265188359804212404e+00,1.493473736792553908e+00
-1.054568151737887582e+01,4.232794295013619035e+00,1.693878006608436904e+00
-3.408791998321098582e+00,4.001722522863818021e+00,3.426041067166231802e+00
3.183753480461433139e-01,-5.392915602670541375e+00,4.367077116946021853e+00
-1.433011130601080119e+01,-4.085059435391752203e+00,-3.030356926015976171e+00
-1.688187832956273127e+01,-4.267550839402577623e+00,-8.144305850840756200e-01
-5.134607957107653498e+00,-8.456006754653508040e+00,-1.233259728778617559e+00
1.208291362651272394e+01,-6.387987752947229758e+00,1.280633525189446509e+00
-1.707644876798879707e+01,1.024527419345623525e+00,-2.978312425199866720e+00
4.562321955635859183e+00,4.721170059016537301e+00,3.706925258810037427e+00
4.592589370743078270e+00,8.983910220612958852e+00,-9.124954686525847958e-01
1.081908298986430417e+01,2.381135480053873099e+00,4.229451251153200531e+00
-7.676243551217277528e+00,-2.012435420690379395e+00,3.773003771140320151e+00
-8.160516416677342733e+00,6.789487542422243394e+00,-3.435240981973270102e+00
-1.027116710331712390e+01,7.253725407535156933e+00,-1.212646238838149371e+00
1.693430973674091078e+01,-9.773877321079214031e-01,-1.829074440813354130e-01
-7.259726849884680533e+00,7.466494753567063825e+00,-2.956765401512126523e+00
-4.114644831687452431e+00,8.045077849658083480e+00,5.690309163927009806e-01
4.553540760948757260e+00,7.495210724164232730e+00,2.134259185539532311e+00
1.659529370936278880e+01,4.416980402740931844e+00,8.784116007504338963e-01
9.959949588843581836e+00,-7.074247511549295986e+00,4.230641002876662782e-01
2.449479032938489009e+00,7.868786631189972347e+00,-2.967882268542156865e+00
-6.257953779480797785e+00,6.198945988175725841e-01,-4.925739609381286854e+00
1.001032575231002042e+01,-2.218998795361158294e+00,-2.619042160759654347e+00
-1.509408014123485842e+01,-5.565857221452163550e+00,-1.389183242177976618e+00
1.406938907589106114e+00,4.251891270761374741e+00,3.792381246931138872e+00
1.813363918638791006e+01,1.449135318028587305e+00,2.245709253933427796e+00
1.169155340962139356e+01,-3.833595147111573898e+00,4.202934872346677508e+00
8.893274896260365381e+00,6.975234040731296936e+00,2.229336610928045026e+00
-9.066183732140309814e+00,-8.337860338472058430e+00,-4.181122514856167593e-01
1.593577954561173682e+00,-2.254147189474076107e+00,-4.107278791673284246e+00
-9.770324648465543049e+00,-4.371456468024531361e+00,-3.713873831004960824e+00
7.210806047528771856e+00,1.809759696038590437e+00,4.646261998618478550e+00
-1.642694510864797408e+01,3.439939379931550967e+00,-2.259917064732071879e+00
6.053452891978517769e+00,8.883710169214911190e+00,-2.870260352242738899e-01
-1.080589554958099185e+01,-3.489732685075395580e+00,2.880553861560514406e+00
6.781831845205792852e+00,-8.169352388156189804e+00,5.633436797614105318e-01
3.411245164954637143e+00,-1.208792562754694710e+00,-4.142464263753335096e+00
1.601193399552720464e+01,-3.483985614953635235e+00,7.114497140984641366e-01
-2.806623681593772623e+00,-4.232585839923047821e+00,-3.863075286065519975e+00
1.013172142621611371e+01,-6.373311014699902799e+00,3.365489256293217046e+00
-1.674921006068122509e+01,-3.299757868655196713e+00,4.834814405432334983e-01
3.903879689821227572e+00,-7.735018961199551235e+00,3.318196162658293424e+00
1.591627648688147367e+01,-3.383172616993583404e+00,2.657207059944666661e+00
4.284598061399059965e+00,3.964752960051772579e+00,-4.166125264941878292e+00
-9.351117802217114416e+00,-7.160995360764875528e+00,-2.095004161091736261e+00
1.370758883095185787e+01,-7.703327545198005444e-01,4.153117383118664740e+00
-2.462393276450143720e+00,4.817343790287237582e+00,3.196881317338653883e+00
-6.528748927750627651e+00,8.176867864777760175e+00,-4.549427813583474256e-01
-5.206548028018130658e+00,8.585083162234946386e+00,-1.193241629774894008e+00
1.641381311957426448e+01,4.793120892454543203e+00,6.469435831009552329e-01
-6.793716051098154018e+00,5.560615178261561375e+00,2.043793680118950906e+00
1.650149363039099271e+01,3.006409410333165333e+00,-7.062390270297091988e-01
5.944498967384804544e+00,5.802940036286587500e+00,-3.563283845467903443e+00
-1.141913063819584551e+01,-7.603220576510294926e+00,-5.558117558436155292e-01
-4.437439772748098754e+00,-4.017193637840633436e+00,-3.996470871129074176e+00
6.670582226427137940e+00,3.323835546485679249e+00,-3.851567929623221254e+00
1.618118885926137551e+01,2.460056332273711455e+00,-9.422862219582874843e-01
-3.077762422985674817e+00,-8.513641550443686867e+00,2.264641431583559239e+00
4.798738359855109437e+00,7.480718364224858696e+00,2.122140972427507766e+00
-1.488440358610062297e+01,-1.526120816135179581e+00,-3.707425529986011270e+00
-9.161904234175514361e+00,7.310639718696378075e+00,-2.453571162847839382e+00
1.457781283954104445e+00,5.679313123786006834e+00,3.164294776599720915e+00
-1.404941978812679793e+01,5.364004313356977249e+00,-1.248254854108928891e+00
-9.220444021860455308e+00,-7.291435925653115824e+00,-1.953854894604156733e+00
-1.732336718520428143e+00,7.856822192497762813e+00,1.347324854160003804e+00
5.327664584421231808e+00,-6.370084518060103562e+00,4.063522182062977883e+00
5.019768342459300925e+00,8.569999734836175165e+00,-1.902597346566997416e+00
7.815086745495658072e+00,-1.167893795985341487e+00,4.882960528552831470e+00
-1.620882181829062674e+01,3.216512445730002057e+00,-9.075892856076790416e-01
-5.370914002087059380e-01,6.415217392688326470e+00,2.610942220771090838e+00
-4.908013868678462011e+00,1.725243864149436313e+00,-4.958952499384039037e+00
-3.991564462000370739e+00,1.834776763382762299e+00,3.901453520406793718e+00
-1.728319157394490935e+00,-7.902955079453408693e+00,-1.700074348560392412e+00
-1.777355087334158146e+00,-4.063134216180912084e+00,-3.853449829286053063e+00
1.405844959547283857e+01,2.813933543648011515e+00,-2.011598362493590919e+00
-1.003561796664112826e+01,4.178772238321490917e+00,-4.322572505820837740e+00
-1.388681105971903129e+01,4.191089040283409339e+00,3.141537314095689259e-01
-7.500194632318921251e+00,3.986999824700485195e+00,-4.658853020948735768e+00
3.955030512849682101e+00,7.585653974964095880e+00,2.095659389427905861e+00
2.992692997139543287e+00,8.943107988120530649e+00,2.536998802825531918e-01
9.313032275486413880e+00,-7.518246708194108230e+00,1.308163675739302478e+00
-7.892363994901950619e+00,-8.034986529772563557e+00,1.715588752076198320e+00
-7.059120798318655687e+00,2.359601951517923180e+00,3.285694486018740257e+00
-7.724462004130297821e+00,7.604006732732051077e+00,-1.275596485222790788e-01
-1.141921850275467953e+01,-7.520564248200875213e+00,-4.803305969705423673e-01
-1.482777330840411345e+01,3.810708202932928668e-01,1.545075021609664701e+00
-1.276193618160329102e+01,-7.219306446493187757e+00,-3.062025238351951395e-01
-5.089002679408916485e+00,7.921968433022889222e+00,5.754929344549508663e-01
-3.908845754891667745e+00,-9.015461244469284097e+00,2.829698066383764532e-01
1.133230813968794326e+00,5.129625266804214156e+00,-4.341974379438223508e+00
-2.244167296749698948e-01,6.019148998329357347e+00,2.845465855350769235e+00
-1.135606788699004177e+01,2.826904635741654293e+00,-4.424264306313716588e+00
6.812294851795406281e+00,8.705835238799348730e+00,-1.172642890155568995e+00
-1.771691746116910160e+00,-5.062227834110442082e+00,-3.453620599480652587e+00
1.819174918299432520e+01,4.831565576359224679e-01,1.532184211525438489e+00
-4.050326591461910652e+00,-5.627345613640062361e-01,-4.827566231482848025e+00
-1.719722645769147817e+01,2.647883574658973060e+00,-2.063711982859641747e+00
5.276352880905110787e-01,3.089545639261814247e-01,-4.627597365163477861e+00
8.040690326233274732e+00,2.118045344049955592e+00,4.482976130353592659e+00
1.726398886015487477e+01,2.133640341967898202e+00,-2.945451115970277312e-01
-1.500663562888382785e+01,4.554336794497187313e+00,-1.918232617347380264e+00
4.340133693832571637e+00,-6.869075995274211976e+00,-1.715779791468988069e+00
-5.928733212604225145e+00,-4.852121388857965734e+00,3.812250107620029027e+00
-1.749649266558809657e+01,9.347988456269433755e-01,-1.909060743126466675e-01
3.394487018636732412e+00,9.182790793492182857e+00,-4.714728522198202154e-01
1.474606403771629459e+01,-1.907324728720450002e+00,3.837587700196096741e+00
-1.837824236307089976e+01,-1.150296932829769858e+00,-1.240406674438029100e+00
-1.491139908434600514e+01,-3.124639447883255983e+00,-3.202930515509853748e+00
7.089056812290815301e+00,8.506111990088003338e+00,4.894207157632269878e-01
-9.479152176577374078e+00,-8.089194288554272916e+00,7.350286079896168889e-01
3.715983894643448138e-01,-6.863033533160678878e+00,-2.330987479162462961e+00
-5.740274632162496005e+00,-7.534155351199635753e+00,-2.018881357927266862e+00
-1.694873208104193552e+01,-4.077322565992790082e+00,-1.219985582361731158e+00
9.791082507683215308e-01,8.669768986153970403e+00,-2.246457018901637959e+00
-1.195407018519578735e+01,-4.150705114960032027e+00,-3.513808624010141379e+00
-7.490450614183772338e+00,4.787766213980352070e+00,2.281919287037757371e+00
1.028720519455236548e+01,5.253704656202820900e+00,-2.658440121881261664e+00
-9.209635912156846516e+00,7.224203343888205175e+00,-3.168827707861311405e-01
-1.331663069544643196e+00,-7.192753052845239914e+00,-2.255406547983538790e+00
5.648267390327960102e-01,-8.201734026582020221e+00,-1.061043655070114333e+00
8.693751047156339951e+00,6.558627470066916487e+00,2.705910988074072598e+00
-8.798144240934627547e+00,-5.621991364794066470e+00,-3.229493533919128634e+00
-1.383526214787057818e+01,3.069909254572062984e+00,1.019193217017939190e+00
-5.477819221115876935e+00,-8.650166933563902205e+00,1.558015690762275973e+00
-2.029083024897014198e+00,4.576261858281444717e+00,-4.642625106508106114e+00
-1.612795184086127165e+01,3.341469406850660739e+00,-8.625515472419092999e-01
-5.704917052055112237e+00,7.358721382286969259e+00,8.968663083524602841e-01
1.033452392522729646e+01,-3.554946179208252843e+00,-2.100085262507772832e+00
1.041448034862997574e+01,-5.746426953230883150e+00,3.602010266029248786e+00
-1.429638396461386307e+01,-2.325081861842454689e+00,-3.657783656783824000e+00
-1.309916108316590000e+00,-1.622566452547920646e+00,-4.509512249329743483e+00
-1.529412801943815481e+01,-4.700594827482629690e+00,8.201043314558511543e-01
2.330220765089570545e+00,4.216100000480261123e+00,-4.337791040233272888e+00
-7.796333856296254083e+00,-7.305293313087873663e+00,-2.232388907220974161e+00
-5.967979442664880230e-01,5.048945050189266759e+00,3.269653387510881082e+00
2.184183699973346826e+00,8.879388780614986487e+00,-1.835789009296834973e+00
3.426707092028512758e+00,-8.673861136474066313e+00,1.627303580460687238e-01
-1.335957259108760731e+01,-5.423982690504281834e+00,-2.568701991266774343e+00
1.711215684155554229e+01,-6.600465303915613591e-01,2.987161050644180360e+00
1.638691216013883079e+01,4.553800033193715180e+00,-2.446697225510351126e-02
-1.443845271371520766e+01,3.345405070337884812e+00,6.424473805391067716e-01
5.310956486113046715e+00,-3.125723722941403437e+00,-3.383861314272111454e+00
-1.541904679955782775e+01,2.758206213586728683e+00,-3.297826176361093431e+00
-1.663093508093034956e+01,-4.264905400658672185e+00,-1.412995792415094876e+00
-1.090606448719628929e+01,6.811794692235224602e+00,-9.481909010637802337e-01
-1.444997547630216239e+01,3.873725342121399517e+00,1.143269042773407823e-01
2.192962923447235202e+00,8.671518500962150711e+00,7.585353885329232382e-01
-7.243989691521191432e+00,-7.445169290390424521e+00,2.483530056913708872e+00
1.748104898296526244e+01,9.440955239837566237e-01,-1.757890483277332050e-01
5.542439639464848966e+00,-6.483826930379933406e-01,-3.899273962369932622e+00
1.319306011466931849e+01,3.386515992969342026e+00,3.544391143784221043e+00
7.421903558123722711e+00,-7.927975268036142609e+00,5.140376480429524886e-01
1.082956489861991045e+01,-6.043183733122623025e+00,-4.152760332428886980e-01
1.757466565364507360e+01,-1.671644944234797370e+00,9.820952986743090030e-01
8.287639812402231243e+00,4.271271824137071182e-01,-3.591193693763087946e+00
3.910902272527602364e+00,7.886121908408802561e+00,1.716482122952316169e+00
5.999202981345177932e+00,8.893342165342733807e+00,-8.645624101019031560e-01
1.014028484631889354e-01,7.586749613312432139e+00,-3.353380055406966598e+00
2.076895527309985390e+00,-5.632625581590573915e+00,-2.820669549807958809e+00
1.377156907509573536e+01,-5.429893508150187564e+00,1.928198012412096540e+00
-6.138877630501244020e+00,-7.297128154105323894e+00,2.895407027087639307e+00
-8.119775330633995480e+00,3.890538050691618288e+00,2.500187329836960348e+00
1.367529700487306421e+01,6.570528147622345827e+00,3.265287123334122965e-01
1.379972429971950731e+01,-3.257820805601430614e+00,3.888608319725716189e+00
3.836559759133878700e+00,8.361408629218411548e+00,1.377083693589546076e+00
-1.300083454255998205e+01,4.406083459778204592e+00,5.944527086361366397e-01
1.720628246545113882e+01,4.029638584785035782e+00,6.069831997616201846e-01
-7.786692962095704829e+00,-8.638412979684959581e+00,3.937778724858049806e-01
8.444644564543002829e+00,4.748990523062627922e+00,3.724045478383680052e+00
1.336379871920572704e+01,4.849755675741973526e-02,4.296525145920741195e+00
-2.104945213933342441e-01,8.996567404372504129e+00,9.742382308864733220e-02
1.222072499782193411e+01,-2.359031640949382780e+00,4.341799452073890286e+00
-2.545209678032212874e+00,2.848788000017691502e+00,3.879329992853088438e+00
-5.707889271643271645e-01,3.312885067401271311e+00,3.962709080900467917e+00
1.575051778761090837e+01,3.385296425822247102e+00,2.849516335014299795e+00
-1.158552072216443030e+01,-4.591777517827519084e+00,-3.433737326726257422e+00
4.108707964237803267e+00,7.248489596291593173e+00,2.369418659428239149e+00
1.499801784447364561e+01,2.540494572160457487e+00,3.373389335587471560e+00
6.146960834066470980e+00,-1.261711576005261071e+00,-3.725401797086246969e+00
-5.789995740098098587e+00,-3.581531407459908056e+00,-4.214309944525481910e+00
1.698168880432368155e+01,-2.991440038956284742e+00,1.781783207176579786e+00
-1.626612032931335605e+01,-1.703753739158168967e+00,9.413711591646531929e-01
1.134347983284165196e+01,4.716659566162970663e+00,-2.601310402861786386e+00
3.438540415991166110e+00,7.181921807601109542e+00,-3.372218655747825977e+00
1.256899411201350247e+01,1.113980862738540356e+00,4.305416601678154542e+00
-6.240167062663763531e+00,4.361647515723260149e+00,-4.695734859703558861e+00
-6.339771133513826262e-01,-8.660433447504317428e+00,2.258210540185649595e+00
1.160719686916798565e+01,4.877450015073589995e+00,-2.450500267862434356e+00
-2.344807343633501517e+00,-7.982356166276472820e+00,2.848361210840509639e+00
1.244170985626822024e+01,6.626763072294455270e+00,-1.011494310657772955e+00
6.128032143471130233e+00,2.055273692476363046e+00,4.576265224385126729e+00
