-1.104614275392571399e+00,3.165074937920914766e-01,-1.112909306248466290e+00
-2.636420659275395817e+00,1.239498404955859279e+00,-2.821865011991654182e+00
-1.575422712142829695e+00,6.186213433527595340e-01,-1.496263606958580628e+00
-9.941079529954205407e-01,4.213226785079424719e-01,-9.244418976829394952e-01
1.934998160416222968e+00,-9.691520044695480784e-01,2.104686314051013696e+00
-2.989234058799460136e+00,1.212882596186882544e+00,-2.882146696568676170e+00
1.138760101724234364e+00,-4.935906531812361830e-01,1.324762871670922992e+00
1.327844840468292986e+00,-7.793697353097189806e-01,1.630920439363280350e+00
-1.122734980324804566e+00,4.013011934883731757e-01,-1.334634162351217235e+00
1.118910772776151807e+00,-8.450563926630118017e-01,1.379515599941635973e+00
-9.406010560655291008e-02,8.033689064997846796e-02,-1.084321692458798114e-01
-2.584133011365504995e+00,1.200584252408265717e+00,-2.346170415147679655e+00
-2.336393634458652446e+00,9.782927536329608653e-01,-2.228806560278249194e+00
-1.681534817536958437e+00,7.643560384168297528e-01,-1.978080056753983573e+00
1.787964330171691429e+00,-7.328424946459899392e-01,1.876902003730093194e+00
2.712127648914637312e+00,-1.135302276200665705e+00,3.000716052470868700e+00
-6.145281622849919634e-01,2.791921914168866703e-01,-6.451789935418293931e-01
-2.859249115963055754e+00,1.398800533960595338e+00,-2.848250997928722938e+00
-2.186077553652798766e+00,1.124218464947675189e+00,-2.439383569166038601e+00
-6.558544811866595659e-01,3.253130702663382112e-01,-7.169718729753022934e-01
1.096174796295531495e+00,-4.805875455049319345e-01,1.237501097663425087e+00
2.375410338739143867e+00,-1.075266229956079123e+00,2.385348433795734913e+00
3.895299817293311206e-01,-2.200756541680049666e-02,3.509586188256584860e-01
9.363180587494579488e-01,-4.352624801712403624e-01,9.157714582875712273e-01
-2.075241637658141514e+00,8.966396392912858726e-01,-2.024236877619794317e+00
-6.657022710788855768e-01,3.640432742056377569e-01,-8.939494270939092324e-01
2.649779974471827781e+00,-1.212272079240656497e+00,2.866977887768417332e+00
1.164716296749985558e+00,-6.398517944493952170e-01,1.375586950296224575e+00
3.883846028754501245e-01,-1.743787101284810515e-01,3.504956291136978042e-01
1.192020521248755793e+00,-5.213871031214890595e-01,1.144869052968325418e+00
2.619259308876274339e+00,-1.264879291237277048e+00,2.803248809278322984e+00
1.937822712927099067e+00,-9.804972324967884401e-01,1.926244594010311673e+00
-1.244131044057085855e+00,3.492640914102154714e-01,-1.362047137313701084e+00
2.187054624807939440e+00,-1.094845493150652604e+00,2.316885282243573041e+00
-3.624671990792892595e-01,2.154035956488292991e-01,-4.950582095856935760e-01
-4.340152286195365083e-01,2.514459543460524360e-01,-2.352421531836290380e-01
-8.663981592501364126e-01,4.251591962425704807e-01,-8.361553393248045696e-01
-6.222347624070173611e-01,1.687444666060844978e-01,-7.037542942566689108e-01
6.221031579191779182e-01,-2.200490455470877349e-01,7.183163393310918465e-01
2.771634561052318091e+00,-1.316825587285622268e+00,2.896584734212208634e+00
2.373375772188034638e+00,-1.089561931742844214e+00,2.451170978506283848e+00
1.934718085307901125e+00,-9.528146631782079545e-01,1.956391558546584974e+00
-9.883300330815296686e-01,4.453040914787240179e-01,-1.002401134005255212e+00
-3.714631926377322535e-01,1.712680683081895805e-01,-5.015273581176616924e-01
1.295190577097886875e+00,-5.778364964648224911e-01,1.165325922757487920e+00
-2.758175218151026176e+00,1.286976225655289685e+00,-2.943045029644882238e+00
1.062341360238793664e+00,-3.863282936966491166e-01,9.799452510907616931e-01
-7.825115328039939921e-01,3.228252897592032156e-01,-7.331046009557897758e-01
-2.296605025636115016e+00,9.882071409491582914e-01,-2.383271142099038009e+00
-2.603839126995499242e+00,1.272014456326121534e+00,-2.631956881805107340e+00
-1.642243295106263101e+00,9.318983231740729511e-01,-1.682721103035220045e+00
2.750455267889351241e+00,-1.188521605983934304e+00,2.972402698519831077e+00
2.296663571591628927e-01,-9.397394696047732532e-02,1.642189562749538367e-01
4.316365879929899840e-01,-1.666933325231145235e-01,5.201807291845822467e-01
-2.024336240726015479e+00,9.803867210231064222e-01,-2.125934158329529922e+00
-2.169668241767718442e+00,9.979595527336381222e-01,-2.201855126391788708e+00
-2.947489578316350833e+00,1.284394489606901280e+00,-2.920011371214863871e+00
-1.309845863881361261e+00,4.732363260814265726e-01,-1.864078887715467925e+00
5.136299884333369106e-03,5.778273694166097436e-03,2.685079522659565218e-02
-2.591686719879439105e-01,1.439401948105107631e-01,-4.953286233453462750e-01
-2.334833927998477332e+00,1.172497063391606975e+00,-2.665527724397097398e+00
-6.536986672286283495e-01,4.124738116692187595e-01,-8.521318501118345656e-01
-1.017329306515994292e+00,4.409285381158945527e-01,-1.015310890120634246e+00
-1.592317706430199209e+00,6.853656663076395095e-01,-1.876872780071253466e+00
-1.448241651384906958e-01,-5.927010945430761374e-02,-9.276514806541519276e-02
-2.423190437176103718e+00,1.188653452436601921e+00,-2.605319175802304876e+00
-9.076023139990689881e-01,5.320473771498265281e-01,-8.917208379944492336e-01
-1.400903929279688098e+00,7.662714590256527458e-01,-1.326206774840174463e+00
6.212371462571535385e-01,-3.467003564643993396e-01,4.524677866347600053e-01
7.054429422403795114e-01,-2.494654953357479388e-01,7.628097157848262588e-01
3.539116487829557234e-01,-1.628426809950338783e-01,5.842772004402310149e-01
4.810929538885788115e-01,-2.486994095548369366e-01,6.161130346134133795e-01
-1.920684606047902143e+00,8.391222244414984210e-01,-1.882288450335672492e+00
-2.347358969286374109e+00,1.023662739889077633e+00,-2.498532940605671548e+00
2.297321814001337170e+00,-1.210481313098540790e+00,2.444832770726885318e+00
7.022790732048543871e-01,-3.936899601540295723e-01,5.131628565740727899e-01
-2.255278726695685965e+00,8.445816778490625731e-01,-2.467906381303304197e+00
-1.595944172669387040e+00,6.568920115870564569e-01,-1.661114507976737098e+00
-1.987061795421774413e+00,9.129352369579172288e-01,-2.131805655610585770e+00
2.041914426797288851e+00,-8.822922207161731922e-01,2.002917423005569297e+00
-1.893841319273799506e+00,7.799345663666746864e-01,-1.993507025723332049e+00
2.823087138581604538e+00,-1.323247847842286440e+00,2.933167766536393550e+00
-2.214962053054849722e+00,1.080845704651967276e+00,-2.273020096947063085e+00
1.572306156574204694e-01,-1.099162043099606301e-01,-1.672552635051198847e-02
-1.089377763612634276e+00,3.489278835431611214e-01,-1.044230061378599750e+00
-1.584093662995933460e+00,5.128646701138788178e-01,-1.761211351761620136e+00
1.138493940768987134e+00,-4.449795854204496304e-01,1.222505666282017733e+00
1.143709840922291887e+00,-4.311870654110764312e-01,9.571131064306308556e-01
2.241577438432646563e+00,-9.823633921807668479e-01,2.392870317146215342e+00
2.373153561533413836e+00,-1.204445618258961348e+00,2.713976057329717584e+00
-4.938987915102262954e-02,1.206523030459364237e-01,-4.914098514443902832e-02
-1.686917635030413587e+00,7.487976462083310025e-01,-1.966129888162170714e+00
-1.117220099734342220e+00,4.537093606206313856e-01,-1.219769845484227844e+00
1.838065294676068939e+00,-7.194097496223677002e-01,2.040533954227059521e+00
4.440189541060582945e-01,-2.230267992983452907e-01,3.713692448675174895e-01
-2.746531795126898157e+00,1.368313181711657611e+00,-2.780574584750959310e+00
2.617574533799400971e+00,-1.255167478078322851e+00,2.616264227586026170e+00
-2.132039443621771557e+00,9.370024530044649413e-01,-2.400617392074123391e+00
-2.092403208317669350e+00,8.935082438322435872e-01,-2.392528715958421426e+00
-1.040611909143142055e+00,5.145253870980799338e-01,-9.525946432311787060e-01
-1.320618433750860188e+00,4.294688847754276617e-01,-1.251056575654698966e+00
-4.465449243659896927e-01,1.822552526687711283e-01,-1.409744764309237564e-01
-3.661435482736500324e-01,-1.648358947198531529e-02,-3.813933608474832648e-01
1.003574653237327308e+00,-4.164052347949862010e-01,1.079873709304065343e+00
4.557791836002070274e-01,-1.513501915321495972e-01,4.756082821708735309e-01
6.910451917870450433e-01,-2.448207335225536518e-01,9.022150089435276854e-01
-1.250834068456176063e+00,6.184002834495923029e-01,-1.512325302381746672e+00
2.449156526082898910e+00,-1.253301535612780571e+00,2.524567092149357261e+00
7.766240436734909158e-01,-3.303115950105031673e-01,7.445055924536830849e-01
1.838493799706454546e+00,-6.800913958505194756e-01,1.886729606136860360e+00
-1.033176456772844531e+00,3.481032831568606767e-01,-1.128174234912827423e+00
1.454422451231808244e+00,-7.299106030718870430e-01,1.456214420936898346e+00
2.119083867977282321e+00,-1.035297265664497424e+00,2.186437394933652634e+00
-1.712497509455239930e+00,6.518993514297427572e-01,-1.685554659615621453e+00
-2.495274078486391822e+00,9.901583965164874046e-01,-2.695950776581343078e+00
1.074490660589827451e+00,-6.272762743141954145e-01,1.168649953845247946e+00
-2.186205796109796928e+00,1.048466135035001523e+00,-2.500095326723461575e+00
1.376395701851238718e+00,-6.654802286747868445e-01,1.302222217998832088e+00
2.244079041013660181e+00,-1.146938554486835793e+00,2.615449461354133032e+00
-1.626200171579489817e+00,8.564196429215236162e-01,-1.700080337364097138e+00
1.509914954379679708e+00,-6.054127853305043550e-01,1.525359374953917824e+00
-8.534284648656809136e-01,2.297819002691389723e-01,-1.008601908607954734e+00
-2.636458984997417154e+00,1.200589192062312849e+00,-2.852554019500245452e+00
-1.514456706610907588e+00,6.557014722075344970e-01,-1.445439618673424853e+00
1.424657275303742088e+00,-7.481161082071047241e-01,1.654854038285269890e+00
1.636022907855762210e+00,-7.405291036653047776e-01,1.719425520438610189e+00
-2.292236747862731683e+00,1.014654425155453010e+00,-2.278204424359469016e+00
1.336433715530812805e+00,-6.089147061890928248e-01,1.537448090645917587e+00
-1.151451586177598019e+00,4.379424002754611633e-01,-1.107927991409177970e+00
-1.851462890872923595e+00,7.824193483431640672e-01,-1.947795958442829045e+00
8.233623303674956206e-01,-3.356452614408631518e-01,7.244196972066376805e-01
-2.521462979932680426e+00,1.333767109914763438e+00,-2.615165346779130928e+00
-2.548446801947559792e-01,-5.444274679847049825e-02,-2.940986895716227179e-01
2.364034964045222065e+00,-1.094887565722952427e+00,2.573124291616398995e+00
-2.797046487324636121e+00,1.178898353792202647e+00,-2.864514564851872169e+00
1.580534230296358533e+00,-6.517867470638473160e-01,1.625617004997896631e+00
2.345818316879673571e+00,-9.787957889350002993e-01,2.480684668377077351e+00
1.707417295661328716e+00,-7.737991255547704839e-01,1.680477488206354009e+00
1.522938651180441250e+00,-6.886388995521969258e-01,1.561957191941633072e+00
-1.107048539136567394e-01,-3.350125528551501503e-02,-6.296060052363060267e-02
-5.462504368567070445e-01,3.134761997820261770e-01,-8.391730375188881652e-01
7.651039511713225716e-01,-5.216749951556253206e-01,9.692468293551729230e-01
7.008126917161006109e-01,-3.577926723136942155e-01,6.814254108402244547e-01
5.839815942756702016e-01,-2.726720868782314122e-01,5.794929039665567272e-01
-1.069545179663487833e+00,4.690477758955489684e-01,-8.683312609327489273e-01
1.830328532261683128e+00,-6.650022570201042926e-01,1.971496643048605169e+00
6.843109930335118385e-01,-3.179640058008463832e-01,8.192090523493975596e-01
-1.045781822847478670e+00,5.021164206346305781e-01,-1.306753695194018405e+00
1.017911204184047902e+00,-4.762753006407962619e-01,1.220977217121140157e+00
1.351425322755752001e+00,-6.320676548285243390e-01,1.493544806736081920e+00
2.227293106640903630e+00,-1.024089469135507136e+00,2.188398453569996960e+00
3.630970254102159483e-02,-9.352453620292169867e-02,2.266860668369287957e-01
-1.559916318210664565e-01,1.866553053812614882e-01,-1.722637261661846553e-01
2.247297712723178575e-01,-1.277283932273681755e-01,3.525331156545492561e-01
-2.737526394395206175e+00,1.335321229716793123e+00,-2.775683298356242723e+00
3.810310768257726410e-01,-2.415386613700633012e-01,3.732320511584975020e-01
4.776021031846383602e-01,-1.792992204860834049e-01,4.959615035012077122e-01
-1.958914465694178375e+00,8.739995167184605451e-01,-2.008629846807679087e+00
2.400079383811020595e+00,-1.013229899435212911e+00,2.383777698742852724e+00
-2.752837829734274600e+00,1.270284692932077464e+00,-2.789266989447911183e+00
-2.363723414105913800e+00,1.141516527638839706e+00,-2.341911052083524680e+00
1.908078946919352648e+00,-9.179536649151228689e-01,2.105423730156393169e+00
8.458126550313428416e-01,-3.443529102489503169e-01,9.597465407767677981e-01
-2.637641485358627413e+00,1.344511459864928593e+00,-2.719562184178158759e+00
-8.126819689784974265e-01,1.793807234268864625e-01,-8.709916910066547446e-01
2.343585080365682582e+00,-1.154568551881920202e+00,2.524829338547015301e+00
9.492272978558886631e-01,-3.638342019364625424e-01,9.910267481626466868e-01
-2.634571079477389111e-01,2.478942502940855580e-02,-3.921735113014406249e-01
2.984019339787243652e+00,-1.101907025780412885e+00,2.977388291766603245e+00
-1.630453441542157211e+00,8.302126895640434823e-01,-1.721623664987247171e+00
2.248620116655162260e+00,-9.406132340185947571e-01,2.510425712486339833e+00
1.285500505332533683e+00,-5.404861889339468428e-01,1.114697063493571338e+00
-2.512222023343127386e+00,1.165373979754677380e+00,-2.786510723124624889e+00
-2.555759360772377420e+00,1.159919162784293967e+00,-2.783160190777621779e+00
6.529097682076915321e-01,-2.362092385992690113e-01,8.295208158094481421e-01
2.983392936189287248e+00,-1.213517411135643487e+00,3.082613454426258670e+00
-5.255945930189822590e-01,1.769240963298403246e-01,-5.425146780316262296e-01
1.570106357997054225e+00,-8.516944352206954338e-01,1.692941364094038947e+00
2.533165136692393737e+00,-1.316365008461313657e+00,2.699688324706393860e+00
-1.758462117360730437e+00,8.596280904835051917e-01,-2.105826567889682810e+00
-2.518961596519690982e+00,1.062859802087765759e+00,-2.782736001486898036e+00
6.642858316335835678e-01,-3.980974100444766295e-01,6.620255465658483329e-01
-2.515454591624501024e+00,1.239574743432164450e+00,-2.745315029499341364e+00
1.867677580739476983e+00,-9.144852947601417315e-01,1.930338078469783225e+00
1.574572409957813113e+00,-6.357058639813769618e-01,1.475920307573486356e+00
1.403670509511071751e+00,-5.206625948113891011e-01,1.389390615501770343e+00
-1.242311762324883384e+00,5.677852335499554703e-01,-1.318654561273711279e+00
-2.655725932967750058e+00,1.305933506181894188e+00,-2.975035733783977676e+00
2.711478826507658813e+00,-1.268539832921489641e+00,3.015224857303042238e+00
-2.948398283371285733e-01,4.945756373109683190e-02,-1.245498144998108403e-01
-1.637666591603026855e+00,9.172281730116285114e-01,-1.687048787125243754e+00
-1.863776144672984136e+00,8.498599236658980205e-01,-1.996617231514591806e+00
2.188532890295655342e+00,-1.043606333904772532e+00,2.396757679007456066e+00
2.667228092509856818e+00,-1.201500699904649361e+00,2.785391110074278753e+00
-1.136970120676539020e+00,5.452592448198606556e-01,-1.233205241468906754e+00
-2.715056523358678753e+00,1.122039103835460683e+00,-2.613321560333744298e+00
-1.151157208475982463e+00,5.999862931915037612e-01,-1.188546054443024413e+00
-1.296154257180452407e-01,7.958161417205628085e-02,-1.959733681807196148e-01
-4.478108276751736894e-02,-3.507503244755488803e-02,-6.316233176343992450e-02
1.519191211584509427e+00,-6.057969377959071533e-01,1.486608038674265275e+00
-8.509433636721268346e-02,2.050809386668223377e-01,-1.199293356092856755e-01
-2.479725423159683029e+00,1.029877643313019453e+00,-2.477195155000706972e+00
2.198545260700325965e+00,-1.002045852115471591e+00,2.034525622569547831e+00
-1.900667177338223102e+00,7.561656426774389095e-01,-1.791639713526109956e+00
5.181987403795101227e-02,-6.487178769423915248e-02,-4.305141809484071963e-02
1.584972178783322194e+00,-6.994328552126630738e-01,1.595336590693517964e+00
4.487329481242017803e-01,-2.215591768369126469e-01,4.162990197988774566e-01
-1.371315011565807651e-01,1.064375935502088061e-01,-2.424897382309261773e-01
-2.321218583374324407e+00,1.095920658140664194e+00,-2.449751536128551344e+00
2.582747912140323177e+00,-1.200542878644121014e+00,2.853187017748606724e+00
-1.662877416350474480e+00,6.420490037556491059e-01,-1.622398488801894301e+00
1.911967322599616104e+00,-8.157490880991368210e-01,1.854156146361793933e+00
-1.814364397945384955e+00,7.423191697368818343e-01,-1.949371631916664516e+00
-1.460687588361249567e+00,6.445455391602628037e-01,-1.562982284823160040e+00
6.511281653901670463e-01,-3.466817394982474876e-01,5.650924506625634169e-01
-1.000584175991789504e+00,4.321762809327449606e-01,-8.345843024712870095e-01
-1.521248258377390750e+00,6.633765157917248523e-01,-1.633312582422680848e+00
2.236769881738991383e+00,-9.851379188014424138e-01,2.599644233962332240e+00
-2.629060223062583912e+00,1.231980639337147521e+00,-2.903225517566094371e+00
1.595310873198451551e+00,-6.861669126567045973e-01,1.567168285996608290e+00
9.770775149118661185e-01,-3.866185295144358158e-01,1.043772894255442285e+00
-9.002860044681799678e-01,3.597885428905824856e-01,-8.351827145129718799e-01
2.490766601474698194e-01,-3.657294059890598553e-02,3.809946762493056083e-01
-2.570727325827378174e+00,1.224458741721683896e+00,-2.932761887063557449e+00
-1.074350334610926883e+00,5.232046082407812992e-01,-9.737792083569782875e-01
-8.895559185147540182e-01,4.588579592658134088e-01,-1.049485155261600688e+00
2.497538703983087860e+00,-1.049103103317421848e+00,2.559403935336360014e+00
-1.879303344677230481e+00,8.440414529829728396e-01,-1.953143199845045697e+00
-2.406972968338241259e+00,1.177733149189732709e+00,-2.490503372148017647e+00
-4.057387187843495835e-01,1.369159880175218336e-01,-1.891931609352808796e-01
5.245032773789440883e-01,-3.797177955957550810e-01,5.422673934081774227e-01
-1.178623142499772847e+00,6.256838962927399050e-01,-1.057870285654002096e+00
-7.188274265867606871e-01,2.679868042148069729e-01,-8.182668717837831007e-01
-2.115160669716701580e+00,9.535111202848554068e-01,-2.529875309352880741e+00
-6.588462284832586890e-01,3.403611314979453351e-01,-6.343426658012254471e-01
2.312346136565329058e+00,-1.080163963782087011e+00,2.348588653508421054e+00
2.869293138095664553e+00,-1.541236601801555528e+00,2.980210024343510788e+00
-3.929748451195504977e-01,2.735473954382175998e-01,-4.880350564115332745e-01
1.842005594008436109e+00,-7.299454213523262069e-01,1.972786656902384195e+00
3.569333142288323990e-01,-2.543792581100219330e-01,3.298676934268474636e-01
1.820688553560943168e+00,-8.780660928147664412e-01,1.980129766412926706e+00
-1.511881263835699762e+00,8.377640188290563783e-01,-1.632558081103887559e+00
7.925194754603660519e-01,-3.754046355705180082e-01,9.623703880335968686e-01
-1.181900085733023742e+00,6.852018209363902601e-01,-1.227815819569532341e+00
-2.580886015969939606e+00,1.397826004635214892e+00,-2.899431192440564242e+00
9.397117176397128402e-01,-4.282963772490251397e-01,9.984988360358311166e-01
9.639373221252287571e-01,-3.810112989022124697e-01,8.188706611076900233e-01
-1.307469664385410235e+00,4.127060029321305556e-01,-1.262054616116022654e+00
-2.164420497989770542e+00,1.124040801617462559e+00,-2.689474893617918916e+00
-2.886753394838324827e+00,1.351272107431989111e+00,-2.889075675093089046e+00
-1.681988820308288668e+00,7.003641448554341897e-01,-1.646025270090627046e+00
2.459545688437036581e+00,-1.113134605549863654e+00,2.546709648076623367e+00
1.245194535889895038e+00,-4.475785104068426001e-01,1.230292985807136308e+00
-6.055757051242484090e-01,4.188565559982414532e-01,-7.578846096611341343e-01
1.871243249568246059e+00,-9.101841572293879468e-01,1.899682582727837632e+00
-1.814598053075867912e-01,7.354727573382793815e-02,-6.733253610187993343e-02
1.686756819308795619e+00,-7.873880183032183622e-01,1.776808568795873677e+00
2.737845879125331727e+00,-1.225454144492869935e+00,3.018041893301080858e+00
-1.141635097711129587e+00,4.699960111511236605e-01,-9.277231689456946206e-01
-3.811302688237376834e-01,2.274337682437356511e-01,-5.543930431959105398e-01
9.018597711387765781e-01,-4.261927115750181461e-01,7.739534770613129000e-01
-3.094765029758178576e-01,3.195148687270573662e-01,-4.770164336597837451e-01
2.796365925853637524e+00,-1.164520527860033461e+00,2.903403703220899690e+00
-2.456049375489654241e-01,6.466872383502580979e-02,-3.777522696090468979e-01
4.964959712843640682e-01,-3.024121297348006387e-01,5.883668096047567353e-01
-3.942684346341437940e-01,2.118726970347259708e-01,-3.679677625486511006e-01
-1.793386050896034478e-01,1.487124567643693662e-01,-1.447309998032252354e-01
1.432245238811400201e+00,-5.698879429307862621e-01,1.503040805914713340e+00
-2.397993493408864918e+00,1.133251383219615605e+00,-2.627171971061173839e+00
2.864181526310427106e+00,-1.318253608419019285e+00,2.951179217208931505e+00
-1.554250614170089140e+00,8.088855282364381116e-01,-1.765696759528315063e+00
-1.226783106821041747e+00,7.745860730671861871e-01,-1.327812709239464262e+00
1.257743050213245839e+00,-5.592854686337758174e-01,1.257684992515807343e+00
6.377284863322193464e-01,-1.494896838371059522e-01,6.662002011346698227e-01
-2.219164185773143116e-01,1.660275638058806014e-01,-1.812180497941968393e-01
-1.267561311167719529e+00,5.353768832547601830e-01,-1.304615067463273270e+00
6.181774816992712251e-01,-2.986470465047008083e-01,7.036599430433890801e-01
2.729786927817583031e+00,-1.397762972874909693e+00,2.836693091297269209e+00
1.456190641717371781e+00,-7.374753096532373764e-01,1.470427160161780433e+00
-1.557579422848739625e+00,8.292876679282371599e-01,-1.697076466650542237e+00
2.025468834291888953e+00,-1.112325689367050341e+00,2.167864026905425234e+00
2.430361975150468201e-01,-1.508236372189304328e-02,8.149425811484571625e-02
2.415821778614513526e+00,-9.669463224578067617e-01,2.491527797625496810e+00
-2.903918655371917179e+00,1.225037757223277346e+00,-2.962873637024180162e+00
-8.096986444568218255e-01,4.015089460948769728e-01,-8.384299676524693545e-01
-5.290827627658747367e-01,2.611411729800605097e-01,-7.981591197523427716e-01
2.567092145623905086e+00,-1.136150757611918749e+00,2.675626512909297539e+00
1.005722086576509022e-01,2.702365326255485103e-02,-2.776697313964270053e-02
2.654212171835029999e+00,-1.225381680339507451e+00,2.578333995860642602e+00
-1.461561292468244178e+00,7.466491242286291685e-01,-1.278829244122072550e+00
2.383478611850927131e-01,-2.069653054547297422e-01,1.497163582764458878e-01
-3.670180680332322809e-01,1.853194350023752435e-01,-9.546103927370180875e-02
-1.958387442914687193e-01,2.001649081730731694e-01,-2.628121680829911266e-01
-2.517425526662962376e+00,1.116487073163742627e+00,-2.739222567681928400e+00
2.793413820803283265e+00,-1.255465898768471700e+00,2.849028592059477560e+00
8.674242809180533476e-01,-2.301735017497669178e-01,8.214224500544509144e-01
1.960066282519502989e+00,-9.832679488971070025e-01,2.045928382433063408e+00
-7.831750502454359886e-01,3.910211400800106540e-01,-7.308731877825449530e-01
-8.528819261524555051e-01,3.671601006279430757e-01,-8.985670337816088482e-01
9.868205987206660201e-02,6.084284926379399973e-03,1.174980704092878081e-01
-1.216147551944622318e+00,5.198269759754170494e-01,-1.371754011720395239e+00
-2.846746565901437265e+00,1.239203969319861098e+00,-2.972338432627076532e+00
-1.161157228455867330e+00,6.004965334239248387e-01,-1.129319480978819623e+00
1.281645589532855345e+00,-6.145172813448812610e-01,1.203279188366013885e+00
-1.813022109178040298e+00,1.085002881041069900e+00,-2.022713962229842899e+00
-1.147971641754905070e+00,3.663586307410083287e-01,-1.104530837239389829e+00
4.330158633205259400e-01,-2.939798455856096893e-01,5.103290140906008299e-01
5.827870423475132178e-01,-2.164716715691586968e-01,6.612665268940423058e-01
1.970175244468045594e+00,-1.075150058522815755e+00,2.272844593898893262e+00
-1.873856235893169409e+00,9.852969743811378356e-01,-2.057641275782413182e+00
3.153361432180536161e-02,2.261474222645042803e-02,2.231136737951469051e-01
2.854932093174512353e+00,-1.413092854255075581e+00,3.044773311508111036e+00
-2.110755933057707256e+00,1.023800585344489589e+00,-2.468141008721886021e+00
-3.959488313418897953e-01,2.185292652560364979e-01,-5.008558816727288754e-01
-1.635279164491517445e+00,7.307081578170615543e-01,-1.760049939445431200e+00
-1.197138359982409472e+00,6.052988660778639840e-01,-1.433497016339299268e+00
-7.490049764988236936e-01,4.085474306680035306e-01,-8.253080766238857224e-01
-1.141296077912133500e+00,5.547531677211465784e-01,-1.422969679009960409e+00
7.541851505022072466e-01,-2.671962740418379334e-01,7.459516368228148453e-01
-2.318941551590459227e+00,1.155319307444617749e+00,-2.454114247137271221e+00
1.385829272724019123e+00,-6.005386903747882421e-01,1.427338568166156785e+00
2.694629771256255690e+00,-1.275870062004947680e+00,3.013136414740705149e+00
-2.817738371246634621e+00,1.375863509894537318e+00,-3.093958910673875629e+00
-2.525395602675676976e+00,1.250122607466881197e+00,-2.760712486322532300e+00
-2.205957046167847047e+00,9.730678088240002355e-01,-2.275721139097563572e+00
-2.388974475040458234e+00,1.019748388180358178e+00,-2.410843713634487351e+00
1.206266289299593453e-01,-2.581638937131786604e-01,1.799616542320501555e-01
-1.975112826630950780e+00,8.044338393265743070e-01,-2.132422708861679173e+00
1.945576924756302839e+00,-1.044169880459135502e+00,2.110802366043118994e+00
1.675984281604381509e+00,-9.002010431076500341e-01,1.615146444006048565e+00
6.026135005415129697e-01,-1.067185645587724885e-01,7.314959791700800240e-01
1.685556786852548283e+00,-7.316237524794421132e-01,2.022498541180051124e+00
1.627742988498124488e+00,-7.082925814435072631e-01,1.752561117445602612e+00
2.622669584839029788e+00,-1.066964442224173304e+00,2.735628664854889092e+00
9.362543054535461540e-01,-5.534315486594200140e-01,9.704999633638466960e-01
9.847134159386170538e-01,-4.308365184502295775e-01,8.188339213739166400e-01
-4.670485621936231180e-01,2.599590561644015696e-01,-4.985934671593129086e-01
-2.462591659517401776e+00,1.202827279419749651e+00,-2.615604605786803205e+00
2.358212516708650508e+00,-1.205492093595365466e+00,2.621387672046735950e+00
2.795005605383592329e+00,-1.211408716314341216e+00,3.029574703824096993e+00
-1.517292643472008207e+00,7.637146057686147183e-01,-1.721692015512279905e+00
-1.061459013558942122e+00,3.783979776521931293e-01,-1.154391726542445706e+00
-1.833496009557006978e+00,7.362455353734077557e-01,-1.649634304473740487e+00
1.911288341234692378e+00,-8.380864521377945353e-01,2.114096302102307146e+00
1.584268326767386492e+00,-8.317435511456565678e-01,1.768667597591117691e+00
1.500761692851552587e+00,-7.122373939713143587e-01,1.522528454510648555e+00
1.959168807713149940e+00,-9.575227736327406314e-01,2.346399022991786598e+00
-1.928222495054358943e+00,8.930997764140545803e-01,-2.016868919067409394e+00
2.337529388890684068e+00,-1.072521871453601561e+00,2.587560949430121937e+00
-1.432746373826390585e+00,4.004710149723801349e-01,-1.486450369416906447e+00
2.011803604116289002e+00,-7.530729799149262771e-01,1.941233801855343666e+00
-1.775505524638626431e+00,7.783325013643795920e-01,-1.699818935261682373e+00
1.058550298876871798e+00,-6.215088564720050446e-01,1.154429783351516248e+00
9.906119426268558126e-01,-5.295240632931677016e-01,1.048293834842837002e+00
-1.294978412463163586e+00,7.134328970775410950e-01,-1.414068095852687446e+00
-9.635457635234694340e-01,3.789062962747813956e-01,-1.100280864834212391e+00
-1.612839817836508871e+00,7.123809119423845093e-01,-1.615421553921674969e+00
2.101036131870765988e+00,-1.047564956592528684e+00,2.273958111776614555e+00
-2.070536860997200357e+00,8.852281814941974636e-01,-2.169713201100347710e+00
-9.823214189695814724e-01,5.746387156192759305e-01,-1.066739781790768449e+00
2.020774359005396814e+00,-1.064494889050778603e+00,2.252095370263085261e+00
-2.641415869189092547e+00,1.261461922789171464e+00,-2.843755897015971090e+00
1.598341971507159176e+00,-9.139814284864665739e-01,1.570370872691933428e+00
2.763926728703259617e+00,-1.348924591499134351e+00,2.745172244243691217e+00
-9.246968074998770382e-01,3.264851812423188449e-01,-9.907679699803232376e-01
2.568218368608325974e+00,-1.321577833938523572e+00,2.924665539933533065e+00
-2.921175819167293186e-01,1.512007338767285269e-01,-3.839484741197010664e-01
9.586670130921459698e-01,-4.209201476670920705e-01,1.221982213977629517e+00
2.510598241591522672e+00,-1.139376912998063540e+00,2.765175052411243062e+00
-8.502384098363062748e-01,4.317170055878329915e-01,-9.116672600947891558e-01
-8.320470370778073610e-01,1.796470888996747339e-01,-6.730071719178077894e-01
2.458266924336602877e+00,-1.163281491663938461e+00,2.611567628784591477e+00
2.281862301542365135e+00,-1.184272690921900573e+00,2.481339913877341541e+00
-2.384831405992067666e+00,1.097820579577692524e+00,-2.674624728524567008e+00
5.020970564345558218e-01,-2.431751574725165288e-01,4.929596905732289702e-01
-2.432270327164034462e+00,1.091928659923979694e+00,-2.718112591346846685e+00
1.832544148234111603e+00,-7.906818131858461829e-01,2.109913453029643282e+00
-2.654478102494882474e+00,1.151478042098987409e+00,-2.759850777852336012e+00
2.788165654903711488e+00,-1.203228618198024735e+00,2.766244159730770757e+00
-2.224303419731282094e+00,1.120616786526129394e+00,-2.264649574529773002e+00
-2.702919809844592791e-01,-2.620317122631510634e-02,-1.124825170774682026e-01
1.194215061523052901e-01,-1.798238143321573834e-01,2.555601998405894193e-01
1.447602174499751593e+00,-7.381523949947684793e-01,1.511778215478642773e+00
-7.863936289234346733e-01,4.110752314930750662e-01,-7.454801893229060505e-01
1.286513213139230116e-01,-8.559331986172856455e-02,1.175873850884972538e-01
-1.579541775263527459e+00,7.403204445797483269e-01,-1.650467262223055176e+00
-4.778168446199255182e-01,2.458559243737537814e-01,-5.245047180654746066e-01
2.837272258306652528e+00,-1.220008521944332180e+00,3.116147012602019206e+00
2.630777009322856408e+00,-1.157318270481457079e+00,2.871319595386293333e+00
-2.408822781565024829e-01,3.950048830945957629e-02,-2.926579540267640334e-01
8.501130980369112633e-01,-3.770302376020637225e-01,9.725663052315940416e-01
3.956083859725327279e-01,-2.395938768901668126e-01,5.754235931189946029e-01
-2.546796112276264346e+00,1.321390873658450316e+00,-2.869417366554191329e+00
-1.396748540747059231e+00,7.747083847446953886e-01,-1.615690132618264441e+00
2.107311900894557610e-01,-1.503666799629362338e-01,-1.822259978978075373e-02
-1.252750298804095497e+00,6.625163403822933450e-01,-1.401440058702851044e+00
7.128386164378620604e-01,-5.579617912573823224e-01,8.528992301683956390e-01
-1.279736870928285697e+00,6.322272992135274938e-01,-1.178225082097072995e+00
-5.509373852668375537e-01,2.172479723104494831e-01,-6.912763062594224905e-01
1.951461348169609283e-02,-1.750364029698348034e-01,2.480570369483840187e-01
-2.068556578158304848e+00,9.139105482830566229e-01,-2.122798089286354717e+00
8.426510341703974394e-01,-4.134144314118224917e-01,6.662004809326257382e-01
1.733337994217067246e+00,-8.002495686233490613e-01,1.962761052727580946e+00
-5.777775419217801023e-01,3.931913315008477849e-01,-7.242847917085731835e-01
-2.195487091319492379e+00,9.214423591441459616e-01,-1.997814408412426079e+00
1.260517454844535479e+00,-6.096234465845729034e-01,1.208830607169197435e+00
3.632700670114098473e-01,-1.924521129724783564e-01,3.999914578896267003e-01
2.537715740976803080e-01,-1.994004015432034038e-01,2.775154327057499093e-01
2.499061625642203133e+00,-1.182211205116494801e+00,2.598557843562365299e+00
3.392244685619912395e-03,-7.975963760726900720e-02,5.257520617536116242e-02
-2.355227468038569416e+00,1.037928182202245031e+00,-2.439352722242431604e+00
6.660800865825200479e-01,-3.691775480465036563e-01,7.019773275712181126e-01
-1.736357638141111215e+00,1.021213122595355127e+00,-2.020896084875546617e+00
-2.036690462154821191e+00,7.486411443920588660e-01,-1.990472738607636849e+00
-1.284994191695853528e-02,-1.956051536916345729e-02,9.526619311865015816e-02
2.652534787873763733e-01,-1.171358784880338344e-01,1.040461456877394691e-01
1.892349833388519587e+00,-6.686611776564901355e-01,2.132813725077006950e+00
3.703098765693897398e-01,7.693586931297496934e-02,2.326277872264049529e-01
-2.472641634734876970e+00,9.975212627376512931e-01,-2.543581007963052532e+00
2.762727618676958041e+00,-1.342768592370844338e+00,2.966386103253658479e+00
-2.891338127312370609e+00,1.372676720237992587e+00,-2.876957298564468246e+00
-2.543063399661051438e+00,1.114742871124227763e+00,-2.552626011307461251e+00
-1.081396624359299397e+00,5.324814750291227972e-01,-1.229461164273687013e+00
-5.329077758521836433e-02,1.713465949985708975e-02,-9.587172885386047172e-02
-1.407259979943529249e+00,6.029706914525755357e-01,-1.536187734014342832e+00
1.485663418636934852e+00,-5.413591220054754238e-01,1.580746149478053697e+00
9.145884894223247352e-01,-4.317370124346839866e-01,9.620970324140942775e-01
-2.221692425575470420e+00,9.887528747888294500e-01,-2.441505446321136752e+00
2.835725768561377258e+00,-1.221406547943107768e+00,2.921378306094916777e+00
2.248975228356725475e-01,-1.971825843243132370e-01,4.865345400741907800e-01
2.069137079044931049e+00,-1.004006764169383281e+00,2.163833230643250616e+00
-1.294406946019535321e+00,6.682588034875406313e-01,-1.400425673200955234e+00
-1.718108779243046058e+00,9.020389629486227356e-01,-1.730209364194017274e+00
-1.334157745628597125e+00,5.643888530434691964e-01,-1.489702220382528974e+00
-1.863933215639848040e+00,8.011366678166013111e-01,-2.163237930098075967e+00
-4.941329567126566125e-01,3.186516972574104933e-01,-6.470226815568892453e-01
4.240755506477796311e-01,-1.553285924392752149e-01,1.978143882713959412e-01
-1.176720158415354156e+00,5.367234933390035989e-01,-1.374965407998678835e+00
2.687659113250992493e-01,-6.169130984650413735e-02,3.507516883114061290e-01
-2.643594358413714041e+00,1.062097013370823850e+00,-2.684675685994577510e+00
2.844122494203459528e+00,-1.457836955985266192e+00,3.118718805115389792e+00
-2.950639978568980304e+00,1.219843917885294227e+00,-2.813851048793936549e+00
2.250564139763945093e+00,-1.053547498837507312e+00,2.398963644249408667e+00
4.912565923237536825e-01,-1.850543700404303493e-01,6.237849394006290682e-01
2.054780359065751849e+00,-1.022144833109892348e+00,2.288576976643071248e+00
1.789580378172899833e+00,-8.656845358227012177e-01,1.930401359270969674e+00
8.824363945757008887e-01,-3.383430583212183596e-01,8.307652573974270149e-01
1.698555747906813185e+00,-7.674248755014754231e-01,1.646395922662544642e+00
-1.042392631651810841e+00,4.881885404340327583e-01,-1.073711720120166468e+00
-2.751945944313586967e+00,1.440385895647156467e+00,-2.719870239484575070e+00
-2.609407330862405061e+00,1.194902466268331853e+00,-2.687998920763217559e+00
1.665462609007319461e+00,-7.743459473008297289e-01,1.644452432087337268e+00
-1.457832696650965376e+00,8.815346447684377917e-01,-1.573609823644472216e+00
-2.396770853827785430e+00,1.029103285026473413e+00,-2.216412821285603574e+00
2.243927881202825603e+00,-1.085592317926721950e+00,2.241987268366497865e+00
-9.613290878470033274e-01,6.559968934856656997e-01,-1.078999807343089534e+00
-1.370381724894901732e+00,6.488825402771007944e-01,-1.381181526722703445e+00
8.753070916853746830e-01,-4.507568113840396684e-01,9.636352937519214734e-01
-1.797693497470100654e+00,8.293238093546286827e-01,-1.804733013884130655e+00
-1.871622018517426822e+00,9.612542838169834125e-01,-2.130835743374798863e+00
-1.250662189701715388e+00,6.468534893319651813e-01,-1.416785051723986166e+00
-1.497077969766623218e+00,6.553367702270448403e-01,-1.506756792760372443e+00
-2.023189669638663091e+00,9.272636479532346820e-01,-2.080752170210906193e+00
-2.161706909835815704e+00,1.084900834458806029e+00,-2.197631475435237736e+00
9.014089010089058884e-02,5.692734169102701275e-02,-3.382990272031919515e-02
2.344645920304516962e-01,-1.127952191832393147e-01,1.755446434777773457e-01
-1.958616619060840502e+00,1.176158675148833987e+00,-2.162234892290147314e+00
1.435228909559466692e-01,-4.733723795737065920e-02,3.280264375145235389e-01
-2.179219354308906453e+00,1.039817161062619677e+00,-2.435613518922235876e+00
2.244117323776768202e+00,-1.018356501015760696e+00,2.343835114482826665e+00
2.485592868047144854e+00,-1.209278101247592607e+00,2.724551231448453681e+00
-4.933497337217623846e-02,-4.044079790233046437e-03,-1.786434623669429511e-01
7.092406606622974063e-01,-2.166531948034644273e-01,6.994820474778309372e-01
1.675268533742435562e+00,-6.399426571860028501e-01,1.692096517718701065e+00
2.130017488385600899e+00,-8.869051711897247836e-01,2.092179862251938083e+00
-1.003719231819241831e+00,3.078432172434917291e-01,-1.196124889096957578e+00
-1.414140194482662594e+00,5.738381774661028834e-01,-1.666650077183410072e+00
1.580029990866751166e-01,4.064463707064898401e-02,1.440854400548909342e-01
-1.842719699925813748e+00,8.700136148268955427e-01,-2.122445884714541986e+00
-2.873617468730522262e+00,1.356967029162888139e+00,-2.965374206021584413e+00
-1.952617536868333170e+00,9.385754142822406720e-01,-2.088675447251320705e+00
-2.612677827931021657e+00,1.127769921827177280e+00,-2.693334628286317312e+00
1.267307919333690303e-01,-1.066155892576579611e-01,7.909196769350988754e-02
-9.244799048570525590e-01,4.746245654074958686e-01,-8.026543819502277577e-01
-1.618515692398317496e+00,7.322308048024990246e-01,-1.717636253908602972e+00
2.830589259239801425e+00,-1.279384243760345097e+00,2.776321925676727087e+00
-7.050109016108676574e-01,2.437465303246875992e-01,-8.068762211474417301e-01
2.870618752060569268e+00,-1.257155143626083715e+00,2.790331262718861893e+00
1.606871509705025014e+00,-9.115735202958850092e-01,1.667121284807139503e+00
2.213041796149583629e+00,-1.128727010145077925e+00,2.381628518203577904e+00
2.065292132844026796e+00,-9.774086512459941867e-01,2.268969669785029009e+00
2.954653570622984837e+00,-1.323011074099273099e+00,2.847284010326074366e+00
2.956686771042988493e+00,-1.223854105088365340e+00,2.797323658198761720e+00
-9.637671691452804890e-01,5.046353356549074798e-01,-1.025337671547277285e+00
9.752006527841986516e-01,-5.213222157116599309e-01,1.198629580762169855e+00
6.765590147701137924e-02,-1.818443341558858839e-01,5.066092636869846677e-01
-2.184633249367138319e+00,1.058489775405544009e+00,-2.637804448815281866e+00
-2.041367333115482463e+00,8.170030773591863138e-01,-2.021689086222036025e+00
3.652309311282387339e-01,-2.063831020921081394e-01,6.044464115451777531e-01
2.386774513532229580e+00,-1.082682601581444581e+00,2.571705114009855464e+00
