-4.025916424876251121e+00,3.213503868945532638e+00,-3.180429497569511543e+00
1.205645813998919902e+00,-1.619829383419159941e+00,4.697926898277319907e+00
2.336058649692096811e-01,-1.989137438897619514e+00,7.295658776615037588e+00
4.904396822765864528e+00,9.107205248146932330e-01,-2.468303488151406988e+00
-5.061336812500279336e+00,1.268545105687419294e+00,1.619423947249958029e-01
5.327299496439227511e+00,-2.438141147477155712e+00,8.544279799430608557e-01
-4.789446587980292769e+00,-2.078404111729713843e+00,4.614460357465672402e+00
6.213436224381883477e+00,-2.419503077553755155e+00,-3.226612866085106224e-01
-5.140737846668074873e+00,1.431184865431524234e+00,1.870903887090686668e+00
3.944192970323104230e+00,1.135064566821504028e+00,-3.343934644382092980e+00
-7.468325474690918675e+00,1.231730204640508308e+00,2.342287360335559565e-01
-3.243111233726912790e+00,-7.562257345156504496e-01,3.794610245578477592e+00
2.116219268641994056e+00,-1.466126768129974556e+00,6.578602981441341591e+00
-3.578457629609697044e-01,3.397380275268403693e+00,-6.740023116757116739e+00
-3.164975601486171186e+00,3.267185070679279324e+00,-4.142564505390576635e+00
7.889648930211473621e-01,-3.455337078392711980e+00,5.351156815647190257e+00
-6.099529400815407731e-01,-3.305357522270693238e+00,5.724480035736538852e+00
-1.334014017855762235e+00,-3.226193970729785754e+00,6.100736609711506553e+00
1.376459934887824144e+00,-1.875448095068203314e+00,4.586557245639112601e+00
7.129860625788192685e+00,-2.323879237983032642e+00,1.319120535581817633e+00
-3.403260472155756222e+00,1.752484003106422161e+00,-3.475918045680172153e+00
-2.099454819201909128e+00,-1.475277708777265717e+00,4.358639828997363352e+00
-2.883617852589600794e+00,-1.656728078333981335e-01,4.805075283045273871e+00
-2.329817804588723451e+00,2.653770717964686554e+00,-6.793477474036688335e+00
6.696379209057218951e+00,6.407991742545163794e-01,-2.947498303887626125e+00
6.352794800603919434e+00,1.132028385508054624e+00,-2.800041792735796786e+00
2.484977018762427825e+00,2.821481491964576538e+00,-5.134034177258557818e+00
-4.169972311912514940e+00,1.694431141355120074e+00,-2.375258895181725283e+00
-2.376083816135110105e+00,1.797639233640983436e+00,-6.766514622111711397e+00
5.450047343013975087e+00,-6.923578846120921337e-01,3.205048570908569872e+00
8.494084694957622084e-01,-2.363795154310906366e+00,7.222458705964827530e+00
5.358131320911540207e+00,1.784488764621599000e+00,-3.923151872081285685e+00
3.709811566930864668e+00,1.994402371015473907e+00,-6.345309844422011736e+00
-9.820597676142667209e-01,-2.317155496938073433e+00,7.410616735809107070e+00
-7.548456270897339948e+00,9.451791935739932704e-01,9.164120228726523321e-01
3.902902226222736193e+00,-2.950064197877031891e+00,2.886270534366720764e+00
-3.561556212189413984e+00,-1.702656837202654386e-02,4.410318137789455584e+00
4.284622870875628209e+00,-2.037218466122803218e+00,5.744443015649810746e+00
-3.696669084351611900e+00,3.549258017275403798e+00,-4.117014874942935165e+00
5.315113820702149106e+00,-4.771367496803241015e-01,7.635903948166852251e-01
4.819728087173397846e+00,-2.219882828712064882e+00,1.345946758237478891e+00
3.461969261806010056e+00,-1.742091038144568879e-02,-5.010706374018067066e+00
-5.793613045540159767e+00,3.028957162285267124e+00,-1.605022025130358632e+00
7.352886578100813253e+00,-7.300020579496140360e-01,8.017185942339238869e-01
5.738307986395710714e+00,1.487807024598461147e+00,-3.794585845615881414e+00
6.238251309761452035e+00,-5.526944729103649978e-02,8.271175615118593338e-01
-1.283306882181912412e-01,9.610607110393543095e-01,-6.292469231438619026e+00
4.408179814842353217e+00,-4.251187142780555317e-01,-4.931461985282872718e+00
-3.320404732603764675e+00,1.646621693457339441e+00,-6.077383992441234284e+00
5.488570213274375220e+00,-3.329168249082299358e+00,2.716925724949117882e+00
-1.158280034310418816e-01,2.639853545786083888e+00,-7.208849525032362315e+00
9.783008767970307051e-01,-3.384456758330862236e+00,6.694504727953566992e+00
-4.721241445109379598e+00,1.538885331963572856e-01,5.387406198473449592e+00
7.101934094357172711e+00,-7.980579681261071867e-01,-2.604997419445810536e+00
4.696737382097981417e+00,1.541381744065908554e+00,-3.092167867565537520e+00
-3.100798749138057531e+00,3.562567453490905756e+00,-5.154667342897574223e+00
-3.872291011691963991e+00,1.954618142851534346e+00,-6.008025961010441840e+00
-4.425351875261474000e+00,2.352772908039732602e+00,-2.018208163332076310e+00
1.352405839950496569e+00,-2.926630547427191420e+00,6.963739321145718364e+00
-3.402825490640204453e+00,-2.665755250930851528e+00,5.750552622584081952e+00
-2.656281984028629140e+00,3.163127073553558599e+00,-4.131354457061498842e+00
7.414957758860301951e+00,-1.301981489757685129e+00,1.393126167021724315e+00
4.788329356015349703e+00,-1.105625163683124912e+00,1.695395115102014127e+00
3.658407234915187711e+00,-1.079347701865110309e+00,4.994774588238182211e+00
-6.640744491304672259e+00,2.846271210868597912e+00,-1.653506764004649021e+00
-4.388692290434335064e+00,1.382887672849018257e+00,-2.093788411005843120e+00
5.545413890932898715e-01,2.754405386144851864e+00,-7.182945426337084882e+00
6.583778780585357815e+00,-2.016632695458557389e+00,3.261131395042870196e+00
4.343718686478087676e+00,-4.518229315957943415e-01,-4.696819436660895519e+00
-2.680783317462002380e+00,-1.299713195439670566e+00,6.913999702488298205e+00
-5.195693581446333198e+00,6.683847090287341475e-01,-1.890070042417833163e+00
-4.666802887494809760e+00,1.198241391100818287e+00,-1.314914104809635775e+00
4.389991801113862557e+00,2.182415420495323666e+00,-4.358004915227938980e+00
-6.089310112725948798e+00,2.373719969007543895e+00,5.849644773711126788e-01
-4.818682307487725858e+00,9.478025019520940342e-01,3.502609513271614627e+00
7.363353853686308348e+00,-5.437840470088426414e-01,-1.774707422115658462e+00
4.736945858301361945e+00,-3.157179135239120416e-01,-5.066074221882374218e+00
3.669589186302887995e+00,-3.408770398313761163e+00,4.256676592822722149e+00
-7.308639624591317663e+00,9.484926535838774653e-01,-1.399507287471263517e+00
7.013388340872420024e+00,-1.891031147102939958e+00,-1.063003411377619001e+00
-1.535715285852369050e+00,3.439851162606767598e+00,-5.345769211864560333e+00
-4.771067221218086907e+00,2.533425018188043332e+00,-1.879274841019912490e+00
-4.968991713992198633e+00,3.094607665677029384e+00,-5.112799374854575696e+00
5.928197882532370677e+00,7.055017722040638484e-01,-1.561283259231308840e+00
-5.343050924661786993e+00,2.995937347972333686e+00,-1.798661600979041042e+00
5.057792542033039407e-01,-2.456563238434804841e+00,4.738193759597600696e+00
-5.581651409238557626e+00,3.154133832965960949e+00,-2.304031420324134327e+00
1.927229332807799400e+00,2.932129639689361689e+00,-5.384477890269510070e+00
-2.002574981608834737e+00,-2.946768438288588587e+00,6.345894427851315633e+00
2.987937153998466933e+00,-1.719739758863500390e+00,3.669996710365667880e+00
-2.167192881775604096e+00,-2.126654438206136144e-01,5.362049598427310215e+00
5.079846941665696614e-01,6.792530542067048982e-01,-5.948922923812635766e+00
1.813450430588677387e+00,-3.646486122525072648e+00,5.155943336255487175e+00
-6.038498125445006082e+00,1.588292622005352372e+00,2.380964842523479952e+00
-2.205011801544251249e+00,-1.576972703829129907e+00,7.027742983918980890e+00
2.959801218581527671e+00,-1.571696957768246472e+00,6.167246721807226884e+00
1.436368238187623270e+00,-1.246663642392738192e+00,5.209067839852069781e+00
3.719832962157033407e+00,-8.824332304958512618e-02,-3.916601509783661950e+00
3.064355650432566414e+00,-1.169165636793592311e+00,4.820908578213955131e+00
-3.921729642761296208e+00,3.071792621408612201e-01,4.314877716367215399e+00
-6.039172522141273980e+00,-1.126914946839428389e+00,4.422139763112015842e+00
-6.239069713655046812e+00,-7.520596248713066201e-01,1.768475820187303649e+00
1.912318143674797799e+00,-3.498572416740000079e+00,5.365818368534006844e+00
-5.864023172182674770e+00,2.414076562427054373e+00,5.415658848837159173e-02
-8.807290647326340149e-01,3.291856547205632033e+00,-6.657195041661481127e+00
7.259910346389274238e+00,-1.789345487464869100e+00,-5.276820791495511198e-01
6.962161142246004353e+00,4.248778301973220595e-01,-2.652523740190134482e+00
5.347739268465924845e+00,1.533451601784652507e-01,-8.259360170915094335e-01
-5.471661339222185561e+00,1.977395578679293386e+00,-4.914410133624992127e+00
-4.707119010903124234e+00,6.513058660799804223e-01,1.879094077698787668e+00
2.470006276342560092e+00,2.853767580743910237e+00,-6.393998542242611549e+00
5.334693881503873136e+00,-2.860332123670233928e-01,6.540469731265685649e-01
-5.746670567946448038e+00,-1.670953338394659760e+00,3.396677805570929909e+00
6.325728052496507381e+00,-2.489652585754735359e+00,3.431380001346846953e+00
-2.275756190996900408e+00,-2.984176806596896547e+00,5.806715556008393619e+00
6.890154937388080825e+00,2.953329055286747495e-01,-3.137087440190225784e+00
5.892901153388073077e+00,1.415234211901384764e+00,-4.088572742895288492e+00
2.899028147810543299e+00,-2.836690411097757991e+00,3.826713882170592385e+00
1.816095452716088632e+00,-3.456667914663243746e+00,4.965792136777247734e+00
-5.533175460930588763e+00,1.275518871187664605e+00,-4.247900828017148633e+00
-4.109900035589174827e+00,4.268478621246847848e-01,4.147633853256266434e+00
6.245364031981836206e+00,3.530611788926036332e-01,-4.611707274069814844e+00
6.989669767909380660e+00,4.372344495343450932e-01,-2.172227701316000292e+00
-6.147632752976811332e+00,2.583671974176900310e+00,-1.493876831837034902e-01
-4.933681473212987001e+00,-2.023660329932352564e+00,4.575321528275490657e+00
-6.679003557527044777e+00,2.660746818788231050e+00,-2.534308760280211015e+00
-6.132552953768366955e+00,-1.896293832487423447e-01,1.317593899621733178e-01
-3.698539891680895586e+00,-7.156769922104880832e-01,6.433084742591743677e+00
-7.072825580676651569e+00,1.308640087366213844e+00,-2.138964186220352115e+00
4.276688957817333936e+00,-3.480424485696323789e+00,4.711460438509384119e+00
2.622176650729404646e+00,3.328051837295283866e-01,-4.769999311680989784e+00
3.977519395772628030e+00,-3.192100834841145041e+00,5.431736490682270713e+00
1.795985872813808726e+00,2.668532399833342783e+00,-4.924587260822966606e+00
1.478623903051943689e+00,-3.083407911369803411e+00,6.725866978556370945e+00
2.621471452379916744e+00,3.330223585668387054e-01,-4.684991561278786243e+00
2.806682190436625479e+00,-1.606298667748752740e+00,4.142834764085955968e+00
6.871296794216531501e-01,7.481524465737793284e-01,-5.909360364711125690e+00
-2.548101235231310824e+00,2.898519031170143645e+00,-6.662286788047122599e+00
3.126666799965002852e+00,1.528610351604701156e+00,-6.787220418715926407e+00
-5.921771397853709651e+00,2.587534498417348061e+00,-7.211472281230221770e-02
4.092001044356358141e-01,-2.401872812931131307e+00,7.300244100463543440e+00
7.289011557847648426e+00,-1.857390435779441740e+00,1.824402474893323411e+00
3.934031492018426057e+00,-2.470931446218056493e+00,2.916534343122871853e+00
5.481816315639171044e+00,9.099091564106277508e-01,-2.156937885272779631e+00
2.927561320290824387e+00,-3.293362967201735270e+00,6.250129229167607825e+00
-2.238541222853068113e+00,-2.556289680591881108e+00,6.717344373690802506e+00
1.215388444184304806e+00,-1.025197383493073211e+00,6.021994055476560526e+00
-1.186362228838643507e+00,1.330744727929558113e+00,-6.577623716238676366e+00
5.396778952452512712e+00,-5.911621052917743757e-01,2.395066849776740447e+00
-1.812490048558520694e+00,-3.033623502320508258e+00,6.247470645195421390e+00
-6.790073335912277130e+00,6.113561990210957253e-01,-1.657718933888203461e+00
5.220928097034654769e+00,-5.685151037121742856e-01,3.341356428742184859e-01
-5.880896548217986464e-01,-1.602127559080776198e+00,7.194522620635100729e+00
3.089431083575856718e+00,1.395114075642753526e-01,-5.991542294534502489e+00
5.065852795159520028e+00,-2.067139528758352718e+00,6.090852467357257272e-01
-5.319103484754605482e+00,1.179167659202127405e+00,-4.188032325665700384e+00
1.619411315083070901e+00,2.906346431935470154e+00,-6.823645465329257753e+00
4.470614583661245867e+00,-5.928348235972489277e-01,-4.085873512767228988e+00
6.583657095805907744e+00,4.483292742492166472e-01,-7.674692921957505520e-01
-5.254320676710006133e+00,1.839234203828807201e+00,2.511799940958009958e-01
7.358938317369813298e+00,-1.652526688132760269e+00,8.556137195410984386e-01
-5.346500745302039448e+00,2.416975165345178755e+00,-3.262050780750039847e-01
2.267856576344882136e+00,-3.511515486349642057e+00,4.741656006732577033e+00
-6.747085300004679098e+00,4.501029620907199824e-01,-1.425755716549001573e+00
-5.463122850852864865e+00,2.277066116774018045e+00,-6.892598345693052957e-03
-1.353835565950713526e+00,-1.578824719692532241e+00,4.820949613789148991e+00
-7.146441033002800758e+00,1.652251021609894899e+00,1.113895952279694512e+00
1.861069812605045337e+00,1.453515395825944134e+00,-7.169856977813688914e+00
4.829877175406306122e+00,-1.144320280790208200e+00,1.244162646552920526e+00
2.415439437577217019e-01,-1.836251186612263719e+00,4.717822797452741135e+00
6.434085848997254331e+00,9.726744485767572224e-01,-3.931189463016171448e+00
-6.023232594007730256e+00,3.363310686644630509e-01,-1.441612112515795907e+00
7.748122387879647910e+00,-8.336639873510384158e-01,-7.489100079923481923e-01
3.286174030430274229e+00,-2.085628626891050441e+00,3.530722040919290983e+00
5.603593216017200840e-01,-9.739556671632849660e-01,5.719825173821964981e+00
1.849996126380331618e-01,-1.720619283664270416e+00,4.858871984986050663e+00
-5.683550804117234456e+00,-8.080174604245119463e-01,1.732779579877230525e+00
6.600447424640508487e+00,-2.777286986446001915e+00,2.499237751832760868e+00
8.853912012960158950e-01,6.443035140922159787e-01,-5.473969668234248687e+00
-6.290574349856361991e+00,2.875337180992753261e+00,-2.099585896191541234e+00
-7.068366147933073051e+00,-3.170071503928342249e-01,1.212857350095194464e+00
-6.547045305350615019e-01,1.418316895426017910e+00,-6.877651641568269802e+00
-7.208515839827819960e+00,2.047118046574794459e+00,-1.796573939052199087e+00
5.695876162886370331e+00,-7.758963393836267874e-01,3.286032600485317978e+00
3.976742731843473933e-01,-3.299095990491486496e+00,5.155353997475896399e+00
-4.056209205583978239e+00,-1.230617602451957504e+00,6.439018220007536542e+00
-4.614889487844059168e+00,3.352513717435670060e+00,-4.739706868990793964e+00
2.038982275672261313e+00,2.437490695012397790e+00,-4.746812384576773347e+00
-4.039375135562314867e+00,2.799771564717948635e+00,-5.876975548796718130e+00
-5.921522596929376547e+00,-1.057425765343666724e+00,2.229307663586359567e+00
-5.652582327316853394e+00,1.051301987261425319e+00,-3.919651740737311041e+00
-6.785279379889904483e+00,1.642427370081279925e+00,-3.070922199890602666e+00
2.584507020041578951e+00,8.565974289866303826e-01,-4.310498953217236640e+00
-2.824155410625330820e+00,2.596042431698233788e+00,-3.784958475520463050e+00
-3.309861088694297848e+00,1.531041621029140432e+00,-5.987938188497429870e+00
1.847819955655881863e+00,9.354280507172987313e-01,-4.925843407702050314e+00
-5.268098047718877686e-01,3.049621416631006277e+00,-4.887623084780020832e+00
2.644788449146661780e+00,-3.171842250303832156e+00,4.161943924770967307e+00
-4.832932435755428635e+00,-6.975489079432035666e-01,2.128165760010725549e+00
-5.062145272472863944e+00,4.960099521681292090e-01,4.755278789775947423e+00
-3.745401265498382593e+00,-1.213524920674685204e+00,3.536307173726244812e+00
-6.979017937721946119e+00,1.366744979750061484e+00,2.144037686554342237e+00
-5.949292111420985130e+00,2.721260897804287815e+00,-6.892864098708512133e-01
3.114083617792247072e+00,8.020781050543220880e-01,-3.875476187869417277e+00
1.974407123928884067e+00,-3.155707323926945751e+00,4.423364135670064812e+00
-3.813299481892538090e+00,-1.117636950539160567e+00,6.474679285018630104e+00
3.986016508341521991e+00,-3.641395617691191244e+00,4.452827934779152841e+00
-4.805013494885172598e+00,1.002451642066454651e+00,-4.134757008998124483e+00
-1.849050898621180661e+00,3.533573917690598698e+00,-5.818977750663917980e+00
3.833491018343776702e+00,2.375984738511549565e+00,-4.758602203898378846e+00
-5.438454012564781337e+00,3.060308352560691780e+00,-4.279757708112115644e+00
1.696567897233002498e+00,-1.984481131023638101e+00,4.471296313989706839e+00
1.902757858261098889e+00,2.536426191733258229e+00,-4.718963649027720919e+00
2.942896854797643069e+00,2.497879801143568557e+00,-4.809953915135428915e+00
3.924603146948293819e+00,2.179043590688994059e-01,-5.981209207756327473e+00
4.062020544968095059e+00,-1.852343950483712962e-02,-5.545427874242090382e+00
-4.200432904481982810e+00,1.121061349488150949e+00,-4.115298865143864226e+00
3.434525008258610956e+00,-1.739672551536092904e+00,3.453861314197392396e+00
4.459955492080463380e+00,-3.354371468617010965e+00,5.092678023241913543e+00
2.282293135284227503e+00,-2.126545015474971212e+00,4.122295290512539623e+00
-4.695532659868145053e+00,7.097604668938519712e-01,2.355976255969447042e+00
-3.837942371572604205e+00,3.169104630772630049e+00,-3.310915877221845882e+00
6.346870006985252388e+00,-1.640563762950164817e+00,3.645037811506552039e+00
-5.002433707981636779e+00,-1.082559874681308543e+00,2.294900248140298249e+00
2.483606583680960433e+00,2.156846276022964304e+00,-7.020144930791102134e+00
-1.979600563083521392e+00,-2.962438091641341753e+00,6.018652345805539206e+00
3.661211719926870334e+00,-1.564225885059906673e+00,5.997583682190870569e+00
-5.106130263904142375e+00,-1.107859939424812756e+00,5.624455835341765741e+00
-5.223730875249688488e+00,3.258830647638580658e+00,-2.884659968710730826e+00
-4.662128993179234904e+00,1.217983280124594225e+00,-4.841967837012530751e+00
-1.710058645351942574e-01,9.641287843284883641e-01,-5.556273679890657569e+00
2.089599826529696447e+00,-1.803472698006448827e+00,4.255877702965509712e+00
-8.072980093159980441e-01,-7.589166697054164912e-01,6.467919133669211007e+00
3.692494992875465343e+00,1.080181675040961631e+00,-3.470270816918605838e+00
2.704155416168962489e+00,-1.956632703822083652e+00,3.851540051167464451e+00
6.030115681849132159e+00,-1.077182188814785224e+00,-3.705677362378245299e+00
7.033603218452946670e+00,3.624248286700847976e-01,-2.847354450476017984e+00
-1.746834340053980417e-01,-1.473676319382795974e+00,7.175141620752970795e+00
-1.437579079355102429e+00,-2.607144221118952387e+00,7.091425572397247024e+00
-4.477395448165466973e+00,3.410770270293158379e+00,-4.821273292311936132e+00
-6.718357538204626778e-01,-1.049311636567075823e+00,5.141707506941726180e+00
-1.394916352726665254e+00,3.255689740438452606e+00,-6.552428304202780218e+00
5.789230428602027523e+00,-3.556926414070704090e-01,-4.710173748629063795e+00
-1.950290944645003854e+00,-8.723570678697266656e-01,4.590737390046601085e+00
-4.522843522375615599e+00,1.946369308073558901e+00,-1.883987838396228520e+00
7.582156175707555512e+00,-1.237943663872755673e+00,-3.744925459633223763e-01
5.005501234809425881e+00,1.027333153108252128e+00,-2.492176017581414715e+00
7.327392185329815177e+00,-3.462745998490412425e-01,-1.561948018988514875e-01
2.048314635872126921e+00,-1.147412263504856256e+00,5.087488157583746506e+00
-3.374239080770339072e+00,1.704710856991920043e+00,-3.720775199908776809e+00
-2.470984748135245823e+00,-2.351788936427439580e+00,4.695475884163524682e+00
2.008009446126910014e+00,-1.873183258950482211e+00,4.334014292454141604e+00
3.578598107550497787e+00,2.516995808430794845e+00,-5.773865338455723695e+00
6.943247656966705428e+00,-4.740807702470749563e-01,-3.051952662211573131e+00
-6.481082856765040923e+00,1.010979051112846250e+00,3.177582731717011111e+00
-3.986836102813146709e+00,-9.179574119206569405e-01,3.222002529966000672e+00
5.034732328773897869e+00,-1.073700651247713633e+00,3.361661627412831921e-01
-6.412490980777257654e+00,5.959158609117227723e-01,-2.090769944940539027e+00
4.041787780740956570e+00,4.123863301947544024e-01,-3.069660348670063321e+00
-6.552767213720452233e+00,1.883425143612551533e+00,-3.224323324116078471e+00
5.137028756311329936e+00,-6.489027341172994845e-01,3.256849001715331204e-01
3.196776351503695324e+00,-1.936994832351773166e+00,3.377158169288291489e+00
4.780577748444183150e+00,-7.158561324104468770e-01,3.189723180882520825e+00
-5.841555280513736292e+00,1.802763564614022762e+00,1.723165357652332030e+00
5.758314343272869174e+00,2.176107981581906423e-02,1.503927387013916372e-01
-3.018214415923208271e+00,3.261530114729213725e+00,-4.106101592408089473e+00
4.455930944149896766e-02,2.373992992557038662e+00,-4.766192071498597471e+00
-4.563959463150598417e+00,2.266827903807996647e-01,2.344450123166464728e+00
5.444603101267350809e+00,-5.777009631465765960e-01,-4.373486093971989064e+00
-4.486521350812499698e+00,-2.086681037778272518e+00,4.187262288338991389e+00
4.071527128875823465e+00,-3.675515418847355775e+00,4.254250433245639229e+00
6.393170982741036568e-01,3.243337955800257522e+00,-5.684250900565031017e+00
-3.779677403123987700e-01,3.453427707226084831e+00,-6.373948372789520533e+00
-4.432718066866958018e-01,-2.509010022396644946e+00,7.152481879960836508e+00
-6.438400253944595031e-01,1.143702840299684054e+00,-6.764259264000438421e+00
-3.334155576106110797e+00,2.511538259737449597e+00,-3.331412063736841844e+00
5.763887697487640516e+00,1.520522303949355614e+00,-4.494219356543339927e+00
5.490745795017912378e+00,-1.148377527378740215e+00,-3.413842755399790985e+00
-4.502131036665579789e-01,3.031597490207236678e+00,-5.078100161186520189e+00
3.298033648079621738e+00,1.024518878107666175e+00,-3.818979132249055386e+00
6.209042823326305083e+00,-2.140307938329348403e+00,-9.161437825056512052e-01
-4.643110856320477708e+00,-1.881399654167229096e+00,5.818730282337348569e+00
-2.985719690629061951e+00,-1.467545346459526501e+00,4.161132473148658306e+00
-6.447420669233382418e-01,-2.410546573246607593e+00,4.788708832094116907e+00
-4.237378398298336180e+00,-1.509210784466003208e+00,6.243105424390323677e+00
-4.754164327928845912e-01,-3.277170673457463934e+00,5.422445324668987432e+00
5.396812367444591807e+00,-4.018355963353309468e-01,8.037691176795950243e-01
-8.007623748831697030e-01,1.536326059172395286e+00,-4.861227925196216937e+00
-4.621520694502490478e+00,1.097528521242191912e+00,-3.996787604431422558e+00
-2.156292741350152864e-01,-2.109303662023664483e+00,7.315481960976454978e+00
5.561206202347943162e+00,-3.582750004522978204e-01,-4.788528115716880862e+00
-4.694059582842257328e+00,-1.432222636589833842e+00,3.187340587601823039e+00
3.576344045498200952e+00,1.025857656723496020e-01,-4.037300138624262402e+00
-4.426093057943431219e+00,9.426954107479791345e-01,-3.967064436093747037e+00
-1.833058496335239207e+00,1.842572270338042495e+00,-7.048820333680143158e+00
7.397694401434937284e+00,-3.006745300395702869e-01,-6.506452706654617391e-01
4.201470744295267679e+00,-1.764641817242113664e+00,5.639962314552178668e+00
9.128621123153024541e-01,-1.875779099129494698e+00,7.203531387104133543e+00
-2.999856141038753865e+00,3.575059294771502305e+00,-5.340613207565468201e+00
-6.790770592022662200e+00,2.264183785541772131e+00,1.841098235543713046e-01
2.652239267112459054e+00,-2.827171065668549144e+00,6.527516707417580832e+00
2.827286779325222987e+00,5.988262574656066928e-01,-4.294443662388512273e+00
3.639646229736345773e-01,8.268420216793395117e-01,-5.325585675355119619e+00
1.094914635813882153e+00,2.166436354587510937e+00,-4.793171722477898911e+00
6.886154301493372820e+00,6.472829513949645008e-01,-2.148479099939227588e+00
5.354636778653770079e+00,-3.156211468056221658e+00,4.077732259398048953e+00
2.791243036415317125e+00,-1.448020341882191087e+00,4.159675602782814785e+00
5.726646579884304700e+00,2.279775674756354120e-02,-4.835046487117510061e+00
-5.821112340775082217e+00,-9.277815547664916007e-01,1.921063479455925149e+00
-5.685241682670685748e+00,2.371098776361933780e+00,-4.635076256392243188e+00
-4.490950402176800083e+00,-1.363211046053850461e+00,3.148973045649159364e+00
3.907851151006692447e+00,-1.158994584735314026e+00,5.005347809253810176e+00
4.422923204789796614e+00,2.849406754568835076e-01,-2.763377947851752836e+00
1.652404206419506361e+00,7.299640229194003238e-01,-6.748541877548265511e+00
-6.926537859471608272e+00,-5.307391561548466807e-01,2.398495142711011052e+00
-3.125403327683991872e+00,1.454602709862328203e+00,-4.201674094020698469e+00
-3.917620652866367958e+00,2.789168064708980044e+00,-2.979347918074801260e+00
-1.401926251713961014e+00,-5.460140921355501886e-01,5.962362038062967606e+00
3.073269302886687537e+00,-1.429613764109809670e+00,3.998071214821524055e+00
-4.088627861974958755e+00,-2.322665394256957949e+00,5.007799985739625370e+00
3.944393204177842893e+00,-2.449081283106362417e+00,2.844792157222340911e+00
-8.776435307494535598e-01,-3.284458734841498195e+00,6.671034062943995480e+00
-4.532932121798760150e+00,6.109258331421751897e-01,3.025825624545115389e+00
3.278365174722480457e+00,-1.301119657178033684e+00,5.907439868420822471e+00
6.707939414600546435e+00,-9.324163186931532232e-01,-3.510185638526211349e+00
-3.132686172975361671e+00,-5.949754906444820746e-01,4.190369150745040017e+00
3.913004320595087293e+00,-1.336229613135316407e+00,2.999027150000334707e+00
6.816831245436367759e-01,-2.577994197785932862e+00,7.092908519105010967e+00
4.835525636267900218e+00,1.936709617698773034e+00,-4.345386898912789064e+00
4.756175038317600468e+00,-3.403283075612903996e-01,-1.807294168575222182e+00
-5.963582341734783299e+00,-1.431697211307940920e+00,3.932866531038097246e+00
-4.318077246452842743e+00,1.714732877391433430e+00,-2.330215068058309136e+00
-2.101556137428438831e+00,2.488379405146988077e+00,-4.149635975692302026e+00
7.458690613644396450e+00,-1.306537232206314236e+00,7.155890441320046647e-02
3.646428097404928792e+00,-3.570787882022219861e+00,4.352904171763209540e+00
2.297375674449601668e+00,1.554574980861364919e+00,-4.384644855888296888e+00
-4.112362716288929576e+00,2.711472044797955228e+00,-5.756101212525173594e+00
-2.050226458158423526e+00,-5.629365391237528549e-01,5.122759947464954777e+00
1.778512219209697598e+00,4.544479294173479622e-01,-6.203330918006906280e+00
4.064312749210887254e+00,-1.460777222501578487e+00,5.448377951883139225e+00
-7.506401535147360526e+00,1.268053437208232603e+00,-1.023765137039233553e+00
3.308871756561775346e+00,2.397141966776399791e+00,-6.400515400125027732e+00
4.996910150918779436e+00,-1.458366945011888349e+00,1.700590773587253302e-01
-5.985393876734098839e+00,2.765388122573921859e+00,-6.227865071257515650e-01
6.698596346043565575e+00,-2.629037807864866849e+00,7.149269118495376052e-01
6.974382092605921457e+00,-7.014703797743385705e-01,-2.943741952580229526e+00
-1.524554286320505936e+00,-6.001458353826062408e-01,6.018773450683450044e+00
-1.090064207333800050e+00,1.006936313782931025e+00,-6.140628662446787622e+00
5.340944287992214434e+00,1.421679401098219886e+00,-2.852213828610263402e+00
7.140625421372975623e+00,-1.873174850661238011e+00,1.887427159501015250e+00
2.006060449691362102e+00,2.760710089195796524e+00,-5.126102910804733348e+00
-2.367294957436775871e+00,-1.977114449475026348e+00,4.590913182327431841e+00
4.412764191897251109e+00,-2.068833778899827447e+00,1.990995094461014192e+00
5.524407614922163923e+00,-1.968844986081967896e+00,-7.515011372159772218e-01
3.477899382900095482e+00,1.333287832691696373e+00,-3.855303227182541814e+00
-7.345065718165874280e+00,1.762062655297843561e+00,7.561351554419398768e-01
-5.114467888742010970e+00,1.612448941638396027e+00,4.993306437081764804e-01
1.200645613218345842e+00,8.091319007073609626e-01,-6.613829866683505365e+00
4.621364127268236643e+00,-1.724101087120498255e+00,1.139419809575631604e+00
4.437926514411349999e+00,-1.641893499287834457e+00,5.449145262920686683e+00
-6.131364567726701686e+00,7.726292799355960472e-01,4.241581906877261332e+00
-1.593829126148591513e+00,-2.831598279525273210e+00,5.335941138472874989e+00
6.694372249091162352e+00,-1.450631039899046959e+00,-2.327783313199742743e+00
4.241229483021004221e+00,-5.335760641811341243e-01,-4.724362340749870270e+00
-4.599847358131797570e+00,4.661781009042315627e-01,2.248153954786143327e+00
1.336599883278120071e+00,2.249266742413483122e+00,-4.844568414152329083e+00
-4.401569292898170005e+00,6.211229259280767190e-01,3.914719250287148178e+00
-2.384837974329343246e-01,-2.154590361756267392e+00,7.332833066695471302e+00
-4.746574207955106317e+00,2.981931138511372037e+00,-5.259039686600221586e+00
6.071860784555513924e+00,-2.144534070672505788e+00,-7.263542099898115945e-01
3.431288235802782971e+00,1.278433383757060282e+00,-3.692927048420409974e+00
-7.156247619826024753e+00,4.415810455357712105e-01,2.525275498421610809e+00
7.682439594297006957e-01,3.279590562952436894e+00,-6.456150006720143608e+00
-1.187342896349243171e+00,3.251366202301128272e+00,-5.262612207422509236e+00
-2.386597844078345076e+00,-2.804546148050675480e+00,5.051488334538492886e+00
-3.532020614158174254e+00,-3.097220331474367372e-01,3.796479411223351974e+00
1.756710390469512051e+00,3.028637764038239144e+00,-5.464795789270107562e+00
-5.575704141051685880e+00,-7.191516503150754414e-01,5.312163032679307229e+00
-1.451963024985539752e+00,-2.471634518306081496e+00,4.810671757661943992e+00
-3.551936523160702297e+00,3.519503786902161035e+00,-4.422116878301241449e+00
2.971478841960344841e+00,2.312389562158171152e+00,-6.438073877886500540e+00
6.867868177082840475e+00,-2.007231780556637091e+00,2.654934695167687764e+00
-5.360699130197328799e+00,5.957713970687406047e-01,4.580349635988833157e+00
5.285942215730610627e+00,-6.786800581564634838e-01,2.337217178478169455e+00
-3.811503335610705978e+00,-1.253147908348201556e+00,3.477480875027735063e+00
5.343774861599093207e+00,-2.290853834071361561e+00,4.469166690606569681e-01
-5.379457858478691179e+00,7.727926678009375827e-01,-2.938208103012580619e+00
-5.968642302014791845e+00,2.442306927273128758e-01,-1.267822000632341739e+00
3.830876734327195887e+00,-2.529751157119277227e+00,2.841844336303965157e+00
-3.885688998742494960e+00,1.669321820944694945e+00,-2.827417579396449554e+00
9.839156212069327667e-01,-1.612324223511741206e+00,6.954395734778312743e+00
3.820850889078724055e+00,2.229389776757676245e+00,-6.096785338935958976e+00
2.349889500273305565e+00,-2.467520593079813196e+00,3.974590938207973601e+00
-7.323114994896118723e+00,1.148610050272831806e+00,1.852564977247233902e+00
2.173890397429838472e+00,1.798434482363499454e+00,-4.389631762704849116e+00
-1.497694206723833688e+00,1.084772132792023003e+00,-5.548335492778242006e+00
1.377616649975224483e+00,-2.952453755990356754e+00,4.604038626283712965e+00
4.894525888594018603e+00,-1.018457252951832093e+00,4.477042420227198782e+00
-7.414378436767701253e+00,1.245773036380222638e-02,1.282596748372563544e+00
-4.320317235716831128e+00,1.046091066232882172e+00,-4.677534132498683661e+00
-2.061878797006721165e+00,-2.998191979629072357e+00,5.946813572923940860e+00
-2.485937662901695155e+00,-2.581705340550879413e+00,6.536252887229205832e+00
4.759837924762917893e+00,-8.241201246842293493e-01,-3.113666074156578922e+00
-4.077346718220979938e+00,2.160321873208149501e+00,-2.447864615728433169e+00
4.852806948108336016e+00,-6.203387986091426498e-01,-1.238785478603268597e+00
3.190930831841307658e+00,-1.990864344258973517e+00,3.601013530259807194e+00
5.037076573492575982e+00,-9.572903099193607046e-01,-3.739612298297816828e+00
-1.709203561476023037e+00,-2.962656549944893136e+00,6.373375798620962485e+00
7.391501541241285445e+00,-5.990572927880304377e-01,-1.921541720053635549e+00
-5.033217705352121207e+00,-1.556324169244323707e+00,3.033555871531017356e+00
1.120090249074857658e+00,-1.040439948355823541e+00,6.440306216110402993e+00
-2.886721417703053572e+00,2.024835826994113130e+00,-3.756897213910769917e+00
-5.040965465963016534e+00,1.376487822613463141e+00,6.442873341230704876e-01
-2.380030003217042278e+00,1.383154993289107626e+00,-6.349173207001968855e+00
-6.079788160957248166e+00,-1.138081079652792038e+00,3.110819123594923408e+00
2.903511756885261530e+00,2.587296326667991586e+00,-4.954772437237611626e+00
-1.397725691469060116e+00,8.594528455819768764e-01,-5.752738761697424152e+00
3.615212942986389955e+00,-1.324954739555153749e+00,3.603847329105963393e+00
5.228446682010438051e-01,3.263209697505336848e+00,-6.750144285173511172e+00
-5.120655554065181470e+00,1.572072168720140883e+00,3.223487196620877793e-01
-4.718686106049104545e+00,9.137032029888461082e-01,-3.569967675865243439e+00
-6.895442264165970947e+00,-5.651699101689937610e-01,1.468205592997141595e+00
-4.179854002465535956e+00,3.246797776912729638e+00,-5.423147875467390300e+00
4.990200534602314164e+00,-9.472028168700968864e-01,-6.449842721881465790e-01
2.522730109836438750e+00,7.150552293926420999e-01,-4.537741452077340476e+00
2.037593610441997605e+00,6.403496070620472436e-01,-4.760776765538108357e+00
-8.775242905916800229e-01,-6.867967160402846938e-01,6.216390569436225810e+00
-5.064575930276807192e+00,3.205092493910473905e+00,-2.307066553956399257e+00
-7.134041314135608935e+00,5.062284977298138200e-01,2.890555688717285410e+00
-3.598996859762943590e+00,-1.215214242108456189e+00,3.607935640107240882e+00
-5.978766313351753681e+00,1.708740327022987560e-01,-1.159403744066200392e+00
9.917402707622194891e-01,5.921220560355787699e-01,-5.752843138362016440e+00
-6.035107445449240160e+00,1.874136287476016127e+00,1.690342937906136989e+00
-6.637168603656910193e+00,6.156147155413614104e-03,3.962055862608097279e+00
7.400155222523252974e+00,-4.222990079522602747e-01,-2.153419540270752552e+00
-2.060912366807642337e-01,-1.034763815594411218e+00,6.784326430007111775e+00
-3.270960760919746857e+00,3.029257229042767730e+00,-3.763599211044476256e+00
3.466748311146879313e+00,1.744265995832229521e+00,-4.113403381306437900e+00
-7.641330208856895734e-01,1.228128194566233677e+00,-6.783273834378025668e+00
2.290818464382629926e+00,-1.059218112658605104e+00,5.331499045579177753e+00
4.657632845736721983e+00,-9.144682858542675374e-01,2.395896221870578824e+00
-2.680048386901133561e+00,-2.027122200204471703e-01,5.714421071875800173e+00
1.613955740328333777e+00,1.285033898306678024e+00,-7.104943819974507413e+00
6.578728959202701176e+00,-7.868073204051365677e-01,2.273951863365220483e+00
-2.658278713310835428e+00,-6.194788717656540822e-01,6.704103689820254175e+00
6.246974800625572755e+00,1.169053857637442739e+00,-4.355931562871970364e+00
-9.621661052373913225e-01,-2.975323710694737667e+00,5.273434591460133269e+00
4.098978820396085965e+00,-3.011166998813343820e+00,3.085170947320290846e+00
-5.730344399540436839e+00,3.353572569998548580e+00,-3.268944671377949085e+00
-3.577112546608255172e+00,-7.666159905741859459e-01,6.373900772713906093e+00
-4.218553819145010486e+00,4.236244715487876844e-01,4.235789570153051464e+00
-6.867850115626306540e+00,1.251640600653870061e+00,2.649503204774690257e+00
-5.092675480293635815e+00,9.892796119787009568e-01,-3.760080535474238150e+00
7.158516768376408379e-01,3.174861313853784228e+00,-6.458167603355686737e+00
-4.307873389887013210e-02,-3.032173495876107960e+00,5.085413780020668462e+00
4.816305321332138512e+00,1.076690367307792995e+00,-5.908526318521088783e+00
4.209812224822006677e+00,-1.842191607213437443e+00,2.322483800150742628e+00
-5.830432886938344161e+00,2.246027536792061685e+00,5.381535853374566081e-01
1.394359333855445859e+00,1.814864488924753827e+00,-7.391945267010028076e+00
5.383024120101523202e+00,-1.285255096653688422e+00,-2.782977842345632169e+00
-6.771845807341900780e-01,-1.056794356804541035e+00,5.193016441014612461e+00
-6.497286884240986105e+00,-7.653975815263801552e-01,3.608424706751019340e+00
-2.233446055662121399e+00,-6.014791339873886145e-01,4.725313039074587884e+00
-3.216556464814854244e-01,3.508095380893038406e+00,-5.762508684798019587e+00
7.562341908590798134e+00,-5.229907678963505724e-01,-5.442839372719122659e-01
4.255731084656249053e+00,2.357219858077745034e+00,-4.979939832203334582e+00
5.382724469616442242e+00,-3.573923311291731797e-01,1.478863818142893694e+00
-7.472629326104615721e+00,8.830108830493449412e-01,-6.447036008698252552e-01
-5.206815215147677200e+00,1.163101420840637390e+00,2.051957413472435210e+00
-4.815516125655022961e+00,7.966098791672461266e-01,-2.893709216823284525e+00
3.480597050496814671e+00,-3.242666594801609126e+00,5.845275031434963076e+00
-5.131242848936760304e+00,2.084467264574127565e+00,-4.709428283631739709e-01
9.859456563956695563e-01,2.692777813645747642e+00,-7.021000353124012605e+00
-4.805001650437830563e+00,3.370180952517080719e+00,-2.969049877313428620e+00
4.598182781570391064e+00,1.414268895006444982e-01,-2.324688501976130972e+00
5.546732708531192380e+00,8.291684124436965453e-01,-1.515535519147285237e+00
4.582075600712784968e+00,-5.335229173498579058e-01,-2.575096966616258420e+00
7.264891711408013819e+00,-1.973462139926198233e+00,8.083567627930359212e-01
3.292280043415310775e+00,-3.473655509272460140e+00,5.529592924705582391e+00
2.078808062476482643e+00,-1.092254119536992363e+00,5.598892189563982491e+00
3.489333417799705295e+00,2.376216851149553833e+00,-4.663622492287487376e+00
6.908034619098331497e+00,-1.395645403576234456e+00,-2.034167353214940466e+00
5.084876587972640749e+00,2.016922494760360784e+00,-4.368118694852205941e+00
3.790892078396782772e+00,-1.240022857785010035e-01,-3.752105501531726173e+00
-8.928350758882203086e-01,-2.687461920989804742e+00,7.115621296235056015e+00
-4.933933674801916247e+00,9.200977173793550845e-01,-3.028306962374605615e-01
-7.080360309421698695e+00,1.964623781627944377e+00,-2.165067278948984431e+00
5.351139897788611322e+00,-2.430525717631259575e+00,5.042235110995043623e-01
-3.481234892627686150e+00,3.648414059415848953e+00,-4.732487656349243288e+00
-5.185547364356506428e+00,-8.562307550391292654e-01,1.995269284727634096e+00
3.918473820889897041e+00,-1.626493825113437985e+00,2.941616563861380484e+00
3.542776103565408619e+00,-3.023910234247221052e+00,3.301518505974148088e+00
-1.938752714708005032e+00,-2.695923184905581138e+00,4.973451884878564044e+00
6.300674492961270801e+00,-2.497365204595501265e+00,-3.069965218702230478e-02
6.052945185688082042e+00,-9.174012996138025677e-01,-3.757100720713184128e+00
-4.830389760659920206e+00,1.914240970322219404e+00,-5.358644566406599807e+00
-6.612876369326293080e+00,1.662275190801550950e+00,1.845329111095955765e+00
-5.101331756964187392e+00,-2.040526424194893662e-01,5.404257995337364839e+00
2.438218350450683580e+00,-2.102737811656962386e+00,6.853385922192869906e+00
-1.473439312967990356e+00,-1.274674655877887197e+00,7.027212760614287568e+00
